{"type": "FeatureCollection", "features": [{"type": "Feature", "properties": {"COUNTYID": "Z", "name": "\u9023\u6c5f\u7e23", "tree2pv_total": 0.0, "pv_new_total": 0.0, "tree_loss_total": 2.8, "tree_pct0": 43.38, "tree_pctN": 41.99, "pv_water": 0.0, "pv_farm": 0.0, "pv_bare": 0.0, "pv_tree": 0.0}, "geometry": {"type": "MultiPolygon", "coordinates": [[[[119.98406390784501, 25.970772727457717], [119.98618132650121, 25.970647714479853], [119.98656056566352, 25.969835130123727], [119.98738225051518, 25.97033518203519], [119.98747706030575, 25.968772519811868], [119.98861477779268, 25.968803773056337], [119.98858317452914, 25.968116201678075], [119.9845379567979, 25.964178292875307], [119.9849171959602, 25.96249061767412], [119.98042953253959, 25.959771585405544], [119.9785649399916, 25.959646572427676], [119.97922860852563, 25.956677514203367], [119.97853333672808, 25.955927436336175], [119.97717439639648, 25.956427488247638], [119.97619469522719, 25.955146105224514], [119.97464613531444, 25.95527111820238], [119.97448811899682, 25.953395923534394], [119.9729711623476, 25.953708455979058], [119.97135939590781, 25.956552501225502], [119.96744059123066, 25.95127070291068], [119.96551279215561, 25.951114436688346], [119.96494393341216, 25.949207988775896], [119.96301613433711, 25.948707936864434], [119.96209963969487, 25.94995806664309], [119.96061428630918, 25.949989319887557], [119.96074069936327, 25.950551878287953], [119.96213124295839, 25.95011433286542], [119.9643750746687, 25.955583650647043], [119.96557599868267, 25.956271222025304], [119.96503874320273, 25.958177669937758], [119.96374300939819, 25.95805265695989], [119.96367980287114, 25.95864646860475], [119.9662396672167, 25.958427695893487], [119.96958961315039, 25.96049041002827], [119.97154901548896, 25.96449082531997], [119.97151741222544, 25.96708484461068], [119.97455132552388, 25.96842873412274], [119.97872295630923, 25.96833497438934], [119.97850173346454, 25.96720985758855], [119.98194648918881, 25.96652228621029], [119.98295779362162, 25.967709909500012], [119.98197809245234, 25.9690225457676], [119.98377947847328, 25.969647610656928], [119.98406390784501, 25.970772727457717]]], [[[119.97578385280136, 25.975929512794675], [119.97594186911898, 25.97511692843855], [119.9773324127141, 25.974648129771555], [119.97584705932842, 25.971835337769576], [119.97401407004394, 25.97033518203519], [119.97461453205092, 25.97502316870515], [119.97578385280136, 25.975929512794675]]], [[[119.9445914317018, 25.98208640195456], [119.94389615990424, 25.981836375998828], [119.94506548065468, 25.98068000595357], [119.94790977437196, 25.981836375998828], [119.94847863311543, 25.9811175513761], [119.94772015479082, 25.978148493151792], [119.9464560242498, 25.978117239907327], [119.94651923077684, 25.97696086986207], [119.94193675756567, 25.9729292013259], [119.93969292585537, 25.97399181163776], [119.9384920018414, 25.973397999992898], [119.93729107782744, 25.97214787021424], [119.93833398552377, 25.970960246924516], [119.93501564285361, 25.967772415988943], [119.93153928386582, 25.967491136788745], [119.93248738177158, 25.969147558745465], [119.93330906662324, 25.96858500034507], [119.93321425683266, 25.97014766256839], [119.93049637616947, 25.971866591014045], [119.92916903910141, 25.97083523394665], [119.92885300646616, 25.972554162392303], [119.92423892999145, 25.97930486319705], [119.92525023442427, 25.980930031909303], [119.92689360412759, 25.98164885653203], [119.93163409365638, 25.981617603287564], [119.93340387641382, 25.97999243457531], [119.93722787130038, 25.98174261626543], [119.93887124100371, 25.98068000595357], [119.9399773552271, 25.98199264222116], [119.9445914317018, 25.98208640195456]]], [[[119.97281314602998, 26.168418245463293], [119.97227589055004, 26.1677619273295], [119.97309757540171, 26.16704310270677], [119.97243390686766, 26.166636810528708], [119.97354002109105, 26.165355427505585], [119.97240230360414, 26.164980388571987], [119.97268673297587, 26.16419905746033], [119.97126458611723, 26.162136343325546], [119.9700952653668, 26.16332396661527], [119.9707273306373, 26.16723062217357], [119.97281314602998, 26.168418245463293]]], [[[119.91703338590766, 26.175168946268037], [119.9183291197122, 26.17435636191191], [119.91994088615199, 26.175043933290173], [119.9203201253143, 26.17282495293306], [119.92164746238237, 26.17263743346626], [119.92177387543647, 26.171949862088], [119.92825254445917, 26.17201236857693], [119.92771528897924, 26.170949758265074], [119.92837895751327, 26.169793388219816], [119.92581909316772, 26.17010592066448], [119.92622993559355, 26.16791819355183], [119.92363846798447, 26.163792765282263], [119.92395450061971, 26.16201133034768], [119.92458656589022, 26.16122999923602], [119.92901102278378, 26.16051117461329], [119.93033835985185, 26.162042583592147], [119.93116004470352, 26.160011122701828], [119.9302751533248, 26.16060493434669], [119.9301487402707, 26.158667233189774], [119.93112844143998, 26.158167181278312], [119.93498403959008, 26.159511070790366], [119.93574251791469, 26.15851096696744], [119.93571091465117, 26.154479298431276], [119.93729107782744, 26.154323032208943], [119.93950330627422, 26.157354596922186], [119.94187355103861, 26.15888600590104], [119.94010376828119, 26.162136343325546], [119.93962971932831, 26.165855479417047], [119.94430700233008, 26.16494913532752], [119.95192338883969, 26.168168219507564], [119.9531875193807, 26.167199368929104], [119.95265026390078, 26.16557420021685], [119.95290309000897, 26.164386576927125], [119.95369317159711, 26.164230310704795], [119.95571578046274, 26.167636914351633], [119.95663227510498, 26.167949446796296], [119.96067749283623, 26.16829323248543], [119.96513355299331, 26.166605557284242], [119.96478591709453, 26.165199161283255], [119.96298453107357, 26.163886525015663], [119.96367980287114, 26.162105090081077], [119.96247887885717, 26.161448771947285], [119.9626368951748, 26.159448564301435], [119.96194162337724, 26.158229687767243], [119.95941336229521, 26.15757336963345], [119.95729594363901, 26.152229064829694], [119.95590540004389, 26.15191653238503], [119.95498890540165, 26.150635149361907], [119.95413561728647, 26.15094768180657], [119.95400920423236, 26.152135305096294], [119.95208140515732, 26.151541493451433], [119.95325072590776, 26.152322824563093], [119.95236583452905, 26.153385434874952], [119.94996398650112, 26.153541701097282], [119.9484470298519, 26.15207279860736], [119.94914230164946, 26.151416480473568], [119.9484470298519, 26.150978935051036], [119.9490790951224, 26.150103844205976], [119.94876306248716, 26.148572435227123], [119.94617159487807, 26.148291156026925], [119.94598197529692, 26.14669724055914], [119.94405417622187, 26.145790896469613], [119.94199996409272, 26.143228130423367], [119.93801795288852, 26.142915597978703], [119.93694344192866, 26.146009669180877], [119.93441518084663, 26.145697136736214], [119.93362509925849, 26.143946955046093], [119.93210814260927, 26.144572019935424], [119.92875819667559, 26.14144669548878], [119.93071759901416, 26.140352831932457], [119.93036996311538, 26.139759020287595], [119.92768368571572, 26.13988403326546], [119.9245549626267, 26.13782131913068], [119.92332243534922, 26.138196358064274], [119.92319602229512, 26.139602754065265], [119.92433373978203, 26.14094664357732], [119.923670071248, 26.14191549415578], [119.92104700037538, 26.142196773355977], [119.91684376632651, 26.141102909799653], [119.91374664650102, 26.14275933175637], [119.91257732575058, 26.142634318778505], [119.91301977143993, 26.145259591313685], [119.91188205395302, 26.145353351047085], [119.91014387445912, 26.144134474512892], [119.9088797439181, 26.145353351047085], [119.91045990709438, 26.147666091137598], [119.91074433646611, 26.14972880527238], [119.91507398356909, 26.153197915408153], [119.91418909219037, 26.15488559060934], [119.91580085863018, 26.1555731619876], [119.91766545117817, 26.15791715532258], [119.91728621201587, 26.159167285101237], [119.91523199988671, 26.160104882435228], [119.91251411922353, 26.159542324034835], [119.91504238030556, 26.162855167948273], [119.91734941854291, 26.162480129014675], [119.91772865770523, 26.165449187238984], [119.91839232623926, 26.165449187238984], [119.91870835887451, 26.167886940307366], [119.91703338590766, 26.167793180573966], [119.91520039662319, 26.16973088173088], [119.91690697285355, 26.171449810176536], [119.91564284231255, 26.172387407510527], [119.91703338590766, 26.175168946268037]]], [[[119.99534627292358, 26.238206740356787], [120.00005515918886, 26.237987967645523], [120.00141409952046, 26.23389379262042], [120.00523809440702, 26.23467512373208], [120.00634420863041, 26.23398755235382], [120.00536450746112, 26.22998713706212], [120.00650222494804, 26.22929956568386], [120.00647062168451, 26.227861916438403], [120.00334189859551, 26.22389275439117], [120.00574374662344, 26.22336144923524], [120.00653382821157, 26.226486773681884], [120.00928331213828, 26.228018182660737], [120.01408700819414, 26.228486981327734], [120.01538274199868, 26.226830559371013], [120.01323372007894, 26.2245178192805], [120.01449785061996, 26.223486462213106], [120.01051583941576, 26.221173722122593], [120.00978896435468, 26.219673566388206], [120.01038942636167, 26.21823591714275], [120.01124271447685, 26.218517196342948], [120.01168516016621, 26.217610852253422], [120.01159035037563, 26.214298008339984], [120.00963094803706, 26.214766807006978], [120.00922010561122, 26.218517196342948], [120.00754513264438, 26.219423540432473], [120.00666024126566, 26.22251761163465], [120.00334189859551, 26.222923903812713], [120.00037119182412, 26.21876722229868], [119.9991070612831, 26.219267274210143], [120.00062401793232, 26.22183004025639], [119.99834858295849, 26.222642624612515], [119.9968632295728, 26.21814215740935], [119.99307083794974, 26.218642209320812], [119.99060578339477, 26.214610540784648], [119.9890256202185, 26.215079339451645], [119.98962608222548, 26.21711080034196], [119.98757187009633, 26.218642209320812], [119.98381108173682, 26.21867346256528], [119.98267336424989, 26.21729831980876], [119.97780646166699, 26.21492307322931], [119.97584705932842, 26.21520435242951], [119.97252871665825, 26.211860255271603], [119.97287635255702, 26.20926623598089], [119.97145420569838, 26.20751605429077], [119.97262352644883, 26.206172164778717], [119.97287635255702, 26.201452924864288], [119.97135939590781, 26.19935895748504], [119.97344521130049, 26.19785880175065], [119.97354002109105, 26.195671074638003], [119.97287635255702, 26.19517102272654], [119.97578385280136, 26.19463971757061], [119.97597347238252, 26.193233321569622], [119.97354002109105, 26.19229572423563], [119.97319238519228, 26.194545957837214], [119.97088534695493, 26.19523352921547], [119.96747219449418, 26.19370212023662], [119.96642928679785, 26.19404590592575], [119.96649249332489, 26.19839010690658], [119.96554439541913, 26.202515535176147], [119.96668211290604, 26.203546892243537], [119.96560760194619, 26.204797022022195], [119.97101176000903, 26.212829105850062], [119.96857830871757, 26.21539187189631], [119.96883113482578, 26.218548449587416], [119.96740898796713, 26.21911100798781], [119.96747219449418, 26.221267481855993], [119.97126458611723, 26.220798683188995], [119.97862814651864, 26.225986721770422], [119.97976586400556, 26.226049228259352], [119.98020830969492, 26.225049124436428], [119.98324222299335, 26.224986617947494], [119.98836195168447, 26.230737214929313], [119.99322885426737, 26.23398755235382], [119.9931340444768, 26.236394052177733], [119.99534627292358, 26.238206740356787]]], [[[120.00447961608242, 26.250645531654417], [120.00615458904926, 26.25089555761015], [120.00634420863041, 26.249957960276156], [120.00504847482587, 26.247082661785246], [120.00356312144018, 26.24733268774098], [120.00327869206845, 26.24520746711726], [120.00112967014873, 26.24495744116153], [119.99762170789741, 26.241988382937222], [119.99619956103876, 26.241894623203823], [119.99531466966005, 26.243426032182676], [119.99819056664086, 26.249457908364693], [119.99964431676302, 26.249551668098093], [120.000845240777, 26.248489057786234], [120.00381594754839, 26.251333103032678], [120.00447961608242, 26.250645531654417]]], [[[120.00940972519237, 26.255427278057777], [120.0138025788224, 26.254770959923984], [120.01500350283636, 26.254145895034654], [120.01282287765312, 26.252739499033666], [120.00748192611732, 26.251958167922005], [120.0086828501313, 26.2529895249894], [120.00940972519237, 26.255427278057777]]], [[[119.98962608222548, 26.28186752287636], [119.9903845605501, 26.282086295587625], [119.99032135402304, 26.281117445009166], [119.98867798431972, 26.27986731523051], [119.9890256202185, 26.27802337380699], [119.9911430388747, 26.27899222438545], [119.99006852791484, 26.27724204269533], [119.99231235962515, 26.275804393449878], [119.99221754983456, 26.274960555849283], [119.9886463810562, 26.272929094958968], [119.98921523979965, 26.271928991136043], [119.98874119084677, 26.271053900290983], [119.99028975075952, 26.27061635486845], [119.99035295728656, 26.26967875753446], [119.98776148967748, 26.26811609531114], [119.98791950599511, 26.267147244732683], [119.98589689712949, 26.266522179843353], [119.98485398943315, 26.267115991488215], [119.98273657077695, 26.26630340713209], [119.9806823586478, 26.267115991488215], [119.98077716843838, 26.268522387489202], [119.9788177660998, 26.26967875753446], [119.98005029337729, 26.271272673002247], [119.97837532041045, 26.272054004113908], [119.9834318425745, 26.27380418580403], [119.98444314700731, 26.275804393449878], [119.98400070131797, 26.277054523228532], [119.98159885329004, 26.278335906251655], [119.98390589152739, 26.27942976980798], [119.98298939688515, 26.280273607408574], [119.98422192416264, 26.280461126875373], [119.984664369852, 26.279554782785848], [119.98681339177172, 26.280617393097703], [119.98618132650121, 26.282336321543358], [119.98684499503524, 26.28302389292162], [119.98880439737383, 26.28371146429988], [119.98962608222548, 26.28186752287636]]], [[[120.22977928175493, 26.34540536887657], [120.22636612929418, 26.343623933941988], [120.22409069432035, 26.339811038117084], [120.22292137356992, 26.339217226472222], [120.22307938988754, 26.33852965509396], [120.2215308299748, 26.338935947272024], [120.22064593859608, 26.33827962913823], [120.22045631901493, 26.336341927981312], [120.21893936236572, 26.33556059686965], [120.21811767751406, 26.33759205775997], [120.2194134113186, 26.338592161582895], [120.22061433533256, 26.341873752251868], [120.22206808545472, 26.34124868736254], [120.22421710737446, 26.344342758564714], [120.22886278711269, 26.347374323277954], [120.22977928175493, 26.34540536887657]]], [[[120.47988750929485, 26.383940619303655], [120.48026674845717, 26.38100281432381], [120.48228935732278, 26.380721535123616], [120.48345867807323, 26.37718991849891], [120.48153087899819, 26.371220548805827], [120.48349028133676, 26.3705017241831], [120.48443837924252, 26.37093926960563], [120.48494403145892, 26.369939165782704], [120.48614495547288, 26.370001672271634], [120.48810435781147, 26.37181436045069], [120.48861001002787, 26.370783003383295], [120.4905062058394, 26.371283055294757], [120.49145430374516, 26.37056423067203], [120.49227598859682, 26.370970522850094], [120.49221278206976, 26.37456464596373], [120.49344530934725, 26.37700239903211], [120.4958787606387, 26.378627567744363], [120.49853343477484, 26.377939996366106], [120.49963954899823, 26.378440048277568], [120.50055604364047, 26.37753370418804], [120.49850183151132, 26.373595795385274], [120.49926030983592, 26.37247067858448], [120.50125131543803, 26.37318950320721], [120.50251544597904, 26.371095535827962], [120.50567577233159, 26.371845613695154], [120.50583378864921, 26.372970730495943], [120.50690829960907, 26.372783211029148], [120.50826723994066, 26.36943911387124], [120.5110483271309, 26.368345250314917], [120.5113011532391, 26.365251179112743], [120.51019503901571, 26.364626114223412], [120.50776158772426, 26.365344938846142], [120.5064658539197, 26.367063867291794], [120.50419041894588, 26.365563711557407], [120.50286308187782, 26.368876555470845], [120.50125131543803, 26.36865778275958], [120.49995558163349, 26.363657263644956], [120.49878626088304, 26.36309470524456], [120.49853343477484, 26.361844575465902], [120.49616319001044, 26.36115700408764], [120.49347691261077, 26.35690656284021], [120.49357172240136, 26.358531731552464], [120.49240240165092, 26.35925055617519], [120.48851520023729, 26.35740661475167], [120.48861001002787, 26.359063036708392], [120.48614495547288, 26.35978186133112], [120.48535487388476, 26.358719251019263], [120.48519685756713, 26.355906459017284], [120.48402753681668, 26.355906459017284], [120.48402753681668, 26.357187842040407], [120.48203653121459, 26.358687997774794], [120.48187851489696, 26.35968810159772], [120.48320585196502, 26.36056319244278], [120.48377471070849, 26.363500997422623], [120.48301623238387, 26.364469848001082], [120.4854180804118, 26.365469951824007], [120.48535487388476, 26.36893906195978], [120.48102522678177, 26.370783003383295], [120.47780169390218, 26.36753266595879], [120.47726443842225, 26.369126581426578], [120.47777009063866, 26.373939581074403], [120.47666397641527, 26.374970938141796], [120.47748566126693, 26.37787748987717], [120.47653756336116, 26.379065113166895], [120.47536824261073, 26.37700239903211], [120.47331403048157, 26.375939788720252], [120.47167066077826, 26.372283159117682], [120.46939522580443, 26.371095535827962], [120.46926881275033, 26.37247067858448], [120.47053294329135, 26.374783418674998], [120.4692372094868, 26.376908639298712], [120.47024851391961, 26.378096262588436], [120.4735984598533, 26.378690074233297], [120.47473617734022, 26.379752684545156], [120.47448335123202, 26.382127931124604], [120.47375647617093, 26.382565476547132], [120.47423052512382, 26.383503073881126], [120.47679038946937, 26.383471820636657], [120.47716962863167, 26.38190915841334], [120.47988750929485, 26.383940619303655]]]]}}, {"type": "Feature", "properties": {"COUNTYID": "G", "name": "\u5b9c\u862d\u7e23", "tree2pv_total": 1.2, "pv_new_total": 13.2, "tree_loss_total": 521.4, "tree_pct0": 72.39, "tree_pctN": 77.89, "pv_water": 0.3, "pv_farm": 6.9, "pv_bare": 4.8, "pv_tree": 1.2}, "geometry": {"type": "MultiPolygon", "coordinates": [[[[121.95971032387125, 24.844937102044245], [121.96065842177701, 24.843718225510056], [121.96031078587824, 24.842999400887326], [121.96495646561647, 24.840499141330014], [121.9651144819341, 24.838998985595627], [121.96293385675085, 24.835936167637918], [121.96148010662867, 24.835279849504126], [121.95705564973512, 24.836811258482978], [121.94801711636686, 24.83531110274859], [121.94356105620977, 24.83634245981598], [121.9402111102761, 24.8385614401731], [121.93831491446457, 24.842343082753533], [121.93423809346979, 24.845562166933572], [121.93439610978741, 24.846749790223296], [121.93607108275427, 24.847031069423494], [121.94172806692531, 24.844312037154918], [121.94330823010158, 24.844593316355112], [121.94751146415045, 24.85125025742646], [121.94950246975256, 24.85178156258239], [121.95617075835641, 24.85062519253713], [121.95809855743146, 24.849468822491875], [121.95983673692535, 24.84696856293456], [121.95971032387125, 24.844937102044245]]], [[[121.96603097657633, 24.983076442585777], [121.96220698168976, 24.981763806318185], [121.95831978027614, 24.98260764391878], [121.95449578538957, 24.980013624628068], [121.94871238816442, 24.978888507827275], [121.94425632800734, 24.976825793692495], [121.94365586600036, 24.97501310551344], [121.94226532240523, 24.97504435875791], [121.94163325713473, 24.973731722490317], [121.93853613730924, 24.973231670578855], [121.93638711538952, 24.97329417706779], [121.9362290990719, 24.973856735468186], [121.92557879926383, 24.96857493715336], [121.91998502161984, 24.958448885946243], [121.92058548362682, 24.955761106922132], [121.91625583652385, 24.951854451363833], [121.9113573306774, 24.950729334563043], [121.90794417821667, 24.947666516605334], [121.90535271060759, 24.946603906293475], [121.9041201833301, 24.943634848069166], [121.90465743881002, 24.939821952244266], [121.90336170500548, 24.940603283355923], [121.90108627003166, 24.93994696522213], [121.89909526442956, 24.939978218466596], [121.89824197631437, 24.94082205606719], [121.89492363364421, 24.940665789844857], [121.88939306252726, 24.937196679709086], [121.88787610587805, 24.935102712329837], [121.88686480144523, 24.92916459588122], [121.8875600732428, 24.927726946635765], [121.88692800797229, 24.925039167611654], [121.88541105132306, 24.92325773267707], [121.88487379584313, 24.917819668139913], [121.8823455347611, 24.91488186316007], [121.87928001819914, 24.913100428225484], [121.8778578713405, 24.910568915423706], [121.87472914825148, 24.908131162355325], [121.87476075151501, 24.9073185779992], [121.87248531654117, 24.90616220795394], [121.87197966432477, 24.90503709115315], [121.86594344099142, 24.902005526439908], [121.86395243538932, 24.898348896837337], [121.86047607640153, 24.894473494523503], [121.85137433650621, 24.890129293542675], [121.85083708102628, 24.886472663940104], [121.84830881994425, 24.884534962783185], [121.84268343903673, 24.87615909326619], [121.83061099237004, 24.8504689263148], [121.82792471497038, 24.842155563286735], [121.82713463338224, 24.842343082753533], [121.82738745949045, 24.839655303729423], [121.82429033966496, 24.82887293438851], [121.8216040622653, 24.815496545756886], [121.81898099139269, 24.797307157477437], [121.81796968695988, 24.77814891861953], [121.81841213264923, 24.76489754296577], [121.82097199699479, 24.747708258509245], [121.82587050284123, 24.733019233610033], [121.83279161755328, 24.71989287093414], [121.83500384600006, 24.718517728177616], [121.83829058540671, 24.718080182755088], [121.83952311268419, 24.715829949153505], [121.83661561243986, 24.710704417061017], [121.8362995798046, 24.70823541074817], [121.83844860172434, 24.68167015295172], [121.8381641723526, 24.67288799125666], [121.8415141182863, 24.65626126520053], [121.84505368380114, 24.644885084214756], [121.85213281483082, 24.628008332202896], [121.85873789690763, 24.61672591095052], [121.86610145730904, 24.60994395690131], [121.86844009880993, 24.608912599833918], [121.87340181118341, 24.60872508036712], [121.87510838741379, 24.60569351565388], [121.88082857811187, 24.605568502676014], [121.88180827928117, 24.603724561252495], [121.8849686056337, 24.603349522318897], [121.88367287182916, 24.60141182116198], [121.88588510027594, 24.600505477072456], [121.88569548069479, 24.599442866760597], [121.88231393149758, 24.59872404213787], [121.87921681167208, 24.599130334315934], [121.87346501771046, 24.596598821514153], [121.87924841493562, 24.591035743999132], [121.87460273519739, 24.585316400261778], [121.8726433328588, 24.585253893772848], [121.87220088716946, 24.584160030216523], [121.87267493612234, 24.58365997830506], [121.87368624055514, 24.58453506915012], [121.8752348004679, 24.581378491459013], [121.87694137669826, 24.58094094603648], [121.87728901259703, 24.579784575991226], [121.87978567041554, 24.579690816257827], [121.87697297996178, 24.57806564754557], [121.87567724615724, 24.579003244879566], [121.87555083310315, 24.57750308914518], [121.87337020791989, 24.577253063189445], [121.87207447411535, 24.57819066052344], [121.86983064240505, 24.57609669314419], [121.86923018039806, 24.572752595986284], [121.87118958273663, 24.56328286291296], [121.87118958273663, 24.55240673383865], [121.8741286862445, 24.545406007078174], [121.87232730022355, 24.54162436449774], [121.87371784381867, 24.534623637737262], [121.87245371327765, 24.53281094955821], [121.87254852306823, 24.531123274357025], [121.87011507177678, 24.5300294108007], [121.86970422935094, 24.52812296288825], [121.86091852209088, 24.527185365554256], [121.85624123908913, 24.523935028129753], [121.84318909125314, 24.521184742616708], [121.8418933574486, 24.520247145282713], [121.8399023518465, 24.516528009191212], [121.83892265067722, 24.512340074432714], [121.83822737887965, 24.506558224206426], [121.83857501477843, 24.500745120735676], [121.84021838448176, 24.498026088467096], [121.84641262413272, 24.496588439221643], [121.84745553182907, 24.497432276822234], [121.84802439057253, 24.495807108109982], [121.85048944512751, 24.494681991309193], [121.85080547776276, 24.49340060828607], [121.8497309668029, 24.492650530418874], [121.85071066797218, 24.484899725791205], [121.85251205399314, 24.483649596012548], [121.86022325029333, 24.483649596012548], [121.86240387547657, 24.48121184294417], [121.85968599481339, 24.47858657040899], [121.855451157501, 24.480586778054843], [121.84859324931598, 24.478992862587056], [121.84609659149747, 24.476930148452272], [121.84391596631423, 24.476867641963338], [121.84122968891457, 24.47561751218468], [121.83829058540671, 24.472273415026777], [121.83421376441193, 24.469648142491597], [121.8326652044992, 24.467429162134483], [121.82463797556373, 24.464616370132507], [121.82128802963004, 24.46242864301986], [121.82037153498781, 24.46142853919693], [121.82005550235256, 24.458521987461555], [121.82182528510998, 24.45586546168191], [121.82097199699479, 24.45395901376946], [121.81717960537175, 24.45020862443349], [121.81623150746599, 24.446614501319853], [121.81559944219548, 24.447895884342977], [121.8121546864712, 24.442676592517085], [121.80185202256193, 24.434331976244554], [121.79866009294587, 24.427956314373407], [121.79113851622682, 24.408235517115102], [121.78902109757063, 24.39748440101866], [121.786998488705, 24.37248180544553], [121.78371174929836, 24.366512435752444], [121.7822579991762, 24.361636929615685], [121.77931889566833, 24.357261475390388], [121.77799155860026, 24.352354716009163], [121.77359870497023, 24.343728820536434], [121.77160769936813, 24.33757193137655], [121.77088082430704, 24.332602665506393], [121.77394634086902, 24.319601315808367], [121.77404115065958, 24.315288368072], [121.77271381359152, 24.31363194611528], [121.77015394924597, 24.313131894203817], [121.75909280701208, 24.314194504515676], [121.74474492537155, 24.32285165323287], [121.74003603910627, 24.3235704778556], [121.73516913652335, 24.323070425944138], [121.72777397285842, 24.325976977679513], [121.72347592901896, 24.325508179012516], [121.71434258586012, 24.326727055546705], [121.70644176997878, 24.329071048881687], [121.69730842681994, 24.33429034070758], [121.69496978531906, 24.334852899107972], [121.68814348039757, 24.33382154204058], [121.68725858901887, 24.334852899107972], [121.68681614332951, 24.339165846844338], [121.68574163236964, 24.340666002578725], [121.68400345287576, 24.34079101555659], [121.67594462067677, 24.337478171643152], [121.67439606076404, 24.33819699626588], [121.67354277264884, 24.3398534182226], [121.67395361507468, 24.34341628809177], [121.66927633207293, 24.34297874266924], [121.66646364161916, 24.34751046311687], [121.6639037772736, 24.349198138318055], [121.66324010873957, 24.35279226143169], [121.661280706401, 24.352917274409556], [121.66137551619157, 24.35201093032003], [121.66020619544113, 24.35116709271944], [121.65865763552839, 24.351292105697304], [121.65745671151443, 24.352948527654025], [121.6559397548652, 24.353198553609754], [121.65394874926311, 24.352167196542364], [121.65328508072908, 24.35663641050106], [121.65066200985646, 24.3598554946811], [121.64819695530149, 24.35838659219118], [121.6479757324568, 24.356667663745526], [121.65002994458595, 24.35488622881094], [121.65072521638352, 24.350917066763706], [121.65050399353883, 24.349791949962917], [121.64889222709904, 24.34941691102932], [121.64061217205538, 24.35698019619019], [121.64029613942013, 24.359542962236436], [121.63868437298034, 24.360918104992958], [121.63833673708156, 24.362324500993946], [121.63501839441139, 24.363730896994934], [121.6347655683032, 24.366543688996913], [121.6309099701531, 24.36610614357438], [121.63059393751784, 24.367637552553237], [121.63166844847771, 24.369231468021024], [121.63094157341662, 24.370544104288612], [121.62664352957717, 24.36935648099889], [121.6217134204672, 24.366637448730312], [121.62073371929792, 24.36254327370521], [121.62338839343406, 24.362449513971814], [121.62338839343406, 24.36160567637122], [121.62149219762253, 24.359886747925568], [121.62117616498728, 24.358136566235448], [121.62228227921067, 24.356667663745526], [121.62689635568537, 24.35413615094375], [121.62676994263127, 24.349823203207382], [121.62932980697683, 24.349479417518253], [121.63002507877438, 24.34844806045086], [121.63223730722116, 24.34922939156252], [121.63511320420197, 24.34835430071746], [121.63593488905363, 24.346135320360347], [121.63530282378312, 24.344822684092758], [121.63147882889655, 24.34426012569236], [121.63173165500476, 24.34194738560185], [121.63296418228225, 24.33991592471153], [121.63296418228225, 24.33494665884137], [121.62936141024035, 24.33347775635145], [121.62667513284069, 24.335634230219632], [121.62806567643581, 24.33860328844394], [121.62746521442882, 24.341103548001254], [121.62291434448117, 24.339447126044536], [121.62029127360856, 24.34532273600422], [121.61880592022287, 24.34541649573762], [121.61611964282321, 24.338040730043545], [121.61649888198552, 24.336915613242756], [121.61826866474294, 24.33629054835343], [121.61839507779705, 24.334384100440978], [121.61732056683718, 24.33357151608485], [121.61570880039739, 24.33322773039572], [121.61314893605183, 24.335540470486233], [121.61128434350383, 24.33600926915323], [121.60758676167136, 24.33522793804157], [121.60644904418444, 24.330071152704612], [121.60395238636593, 24.328977289148288], [121.60047602737815, 24.33113376301647], [121.5994331196818, 24.33338399661805], [121.59848502177604, 24.333696529062717], [121.59674684228214, 24.333258983640185], [121.59567233132229, 24.3314775487056], [121.596557222701, 24.32816470479216], [121.6010448861216, 24.323695490833465], [121.60110809264866, 24.320570166386823], [121.6046476581635, 24.318288679540775], [121.60512170711638, 24.315413381049865], [121.60701790292791, 24.312663095536823], [121.60565896259631, 24.309506517845715], [121.60313070151427, 24.31319440069275], [121.5971892879715, 24.316288471894925], [121.59374453224724, 24.31641348487279], [121.5892252655631, 24.314006985048877], [121.58751868933274, 24.31606969918366], [121.58236735737809, 24.31781988087378], [121.57854336249153, 24.318132413318445], [121.57585708509187, 24.319663822297297], [121.56959963891384, 24.317944893851646], [121.56637610603426, 24.3191950236303], [121.56334219273582, 24.32225784158801], [121.56008705659269, 24.322632880521606], [121.55879132278815, 24.32410178301153], [121.55607344212497, 24.331165016260936], [121.54858346866945, 24.336228041864494], [121.54472787051935, 24.33782195733228], [121.54052463647048, 24.33591550941983], [121.53546811430641, 24.337384411909753], [121.53325588585965, 24.33707187946509], [121.53088564109524, 24.33860328844394], [121.52775691800622, 24.339165846844338], [121.52456498839015, 24.34263495698011], [121.52216314036222, 24.343041249158173], [121.51846555852975, 24.341134801245722], [121.5155264550219, 24.341791119379515], [121.51369346573742, 24.340822268801055], [121.51009069369553, 24.341103548001254], [121.50809968809342, 24.343135008891572], [121.50437050299743, 24.342947489424773], [121.49963001346862, 24.339447126044536], [121.4981130568194, 24.33922835333327], [121.49403623582464, 24.340916028534455], [121.48550335467277, 24.34838555396193], [121.4809208814616, 24.34926064480699], [121.47886666933245, 24.351885917342166], [121.47526389729055, 24.35126085245284], [121.46496123338127, 24.3555738001892], [121.45200389533586, 24.364699747573393], [121.44824310697634, 24.37257556517893], [121.44795867760462, 24.37482579878051], [121.44287055217703, 24.373169376823792], [121.43778242674944, 24.382889135852846], [121.42934435538815, 24.38307665531964], [121.42153834929739, 24.380732661984663], [121.41964215348587, 24.379201253005807], [121.41278424530086, 24.379763811406203], [121.40788573945441, 24.377576084293555], [121.4041249510949, 24.377826110249288], [121.4018811193846, 24.379607545183873], [121.40061698884358, 24.379576291939404], [121.39808872776155, 24.377763603760354], [121.39581329278772, 24.377982376471618], [121.39325342844216, 24.375294597447507], [121.39037753146135, 24.375325850691972], [121.38917660744738, 24.374169480646717], [121.38791247690637, 24.370012799132684], [121.38114937851194, 24.366856221441576], [121.37738859015242, 24.36838763042043], [121.37356459526585, 24.368168857709165], [121.36929815468991, 24.372450552201062], [121.36932975795344, 24.374294493624582], [121.3671491327702, 24.379201253005807], [121.36970899711575, 24.382764122874978], [121.36876089920999, 24.384889343498696], [121.36487369779636, 24.389077278257194], [121.35940633320646, 24.39042116776925], [121.3553295122117, 24.393140200037827], [121.35254842502145, 24.392296362437232], [121.34417356018723, 24.393046440304428], [121.33993872287483, 24.390983726169644], [121.33946467392195, 24.389764849635455], [121.33845336948913, 24.390046128835653], [121.33696801610344, 24.3924213754151], [121.33358646690623, 24.395015394705812], [121.33232233636521, 24.397953199685652], [121.32802429252575, 24.398296985374785], [121.326475732613, 24.399859647598106], [121.32499037922732, 24.406922880847514], [121.32742383051877, 24.413017263518462], [121.32742383051877, 24.421549399257792], [121.32871956432332, 24.427268742995146], [121.32767665662698, 24.430425320686254], [121.32837192842453, 24.431581690731512], [121.32805589578928, 24.433894430822026], [121.3205975255973, 24.441051423804833], [121.31765842208942, 24.44148896922736], [121.32378945521336, 24.45674055252697], [121.3260964934507, 24.46005339644041], [121.3295728524385, 24.462647415731123], [121.32985728181023, 24.46424133119891], [121.33598831493416, 24.46736665564555], [121.33557747250832, 24.471679603381915], [121.34006513592892, 24.47486743431749], [121.34240377742981, 24.481711894855632], [121.34714426695862, 24.48483721930227], [121.35002016393943, 24.484274660901878], [121.35773136023963, 24.486618654236857], [121.36168176818029, 24.490556563039625], [121.36383079010002, 24.49496327050939], [121.37065709502151, 24.497869822244766], [121.37173160598137, 24.49924496500129], [121.37334337242116, 24.509871068119867], [121.37925318270041, 24.509558535675204], [121.38370924285749, 24.510339866786865], [121.38554223214197, 24.514559054789828], [121.38513138971614, 24.51680928839141], [121.38851293891335, 24.517809392214335], [121.39053554777898, 24.522934924306828], [121.39186288484704, 24.52412254759655], [121.39780429838981, 24.524935131952677], [121.40162829327639, 24.52924807968904], [121.40150188022228, 24.5302169302675], [121.39916323872141, 24.532154631424415], [121.3982783473427, 24.53671760511651], [121.39672978742995, 24.539842929563154], [121.39875239629558, 24.54821879908015], [121.39556046667951, 24.552781772772246], [121.39464397203727, 24.555594564774225], [121.39764628207219, 24.55965748655486], [121.40112264105998, 24.561876466911972], [121.40169149980343, 24.565533096514542], [121.40393533151375, 24.56897095340585], [121.40731688071097, 24.569877297495374], [121.41215218003035, 24.573096381675413], [121.41044560379997, 24.578909485146166], [121.40453579352072, 24.58775415333016], [121.40305044013503, 24.591723315377394], [121.40845459819788, 24.5989740680936], [121.41183614739509, 24.600474223827987], [121.41256302245617, 24.603443282052297], [121.41787237072845, 24.60106803547285], [121.42008459917521, 24.601380567917513], [121.42457226259582, 24.603099496363168], [121.42779579547542, 24.606068554587477], [121.43060848592917, 24.614506930593407], [121.43222025236896, 24.615288261705068], [121.43361079596409, 24.61891363806317], [121.43455889386985, 24.619194917263368], [121.43566500809324, 24.62153891059835], [121.43484332324158, 24.624445462333725], [121.43572821462028, 24.62666444269084], [121.44053191067614, 24.63510281869677], [121.44498797083322, 24.637290545809417], [121.44555682957669, 24.639884565100132], [121.4449563675697, 24.642947383057837], [121.44915960161858, 24.646604012660408], [121.45137183006536, 24.65104197337464], [121.44789547107756, 24.655104895155272], [121.44776905802345, 24.65835523257978], [121.44960204730793, 24.662230634893614], [121.45390009114739, 24.664387108761797], [121.45500620537078, 24.66785621889757], [121.45949386879138, 24.67313801721239], [121.46970172291007, 24.671950393922668], [121.476433218041, 24.67376308210172], [121.4818057728403, 24.67435689374658], [121.48502930571989, 24.673888095079583], [121.48686229500437, 24.675169478102706], [121.49270889875656, 24.673200523701322], [121.49390982277053, 24.673544309390454], [121.49915596451575, 24.678044776593616], [121.50550822048434, 24.679888718017136], [121.50743601955939, 24.682420230818913], [121.51220811235173, 24.684482944953697], [121.51369346573742, 24.684326678731367], [121.51479957996081, 24.683232815175042], [121.52377490680202, 24.683295321663973], [121.52696683641808, 24.685389289043222], [121.52712485273571, 24.688514613489865], [121.5282309669591, 24.688889652423462], [121.52914746160134, 24.687639522644805], [121.53685865790153, 24.6884833602454], [121.53758553296262, 24.69010852895765], [121.53749072317204, 24.693827665049152], [121.5388180602401, 24.694577742916348], [121.53783835907082, 24.699734528253305], [121.54340053345129, 24.705735151190858], [121.54754056097312, 24.706266456346786], [121.55032164816335, 24.705672644701924], [121.55443007242165, 24.7083916769705], [121.5563578714967, 24.711235722216944], [121.5582224640447, 24.71092318977228], [121.56324738294524, 24.712798384440266], [121.56745061699411, 24.711517001417143], [121.57045292702902, 24.71395475448552], [121.57238072610407, 24.71039188461635], [121.57481417739552, 24.710110605416155], [121.57727923195051, 24.714892351819515], [121.57781648743044, 24.721768065602124], [121.57854336249153, 24.722455636980385], [121.58344186833796, 24.720549189067935], [121.58767670565037, 24.72033041635667], [121.59042618957707, 24.72345574080331], [121.59753692387028, 24.727674928806277], [121.59785295650553, 24.729268844274063], [121.5940605648825, 24.729268844274063], [121.5937129289837, 24.730487720808252], [121.59500866278825, 24.732487928454102], [121.59421858120012, 24.73467565556675], [121.59535629868704, 24.739144869525447], [121.5948190432071, 24.7409575577045], [121.59194314622628, 24.74330155103948], [121.59165871685457, 24.744926719751735], [121.59437659751775, 24.746239356019323], [121.59611477701164, 24.748239563665173], [121.59459782036242, 24.750177264822092], [121.59080542873937, 24.75089608944482], [121.5889724394549, 24.755177783936716], [121.58938328188073, 24.75720924482703], [121.59080542873937, 24.758771907050352], [121.59048939610412, 24.760740861451737], [121.59624119006574, 24.76733529603415], [121.59554591826819, 24.768960464746403], [121.5975685271338, 24.77255458786004], [121.59447140730832, 24.77880523675332], [121.59434499425421, 24.781055470354904], [121.59317567350378, 24.782618132578225], [121.59342849961199, 24.78464959346854], [121.59197474948982, 24.787493638714984], [121.59886426093836, 24.78771241142625], [121.6029094786696, 24.7894313398719], [121.60562735933279, 24.789118807427236], [121.60964097380051, 24.79377554085273], [121.61333855563298, 24.79318172920787], [121.61716255051955, 24.793838047341666], [121.62041768666266, 24.792556664318543], [121.62528458924558, 24.79499441738692], [121.62601146430666, 24.79649457312131], [121.6248105402927, 24.801588851969335], [121.62613787736076, 24.80337028690392], [121.62601146430666, 24.808808351441076], [121.62803407317229, 24.807995767084947], [121.63002507877438, 24.80893336441894], [121.63719901959465, 24.809433416330403], [121.63881078603444, 24.810714799353526], [121.64203431891403, 24.810464773397793], [121.64437296041491, 24.80918339037467], [121.64639556928054, 24.81074605259799], [121.6474700802404, 24.813871377044634], [121.64863940099085, 24.812652500510442], [121.65040918374827, 24.81296503295511], [121.65309546114791, 24.811246104509454], [121.66074345092106, 24.81083981233139], [121.66093307050221, 24.81180866290985], [121.66877067985651, 24.816934195002343], [121.6689919027012, 24.8179968053142], [121.67414323465583, 24.814152656244833], [121.67531255540626, 24.81468396140076], [121.67673470226491, 24.814121403000364], [121.68074831673263, 24.817496753402736], [121.68305535497, 24.816902941757874], [121.68624728458606, 24.817496753402736], [121.68719538249182, 24.816277876868547], [121.68845951303283, 24.816215370379613], [121.69010288273616, 24.82140340896104], [121.68766943144469, 24.824997532074676], [121.69594948648835, 24.829685518744636], [121.69636032891418, 24.834561024881395], [121.69816171493513, 24.834217239192267], [121.69907820957737, 24.835529875459855], [121.70173288371349, 24.834373505414597], [121.70836956905383, 24.83912399857349], [121.70897003106082, 24.840592901063413], [121.71427937933308, 24.841780524353137], [121.71557511313762, 24.844343290399383], [121.71974674392297, 24.84559342017804], [121.7195255210783, 24.846562270756497], [121.72189576584269, 24.84987511466994], [121.72480326608704, 24.85062519253713], [121.7304918535216, 24.855313179207094], [121.7362120442197, 24.855750724629623], [121.73823465308531, 24.855313179207094], [121.74199544144484, 24.85246913396065], [121.74575622980436, 24.852875426138713], [121.74739959950769, 24.853719263739304], [121.74784204519703, 24.854906887029028], [121.75062313238728, 24.8544693416065], [121.75365704568571, 24.85515691298476], [121.75356223589513, 24.85603200382982], [121.7609890028236, 24.856688321963613], [121.76196870399289, 24.8582822374314], [121.76152625830353, 24.85987615289919], [121.76266397579045, 24.86118878916678], [121.76430734549376, 24.85984489965472], [121.76784691100862, 24.863814061701955], [121.76740446531926, 24.864876672013814], [121.76917424807668, 24.865908029081204], [121.77113365041525, 24.864876672013814], [121.77546329751823, 24.865126697969544], [121.7751788681465, 24.866595600459465], [121.77735949332975, 24.870814788462432], [121.78323770034548, 24.87422139210927], [121.78453343415002, 24.873658833708873], [121.78516549942053, 24.87415888562034], [121.78418579825124, 24.87769050224504], [121.78222639591266, 24.87919065797943], [121.78165753716921, 24.889410468919944], [121.78579756469104, 24.890816864920932], [121.78563954837341, 24.892317020655323], [121.79000079873991, 24.893442137456113], [121.79300310877483, 24.896254929458088], [121.79177058149733, 24.89953652012706], [121.7953417502757, 24.899849052571728], [121.79704832650607, 24.901599234261845], [121.79900772884464, 24.900911662883583], [121.80216805519719, 24.901005422616983], [121.80311615310295, 24.901755500484178], [121.80453829996159, 24.901161688839316], [121.80608685987433, 24.90253683159584], [121.81051131676789, 24.90366194839663], [121.81044811024084, 24.90519335737548], [121.8116490342548, 24.906505993643073], [121.8182541163316, 24.90269309781817], [121.82596531263181, 24.905255863864415], [121.82700822032814, 24.90453703924169], [121.82792471497038, 24.905349623597814], [121.831811916384, 24.904912078175286], [121.83658400917633, 24.908568707777853], [121.83955471594773, 24.912662882802955], [121.84331550430724, 24.91538191507153], [121.84559093928107, 24.91938233036323], [121.85213281483082, 24.92375778458853], [121.8539658041153, 24.92591425845671], [121.8538393910612, 24.92791446610256], [121.84916210805945, 24.930320965926477], [121.84660224371389, 24.93785299784288], [121.84243061292854, 24.939384406821734], [121.83983914531944, 24.94222845206818], [121.83904906373131, 24.94463495189209], [121.8417669443945, 24.95135439945237], [121.8413877052322, 24.954167191454346], [121.84717110245734, 24.960355333858697], [121.84875126563361, 24.960011548169565], [121.8503630320734, 24.961167918214823], [121.85254365725666, 24.9596052559915], [121.8539658041153, 24.95994904168063], [121.85431344001408, 24.96154295714842], [121.86123455472614, 24.963668177772135], [121.86363640275407, 24.962136768793282], [121.87153721863541, 24.96073037279229], [121.87621450163718, 24.96154295714842], [121.88231393149758, 24.964105723194663], [121.88471577952551, 24.96438700239486], [121.88850817114854, 24.963199379105138], [121.8894562690543, 24.964699534839525], [121.89719906861804, 24.967074781418972], [121.90279284626203, 24.974388040624113], [121.90402537353951, 24.97466931982431], [121.90541591713463, 24.973419190045654], [121.90683806399328, 24.975606917158302], [121.90826021085192, 24.9758881963585], [121.91050404256222, 24.97491934578004], [121.910851678461, 24.97676328720356], [121.9148336896652, 24.979357306494272], [121.91903692371407, 24.97866973511601], [121.92090151626208, 24.979701092183404], [121.9222920598572, 24.97860722862708], [121.9267797232778, 24.980169890850398], [121.92854950603522, 24.979669838938936], [121.9306353214279, 24.981044981695458], [121.93351121840871, 24.980888715473128], [121.93442771305094, 24.983138949074707], [121.93752483287643, 24.983045189341308], [121.93866255036335, 24.984857877520362], [121.94055874617487, 24.984545345075695], [121.94390869210856, 24.987951948722536], [121.94789070331277, 24.986670565699413], [121.95035575786774, 24.988326987656134], [121.95550708982238, 24.988326987656134], [121.95816176395851, 24.98729563058874], [121.95977353039831, 24.988389494145064], [121.96280744369675, 24.987764429255737], [121.96603097657633, 24.983076442585777]]]]}}, {"type": "Feature", "properties": {"COUNTYID": "N", "name": "\u5f70\u5316\u7e23", "tree2pv_total": 2.6, "pv_new_total": 753.9, "tree_loss_total": 221.1, "tree_pct0": 8.04, "tree_pctN": 13.11, "pv_water": 497.0, "pv_farm": 119.1, "pv_bare": 135.1, "pv_tree": 2.6}, "geometry": {"type": "Polygon", "coordinates": [[[120.45656430081313, 24.20718339546269], [120.50438003852703, 24.191150481051423], [120.50810922362304, 24.187181319004186], [120.51749539289007, 24.165335301122166], [120.52451131739271, 24.152396457913074], [120.5258702577243, 24.148552308843705], [120.52568063814316, 24.146052049286393], [120.52327879011523, 24.140957770438366], [120.52365802927753, 24.13945761470398], [120.53225411695644, 24.12692506367295], [120.5340871062409, 24.125581174160892], [120.54034455241893, 24.12395600544864], [120.54521145500185, 24.1166427462435], [120.54966751515892, 24.11386120748599], [120.55801077672963, 24.1125485712184], [120.57261148447836, 24.10829812997097], [120.57659349568256, 24.10957951299409], [120.58351461039462, 24.109548259749626], [120.58553721926025, 24.107548052103777], [120.58891876845746, 24.10611040285832], [120.59486018200023, 24.10489152632413], [120.59994830742782, 24.10517280552433], [120.60307703051683, 24.102860065433813], [120.60800713962679, 24.102735052455948], [120.60886042774197, 24.102078734322156], [120.61236838999329, 24.102578786233618], [120.6124948030474, 24.099172182586777], [120.61489665107533, 24.089983728713655], [120.61514947718354, 24.084295638220766], [120.61865743943486, 24.075107184347644], [120.62068004830047, 24.072325645590134], [120.62197578210501, 24.072638178034797], [120.62396678770712, 24.07148180798954], [120.62535733130223, 24.06895029518776], [120.62570496720102, 24.057042809046056], [120.62342953222718, 24.051979783442498], [120.62447243992352, 24.048291900595462], [120.62579977699158, 24.046791744861075], [120.62602099983627, 24.041634959524117], [120.62769597280311, 24.040197310278664], [120.62810681522895, 24.038353368855145], [120.62447243992352, 24.03379039516305], [120.62415640728827, 24.0316026680504], [120.62516771172108, 24.030196272049412], [120.62864407070887, 24.029633713649016], [120.6361340441644, 24.031040109650004], [120.63708214207016, 24.028852382537355], [120.63885192482758, 24.027727265736566], [120.64191744138954, 24.027383480047433], [120.6448565448974, 24.025914577557515], [120.64621548522899, 24.026664655424707], [120.64615227870193, 24.028321077381428], [120.64444570247157, 24.032321492673127], [120.6451093710056, 24.034259193830046], [120.64656312112777, 24.033915408140913], [120.65190407266356, 24.028571103337157], [120.65563325775956, 24.030696323960875], [120.66122703540356, 24.025695804846247], [120.66350247037738, 24.024945726979055], [120.6647666009184, 24.023289305022335], [120.67864043360603, 24.01403834466028], [120.67627018884164, 24.010850513724705], [120.67067641119765, 24.01063174101344], [120.67371032449608, 24.007725189278062], [120.67257260700916, 24.005849994610077], [120.6661571445135, 24.00775644252253], [120.6494706213721, 24.00810022821166], [120.64637350154662, 24.00913158527905], [120.64327638172112, 24.008350254167393], [120.64242309360594, 24.008944065812255], [120.64033727821327, 24.005756234876678], [120.63809344650296, 24.0074126568334], [120.63825146282059, 24.00409981291996], [120.63610244090087, 23.998411722427072], [120.63632366374554, 23.995505170691697], [120.63749298449598, 23.993754989001577], [120.64529899058675, 23.989629560732013], [120.65010268664261, 23.984910320817583], [120.65003948011557, 23.9829413664162], [120.64631029501956, 23.972971581431416], [120.64694236029007, 23.97162769191936], [120.6468475504995, 23.963376835380227], [120.64422447962689, 23.962095452357104], [120.64264431645061, 23.958282556532204], [120.63673450617136, 23.952688225772715], [120.6352807560492, 23.95237569332805], [120.63414303856229, 23.954157128262636], [120.62763276627607, 23.95656362808655], [120.62775917933016, 23.955844803463823], [120.63275249496718, 23.9543759009739], [120.63382700592703, 23.953375797150976], [120.63407983203524, 23.952250680350186], [120.63183600032494, 23.95343830363991], [120.627569559749, 23.952031907638922], [120.63458548425164, 23.943812304344256], [120.63335295697415, 23.94287470701026], [120.63076148936507, 23.944781154922715], [120.63012942409456, 23.94306222647706], [120.63686091922547, 23.937124110028442], [120.63682931596195, 23.935748967271923], [120.63550197889388, 23.93743664247311], [120.63275249496718, 23.935623954294055], [120.63215203296019, 23.932873668781014], [120.6309195056827, 23.932154844158283], [120.63038225020277, 23.932592389580815], [120.62975018493226, 23.931217246824293], [120.62782238585721, 23.931185993579827], [120.62851765765477, 23.930154636512434], [120.63275249496718, 23.928404454822317], [120.6372717616513, 23.924560305752948], [120.63724015838778, 23.921903779973302], [120.63537556583978, 23.921685007262038], [120.63648168006317, 23.919434773660456], [120.63486991362338, 23.92009109179425], [120.6349015168869, 23.91774709845927], [120.63389021245409, 23.917715845214804], [120.63436426140697, 23.91696576734761], [120.63335295697415, 23.915215585657492], [120.63471189730575, 23.91312161827824], [120.6330369243389, 23.9141842285901], [120.63354257655531, 23.912434046899982], [120.63215203296019, 23.91068386520986], [120.62978178819579, 23.91115266387686], [120.62981339145931, 23.910371332765198], [120.63177279379788, 23.910465092498598], [120.63300532107537, 23.909527495164603], [120.63050866325688, 23.908621151075078], [120.63357417981884, 23.908027339430216], [120.63351097329178, 23.906402170717964], [120.63212042969667, 23.906745956407093], [120.6326576851766, 23.905714599339703], [120.63218363622371, 23.90452697604998], [120.63300532107537, 23.904214443605316], [120.63164638074379, 23.90277679435986], [120.63347937002825, 23.90262052813753], [120.63483831035985, 23.901526664581205], [120.63370059287294, 23.900370294535946], [120.63505953320453, 23.898620112845826], [120.63404822877172, 23.8977137687563], [120.63436426140697, 23.89674491817784], [120.6329105112848, 23.896713664933376], [120.63313173412948, 23.895588548132586], [120.63417464182581, 23.895244762443454], [120.63379540266351, 23.894025885909265], [120.63436426140697, 23.893400821019938], [120.63313173412948, 23.89318204830867], [120.63237325580486, 23.89205693150788], [120.63404822877172, 23.89190066528555], [120.63196241337904, 23.889431658972704], [120.62734833690433, 23.889650431683968], [120.62943415229701, 23.889119126528037], [120.62896010334413, 23.8857125228812], [120.62959216861464, 23.884806178791674], [120.62750635322196, 23.883556049013016], [120.62665306510677, 23.879430620743452], [120.6248200758223, 23.877117880652936], [120.62579977699158, 23.87346125105037], [120.62377716812597, 23.871461043404516], [120.62393518444358, 23.86892953060274], [120.62153333641565, 23.869835874692264], [120.62140692336156, 23.868773264380405], [120.61992156997586, 23.868273212468942], [120.6205852385099, 23.86796068002428], [120.6205852385099, 23.863710238776846], [120.62194417884149, 23.863553972554516], [120.62352434201776, 23.86196005708673], [120.62301868980136, 23.860459901352343], [120.62447243992352, 23.859709823485147], [120.62485167908582, 23.85849094695096], [120.62646344552562, 23.858615959928823], [120.62665306510677, 23.857490843128033], [120.62779078259369, 23.857490843128033], [120.62608420636332, 23.855803167926847], [120.62595779330921, 23.852084031835343], [120.62440923339646, 23.85202152534641], [120.62485167908582, 23.851083928012418], [120.6227026571661, 23.84870868143297], [120.61947912428651, 23.849646278766965], [120.6205852385099, 23.84898996063317], [120.6196055373406, 23.848677428188505], [120.62292388001077, 23.847989856810244], [120.62330311917309, 23.84670847378712], [120.62159654294271, 23.846583460809256], [120.62131211357098, 23.844583253163403], [120.6183414067996, 23.84436448045214], [120.61963714060414, 23.84348938960708], [120.61827820027254, 23.842583045517554], [120.61979515692177, 23.842520539028623], [120.61556031960936, 23.840582837871704], [120.61682445015038, 23.84008278596024], [120.6163504011975, 23.839426467826446], [120.61742491215736, 23.838770149692653], [120.61714048278563, 23.837613779647395], [120.6185942329078, 23.840489078138305], [120.62112249398983, 23.841739207916962], [120.62213379842264, 23.840832863827437], [120.62086966788162, 23.839457721070914], [120.62298708653783, 23.839832760004512], [120.62188097231444, 23.838770149692653], [120.62396678770712, 23.83967649378218], [120.62602099983627, 23.84192672738376], [120.62835964133714, 23.837895058847593], [120.62554695088339, 23.837645032891864], [120.62507290193051, 23.836582422580005], [120.63012942409456, 23.837113727735932], [120.62826483154657, 23.835863597957278], [120.6310459187368, 23.83564482524601], [120.62914972292528, 23.834363442222887], [120.63344776676473, 23.833894643555894], [120.62877048376298, 23.832144461865774], [120.6249464888764, 23.831894435910044], [120.6229554832743, 23.83026926719779], [120.62428282034237, 23.829425429597197], [120.63050866325688, 23.832425741065972], [120.6304138534663, 23.831206864531783], [120.63322654392006, 23.83289453973297], [120.63692412575253, 23.8328632864885], [120.6383778758747, 23.831363130754113], [120.63442746793402, 23.83123811777625], [120.63641847353611, 23.830894332087116], [120.63818825629355, 23.828925377685735], [120.63603923437381, 23.82789402061834], [120.63945238683455, 23.827425221951344], [120.63771420734066, 23.826393864883954], [120.63989483252391, 23.825737546750158], [120.63983162599686, 23.825081228616366], [120.63404822877172, 23.825831306483558], [120.63916795746283, 23.82451867021597], [120.63780901713123, 23.823706085859843], [120.638757115037, 23.82261222230352], [120.63787222365829, 23.821705878213994], [120.63923116398988, 23.822143423636522], [120.64046369126737, 23.821330839280396], [120.64002124557801, 23.820299482213006], [120.64874374631103, 23.816049040965574], [120.6507031486496, 23.812736197052132], [120.65560165449602, 23.81282995678553], [120.65863556779446, 23.814517631986718], [120.66242795941751, 23.815392722831778], [120.66505103029012, 23.81504893714265], [120.66470339439134, 23.816299066921303], [120.66757929137215, 23.8165803461215], [120.66994953613656, 23.818549300522886], [120.67453200934774, 23.820049456257273], [120.67636499863221, 23.819268125145612], [120.6788300531872, 23.816299066921303], [120.677976765072, 23.81408008656419], [120.67898806950483, 23.805954243002923], [120.68249603175613, 23.806079255980787], [120.68341252639837, 23.805422937846995], [120.68388657535125, 23.80136001606636], [120.67987296088353, 23.80161004202209], [120.67510086809119, 23.79979735384304], [120.66413453564789, 23.7922965751711], [120.65812991557806, 23.791046445392446], [120.64251790339652, 23.785733393833155], [120.635027929941, 23.78676475090055], [120.63310013086596, 23.788889971524263], [120.63022423388514, 23.78979631561379], [120.61499146086591, 23.79135897783711], [120.59258474702641, 23.79107769863691], [120.58667493674716, 23.791984042726437], [120.5780156425412, 23.79526563339541], [120.56028621170346, 23.79814093188632], [120.55816879304726, 23.799453568153908], [120.55074202611878, 23.801172496599563], [120.53490879109256, 23.801235003088493], [120.52779805679936, 23.799047275975845], [120.50747715835253, 23.80073495117703], [120.49837541845721, 23.80361024966794], [120.48314264543798, 23.80657930789225], [120.45811286072586, 23.816111547454504], [120.45195022433842, 23.817299170744228], [120.44724133807313, 23.82076828088], [120.44401780519354, 23.822143423636522], [120.43953014177293, 23.82686266355095], [120.43308307601376, 23.830144254219924], [120.42496103728773, 23.83017550746439], [120.41841916173797, 23.82701892977328], [120.41032872627548, 23.82636261163949], [120.38280228374487, 23.828519085507672], [120.37031899465234, 23.828550338752137], [120.36007953727011, 23.823268540437315], [120.35742486313397, 23.822830995014783], [120.33312195348294, 23.822268436614387], [120.3163722238145, 23.820049456257273], [120.30812377203436, 23.820299482213006], [120.25499868604818, 23.834269682489488], [120.24377952749667, 23.841364168983365], [120.23594191814237, 23.848146123032574], [120.22036150922436, 23.866210498334162], [120.22431191716502, 23.87030467335926], [120.22617650971303, 23.87414882242863], [120.22592368360482, 23.875805244385347], [120.22687178151058, 23.877805452031197], [120.23530985287186, 23.88527497745867], [120.24065080440765, 23.887900249993848], [120.24716107669389, 23.888462808394245], [120.25521990889285, 23.8941821521316], [120.25771656671137, 23.899307684224087], [120.25559914805517, 23.90337060600472], [120.25623121332568, 23.90790232645235], [120.26087689306391, 23.915028066190693], [120.26103490938154, 23.91974730610512], [120.26375279004472, 23.921841273484368], [120.26912534484403, 23.930592181934966], [120.2787959434828, 23.93359249340374], [120.2816402372001, 23.943437265410658], [120.28034450339554, 23.948406531280817], [120.28280955795053, 23.95450091395177], [120.2861279006207, 23.95709493324248], [120.29026792814251, 23.95822005004327], [120.2945975752455, 23.963220569157897], [120.307681326345, 23.973127847653746], [120.30837659814257, 23.97528432152193], [120.30875583730487, 23.9871293011747], [120.31185295713036, 23.989785826954343], [120.31643543034154, 23.999255560027667], [120.3200065991199, 24.0033184818083], [120.32993002386688, 24.011475578614032], [120.33413325791577, 24.01394458492688], [120.33527097540268, 24.015726019861464], [120.33779923648471, 24.031290135605737], [120.34035910083026, 24.035103031430637], [120.3414020085266, 24.039634751878268], [120.34241331295941, 24.054730068955543], [120.33972703555976, 24.05973058807017], [120.34206567706063, 24.060136880248233], [120.3452576066767, 24.06679382131958], [120.35018771578666, 24.07138804825614], [120.35919464589139, 24.07426334674705], [120.36115404822996, 24.076294807637368], [120.36333467341322, 24.080857781329463], [120.37082464686874, 24.081701618930055], [120.37727171262792, 24.08376433306484], [120.38416122407645, 24.087670988623138], [120.38634184925971, 24.097046961963063], [120.38182258257558, 24.096859442496264], [120.38002119655462, 24.094515449161282], [120.38030562592635, 24.092734014226696], [120.37967356065585, 24.09314030640476], [120.37992638676405, 24.09507800756168], [120.39683413275013, 24.117486583844094], [120.39727657843949, 24.12108070695773], [120.40113217658958, 24.128987777807733], [120.39971002973094, 24.133050699588367], [120.39999445910267, 24.13526967994548], [120.40185905165067, 24.138269991414255], [120.40710519339589, 24.139551374437378], [120.4090013892074, 24.142645445639552], [120.4102339164849, 24.147583458265245], [120.41279378083046, 24.15224019169074], [120.41171926987059, 24.153334055247065], [120.40821130761927, 24.154302905825524], [120.40833772067337, 24.155709301826512], [120.41500600927723, 24.15755324325003], [120.4160805202371, 24.169523235880664], [120.4183243519474, 24.173679917394697], [120.42116864566468, 24.175617618551616], [120.42334927084794, 24.17611767046308], [120.42578272213939, 24.178649183264856], [120.42613035803817, 24.17968054033225], [120.42439217854428, 24.181837014200433], [120.42470821117954, 24.18330591669035], [120.42973313008007, 24.184493539980075], [120.43270383685146, 24.186650013848258], [120.43915090261063, 24.185743669758732], [120.4423428322267, 24.188493955271777], [120.4439545986665, 24.188931500694306], [120.45656430081313, 24.20718339546269]]]}}, {"type": "Feature", "properties": {"COUNTYID": "M", "name": "\u5357\u6295\u7e23", "tree2pv_total": 0.5, "pv_new_total": 17.0, "tree_loss_total": 769.2, "tree_pct0": 79.55, "tree_pctN": 83.05, "pv_water": 0.8, "pv_farm": 11.1, "pv_bare": 4.5, "pv_tree": 0.5}, "geometry": {"type": "Polygon", "coordinates": [[[120.64036888147679, 23.78604592627782], [120.64251790339652, 23.785733393833155], [120.65812991557806, 23.791046445392446], [120.66413453564789, 23.7922965751711], [120.67510086809119, 23.79979735384304], [120.67987296088353, 23.80161004202209], [120.68388657535125, 23.80136001606636], [120.68388657535125, 23.80336022371221], [120.68341252639837, 23.805422937846995], [120.68249603175613, 23.806079255980787], [120.67898806950483, 23.805954243002923], [120.677976765072, 23.81408008656419], [120.6788300531872, 23.816299066921303], [120.67636499863221, 23.819268125145612], [120.67453200934774, 23.820049456257273], [120.66994953613656, 23.818549300522886], [120.66757929137215, 23.8165803461215], [120.66470339439134, 23.816299066921303], [120.66505103029012, 23.81504893714265], [120.66242795941751, 23.815392722831778], [120.65863556779446, 23.814517631986718], [120.65560165449602, 23.81282995678553], [120.6507031486496, 23.812736197052132], [120.64874374631103, 23.816049040965574], [120.64002124557801, 23.820299482213006], [120.64046369126737, 23.821330839280396], [120.63923116398988, 23.822143423636522], [120.63787222365829, 23.821705878213994], [120.638757115037, 23.82261222230352], [120.63780901713123, 23.823706085859843], [120.63916795746283, 23.82451867021597], [120.63404822877172, 23.825831306483558], [120.63983162599686, 23.825081228616366], [120.63989483252391, 23.825737546750158], [120.63771420734066, 23.826393864883954], [120.63945238683455, 23.827425221951344], [120.63603923437381, 23.82789402061834], [120.63818825629355, 23.828925377685735], [120.63641847353611, 23.830894332087116], [120.63442746793402, 23.83123811777625], [120.6383778758747, 23.831363130754113], [120.63692412575253, 23.8328632864885], [120.63322654392006, 23.83289453973297], [120.6304138534663, 23.831206864531783], [120.63050866325688, 23.832425741065972], [120.62428282034237, 23.829425429597197], [120.6229554832743, 23.83026926719779], [120.6249464888764, 23.831894435910044], [120.62877048376298, 23.832144461865774], [120.63344776676473, 23.833894643555894], [120.62914972292528, 23.834363442222887], [120.6310459187368, 23.83564482524601], [120.62826483154657, 23.835863597957278], [120.63012942409456, 23.837113727735932], [120.62507290193051, 23.836582422580005], [120.62554695088339, 23.837645032891864], [120.62835964133714, 23.837895058847593], [120.62602099983627, 23.84192672738376], [120.62396678770712, 23.83967649378218], [120.62188097231444, 23.838770149692653], [120.62298708653783, 23.839832760004512], [120.62086966788162, 23.839457721070914], [120.62213379842264, 23.840832863827437], [120.62112249398983, 23.841739207916962], [120.6185942329078, 23.840489078138305], [120.61714048278563, 23.837613779647395], [120.61742491215736, 23.838770149692653], [120.6163504011975, 23.839426467826446], [120.61682445015038, 23.84008278596024], [120.61556031960936, 23.840582837871704], [120.61979515692177, 23.842520539028623], [120.61827820027254, 23.842583045517554], [120.61963714060414, 23.84348938960708], [120.6183414067996, 23.84436448045214], [120.62131211357098, 23.844583253163403], [120.62159654294271, 23.846583460809256], [120.62330311917309, 23.84670847378712], [120.62292388001077, 23.847989856810244], [120.6196055373406, 23.848677428188505], [120.6205852385099, 23.84898996063317], [120.61947912428651, 23.849646278766965], [120.6227026571661, 23.84870868143297], [120.62485167908582, 23.851083928012418], [120.62440923339646, 23.85202152534641], [120.62595779330921, 23.852084031835343], [120.62608420636332, 23.855803167926847], [120.62779078259369, 23.857490843128033], [120.62665306510677, 23.857490843128033], [120.62646344552562, 23.858615959928823], [120.62485167908582, 23.85849094695096], [120.62447243992352, 23.859709823485147], [120.62301868980136, 23.860459901352343], [120.62352434201776, 23.86196005708673], [120.62194417884149, 23.863553972554516], [120.6205852385099, 23.863710238776846], [120.6205852385099, 23.86796068002428], [120.61992156997586, 23.868273212468942], [120.62140692336156, 23.868773264380405], [120.62153333641565, 23.869835874692264], [120.62393518444358, 23.86892953060274], [120.62377716812597, 23.871461043404516], [120.62579977699158, 23.87346125105037], [120.6248200758223, 23.877117880652936], [120.62665306510677, 23.879430620743452], [120.62750635322196, 23.883556049013016], [120.62959216861464, 23.884806178791674], [120.62896010334413, 23.8857125228812], [120.62943415229701, 23.889119126528037], [120.62734833690433, 23.889650431683968], [120.63196241337904, 23.889431658972704], [120.63404822877172, 23.89190066528555], [120.63237325580486, 23.89205693150788], [120.63313173412948, 23.89318204830867], [120.63436426140697, 23.893400821019938], [120.63379540266351, 23.894025885909265], [120.63417464182581, 23.895244762443454], [120.63313173412948, 23.895588548132586], [120.6329105112848, 23.896713664933376], [120.63436426140697, 23.89674491817784], [120.63404822877172, 23.8977137687563], [120.63505953320453, 23.898620112845826], [120.63370059287294, 23.900370294535946], [120.63483831035985, 23.901526664581205], [120.63347937002825, 23.90262052813753], [120.63164638074379, 23.90277679435986], [120.63300532107537, 23.904214443605316], [120.63218363622371, 23.90452697604998], [120.6326576851766, 23.905714599339703], [120.63212042969667, 23.906745956407093], [120.63351097329178, 23.906402170717964], [120.63357417981884, 23.908027339430216], [120.63050866325688, 23.908621151075078], [120.63300532107537, 23.909527495164603], [120.63177279379788, 23.910465092498598], [120.62981339145931, 23.910371332765198], [120.62978178819579, 23.91115266387686], [120.63215203296019, 23.91068386520986], [120.63354257655531, 23.912434046899982], [120.6330369243389, 23.9141842285901], [120.63471189730575, 23.91312161827824], [120.63335295697415, 23.915215585657492], [120.63436426140697, 23.91696576734761], [120.63389021245409, 23.917715845214804], [120.6349015168869, 23.91774709845927], [120.63486991362338, 23.92009109179425], [120.63648168006317, 23.919434773660456], [120.63537556583978, 23.921685007262038], [120.63724015838778, 23.921903779973302], [120.6372717616513, 23.924560305752948], [120.63275249496718, 23.928404454822317], [120.62851765765477, 23.930154636512434], [120.62782238585721, 23.931185993579827], [120.62975018493226, 23.931217246824293], [120.63038225020277, 23.932592389580815], [120.6309195056827, 23.932154844158283], [120.63215203296019, 23.932873668781014], [120.63275249496718, 23.935623954294055], [120.63550197889388, 23.93743664247311], [120.63682931596195, 23.935748967271923], [120.63686091922547, 23.937124110028442], [120.63012942409456, 23.94306222647706], [120.63076148936507, 23.944781154922715], [120.63335295697415, 23.94287470701026], [120.63458548425164, 23.943812304344256], [120.627569559749, 23.952031907638922], [120.63183600032494, 23.95343830363991], [120.63407983203524, 23.952250680350186], [120.63382700592703, 23.953375797150976], [120.63275249496718, 23.9543759009739], [120.62775917933016, 23.955844803463823], [120.62763276627607, 23.95656362808655], [120.63414303856229, 23.954157128262636], [120.6352807560492, 23.95237569332805], [120.63673450617136, 23.952688225772715], [120.64264431645061, 23.958282556532204], [120.64422447962689, 23.962095452357104], [120.6468475504995, 23.963376835380227], [120.64694236029007, 23.97162769191936], [120.64631029501956, 23.972971581431416], [120.65003948011557, 23.9829413664162], [120.65010268664261, 23.984910320817583], [120.64529899058675, 23.989629560732013], [120.63749298449598, 23.993754989001577], [120.63632366374554, 23.995505170691697], [120.63610244090087, 23.998411722427072], [120.63825146282059, 24.00409981291996], [120.63809344650296, 24.0074126568334], [120.64033727821327, 24.005756234876678], [120.64242309360594, 24.008944065812255], [120.64327638172112, 24.008350254167393], [120.64637350154662, 24.00913158527905], [120.6494706213721, 24.00810022821166], [120.6661571445135, 24.00775644252253], [120.67257260700916, 24.005849994610077], [120.67371032449608, 24.007725189278062], [120.67067641119765, 24.01063174101344], [120.67627018884164, 24.010850513724705], [120.67876684666014, 24.014225864127077], [120.68600399400745, 24.010475474791107], [120.69488451105809, 24.007100124388735], [120.70638809898134, 24.005193676476285], [120.71925062723616, 24.00966289043498], [120.7317339163287, 24.009006572301185], [120.74364834667777, 24.00216211176304], [120.74601859144217, 23.998567988649405], [120.74759875461844, 23.999161800294267], [120.75110671686976, 24.00288093638577], [120.75312932573539, 24.00234963122984], [120.7558788096621, 24.0035060012751], [120.75790141852772, 24.006068767321345], [120.76267351132005, 24.00625628678814], [120.76750881063944, 24.00906907879012], [120.7705743272014, 24.009100332034585], [120.77142761531658, 24.014413383593876], [120.77351343070926, 24.015913539328263], [120.77512519714905, 24.01847630537451], [120.77977087688728, 24.020257740309095], [120.77977087688728, 24.02113283115415], [120.78293120323983, 24.023695597200398], [120.7831524260845, 24.024758207512257], [120.7846377794702, 24.02410188937846], [120.78479579578783, 24.027633506003166], [120.78558587737596, 24.0276960124921], [120.78549106758538, 24.028664863070556], [120.78754527971454, 24.030352538271742], [120.78947307878958, 24.031227629116803], [120.79152729091874, 24.030696323960875], [120.79291783451384, 24.03247775889546], [120.79149568765521, 24.033727888674115], [120.79168530723636, 24.03525929765297], [120.79724748161682, 24.040947388145856], [120.79702625877215, 24.043666420414436], [120.80066063407757, 24.04866693952906], [120.8010714765034, 24.05144847828657], [120.80262003641614, 24.051667250997834], [120.80369454737601, 24.05354244566582], [120.80325210168665, 24.056167718201], [120.80628601498509, 24.060449412692897], [120.80726571615438, 24.063012178739143], [120.80698128678264, 24.064231055273332], [120.80919351522942, 24.066262516163647], [120.81175337957498, 24.066012490207918], [120.81447126023816, 24.069919145766217], [120.81633585278617, 24.068450243276295], [120.8192433530305, 24.068450243276295], [120.82076030967971, 24.069825386032818], [120.82929319083158, 24.071513061234004], [120.82837669618934, 24.07685736603776], [120.82891395166926, 24.083545560353574], [120.8280922668176, 24.086889657511477], [120.82831348966229, 24.09289028044903], [120.82853471250696, 24.094484195916817], [120.82992525610209, 24.09498424782828], [120.8324535171841, 24.09826583849725], [120.83160022906893, 24.100984870765828], [120.83030449526439, 24.10210998756662], [120.83450772931326, 24.107610558592707], [120.83447612604974, 24.112954863396464], [120.83627751207068, 24.116924025443698], [120.83864775683509, 24.11908049931188], [120.84212411582288, 24.120674414779668], [120.84297740393806, 24.123049661359115], [120.84484199648607, 24.124518563849037], [120.84891881748084, 24.12386224571524], [120.85388052985432, 24.124518563849037], [120.85615596482816, 24.121549505624728], [120.85719887252449, 24.117299064377296], [120.85849460632903, 24.116267707309905], [120.86551053083167, 24.115486376198245], [120.86886047676536, 24.117580343577494], [120.87224202596258, 24.116924025443698], [120.87385379240237, 24.11533010997591], [120.87423303156469, 24.11342366206346], [120.87764618402542, 24.10976703246089], [120.87916314067463, 24.109235727304963], [120.87932115699226, 24.10595413663599], [120.88017444510746, 24.10536032499113], [120.881470178912, 24.100516072098834], [120.87900512435701, 24.097984559297053], [120.87818343950535, 24.09348409209389], [120.87685610243729, 24.091202605247844], [120.8779938199242, 24.08504571608796], [120.87925795046522, 24.085858300444087], [120.88033246142508, 24.088577332712664], [120.88200743439192, 24.088327306756934], [120.8854521901162, 24.094765475117015], [120.89107757102371, 24.097453254141126], [120.89126719060486, 24.102422520011284], [120.89420629411272, 24.106547948280852], [120.89420629411272, 24.110360844105752], [120.89107757102371, 24.112236038773737], [120.89016107638147, 24.11420499317512], [120.89104596776019, 24.115642642420575], [120.89265773419999, 24.116236454065437], [120.89695577803944, 24.116267707309905], [120.9048881971843, 24.11448627237532], [120.90684759952288, 24.112329798507137], [120.90710042563109, 24.11070462979488], [120.90956548018606, 24.109235727304963], [120.913231458755, 24.10898570134923], [120.91455879582308, 24.107548052103777], [120.91986814409535, 24.107454292370377], [120.9271684979697, 24.111735986862275], [120.93184578097147, 24.112204785529272], [120.94451868964515, 24.122862141892316], [120.94837428779525, 24.124956109271565], [120.95011246728915, 24.12786266100694], [120.95539021229789, 24.125237388471763], [120.96120521278655, 24.12014310962374], [120.9709706212159, 24.120268122601605], [120.9744469802037, 24.118924233089547], [120.9752054585283, 24.116955278688163], [120.98522369306585, 24.120174362868205], [120.98898448142538, 24.11873671362275], [120.99189198166971, 24.120861934246467], [120.99201839472381, 24.12526864171623], [120.99862347680062, 24.126893810428484], [120.999729591024, 24.128175193451607], [121.0004880693486, 24.13239438145457], [121.00349037938352, 24.133894537188958], [121.00456489034339, 24.137613673280462], [121.00687192858074, 24.141145289905165], [121.00753559711478, 24.14361429621801], [121.00709315142542, 24.144895679241134], [121.01211807032595, 24.15214643195734], [121.01224448338006, 24.153334055247065], [121.0198924731532, 24.15886587951762], [121.02558106058777, 24.158115801650425], [121.02776168577103, 24.159584704140347], [121.02956307179197, 24.157678256227896], [121.03120644149529, 24.15355282795833], [121.03089040886003, 24.14964617240003], [121.03341866994207, 24.14858356208817], [121.03559929512532, 24.150740035956353], [121.03575731144295, 24.153084029291335], [121.03777992030858, 24.15789702893916], [121.04757693200145, 24.16002224956288], [121.05067405182693, 24.158115801650425], [121.05260185090198, 24.15477170449252], [121.05879609055296, 24.160241022274143], [121.05927013950584, 24.16271002858699], [121.06429505840637, 24.162897548053788], [121.066317667272, 24.165522820588965], [121.0724170971324, 24.169867021569797], [121.0746609288427, 24.169960781303196], [121.07908538573626, 24.17305485250537], [121.08120280439246, 24.175523858818217], [121.08486878296141, 24.17593015099628], [121.0913474519841, 24.182743358289958], [121.09106302261237, 24.184806072424742], [121.09397052285672, 24.187868890382447], [121.09441296854607, 24.190150377228495], [121.10196614852865, 24.195807214476915], [121.10929810566653, 24.198026194834032], [121.11340652992483, 24.19683857154431], [121.11874748146062, 24.197213610477906], [121.12253987308367, 24.196088493677113], [121.13227367824949, 24.19690107803324], [121.13635049924426, 24.196338519632846], [121.14134381488128, 24.19962011030182], [121.14254473889524, 24.201589064703203], [121.14301878784812, 24.20527694755024], [121.14614751093714, 24.20890232390834], [121.14813851653923, 24.213059005422373], [121.15142525594588, 24.212871485955578], [121.15651338137346, 24.21474668062356], [121.16112745784817, 24.21534049226842], [121.16394014830193, 24.219622186760322], [121.16438259399129, 24.2217786606285], [121.16770093666145, 24.22537278374214], [121.17348433388659, 24.22034101138305], [121.18075308449744, 24.212277674310716], [121.18239645420076, 24.21230892755518], [121.185177541391, 24.214465401423364], [121.19020246029153, 24.215684277957553], [121.19184582999485, 24.216903154491742], [121.1917826234678, 24.218059524537], [121.19380523233342, 24.220591037338778], [121.19671273257777, 24.223153803385024], [121.20154803189715, 24.22162239440617], [121.2080899074469, 24.221653647650637], [121.21583270701062, 24.225341530497673], [121.21968830516072, 24.229248186055976], [121.22834759936667, 24.22468521236388], [121.2282527895761, 24.225747822675736], [121.23062303434051, 24.226122861609333], [121.23040181149582, 24.223528842318622], [121.23792338821487, 24.21971594649372], [121.24073607866863, 24.221684900895102], [121.24414923112937, 24.222497485251232], [121.25122836215905, 24.23799909450657], [121.25505235704563, 24.243218386332458], [121.25878154214162, 24.245124834244912], [121.2649757817926, 24.24584365886764], [121.26636632538772, 24.2424370552208], [121.26589227643484, 24.241249431931077], [121.26851534730744, 24.239936795663485], [121.26892618973328, 24.23790533477317], [121.27391950537029, 24.235686354416057], [121.27660578276995, 24.235592594682657], [121.27774350025686, 24.231873458591153], [121.28017695154831, 24.229779491211904], [121.28273681589387, 24.23102962099056], [121.28577072919231, 24.229154426322577], [121.28934189797067, 24.2301545301455], [121.29313428959372, 24.229154426322577], [121.29569415393928, 24.232623536458348], [121.2988228770283, 24.233342361081075], [121.29803279544016, 24.234186198681666], [121.29888608355535, 24.235780114149453], [121.30087708915745, 24.236623951750047], [121.30236244254314, 24.236467685527714], [121.30365817634768, 24.233748653259138], [121.30590200805798, 24.233686146770204], [121.30880950830232, 24.23493627654886], [121.31408725331106, 24.234998783037796], [121.31642589481194, 24.234373718148465], [121.3193649983198, 24.231935965080087], [121.32445312374739, 24.23302982863641], [121.326475732613, 24.23252977672495], [121.3356722822989, 24.22859186792218], [121.3430042394368, 24.223560095563087], [121.34929328887834, 24.21065250559846], [121.34834519097258, 24.207339661685022], [121.34967252804064, 24.20021392194668], [121.3492300823513, 24.19962011030182], [121.34483722872126, 24.199870136257548], [121.34085521751706, 24.19846374025656], [121.335798695353, 24.199120058390356], [121.32574885755193, 24.196182253410512], [121.32416869437566, 24.194682097676125], [121.32299937362522, 24.19196306540755], [121.32047111254319, 24.191463013496087], [121.31734238945417, 24.188087663093714], [121.31614146544021, 24.18552489704747], [121.3110217367491, 24.18324341020142], [121.30760858428836, 24.18061813766624], [121.29879127376476, 24.180086832510312], [121.2964526322639, 24.178305397575727], [121.29171214273508, 24.177117774286003], [121.28621317488167, 24.177367800241736], [121.28769852826736, 24.173273625216634], [121.28839380006492, 24.158240814628293], [121.28782494132146, 24.1572094575609], [121.28033496786594, 24.157865775694695], [121.28103023966351, 24.154490425292323], [121.28321086484675, 24.153834107158527], [121.28469621823244, 24.15205267222394], [121.28422216927956, 24.14583327657513], [121.28137787556228, 24.135863491590342], [121.29585217025691, 24.132425634699036], [121.30147755116442, 24.127487622073346], [121.3035633665571, 24.124581070337968], [121.31162219875608, 24.120174362868205], [121.315888639332, 24.116423973532235], [121.32530641186257, 24.11595517486524], [121.32840353168807, 24.11464253859765], [121.32808749905281, 24.111454707662077], [121.32691817830236, 24.110267084372353], [121.32524320533552, 24.101828708366423], [121.31914377547513, 24.095390540006342], [121.31920698200217, 24.092765267471165], [121.32113478107722, 24.08888986515733], [121.32328380299695, 24.08654587182235], [121.32312578667933, 24.084951956354562], [121.31838529715051, 24.080045196973334], [121.30817744303181, 24.07332574941306], [121.30606002437561, 24.069512853588154], [121.30233083927962, 24.066356275897046], [121.29989738798815, 24.06216834113855], [121.29891768681887, 24.06163703598262], [121.29553613762165, 24.063793509850804], [121.28943670776125, 24.058886750469576], [121.28646600098986, 24.05798040638005], [121.28321086484675, 24.054261270288546], [121.28261040283977, 24.051292212064237], [121.28460140844187, 24.049166991440522], [121.28558110961116, 24.045197829393288], [121.28570752266526, 24.039728511611667], [121.28226276694099, 24.034227940585577], [121.28185192451517, 24.032133973206328], [121.27660578276995, 24.024633194534392], [121.27632135339822, 24.020163980575695], [121.2703167333284, 24.01000667612411], [121.26955825500379, 24.007881455500396], [121.27003230395667, 24.006693832210672], [121.26544983074548, 24.001036994962252], [121.2601088792097, 23.992317339756124], [121.26127819996013, 23.982441314504737], [121.26402768388684, 23.976315678589323], [121.26488097200203, 23.97537808125533], [121.27319263030921, 23.97537808125533], [121.27508882612072, 23.971877717875092], [121.27559447833714, 23.968377354494855], [121.27793311983801, 23.965845841693074], [121.27524684243835, 23.96040777715592], [121.27581570118181, 23.95587605670829], [121.27470958695842, 23.95143809599406], [121.27183368997761, 23.948219011814018], [121.27429874453259, 23.945718752256706], [121.27350866294447, 23.943718544610856], [121.27404591842439, 23.941999616165205], [121.27208651608582, 23.938217973584766], [121.27385629884324, 23.936217765938917], [121.27369828252561, 23.934123798559668], [121.27486760327605, 23.93156103251342], [121.27341385315388, 23.928498214555713], [121.27651097297937, 23.923185162996425], [121.27515203264778, 23.91887221526006], [121.27524684243835, 23.91740331277014], [121.27622654360763, 23.91643446219168], [121.27543646201951, 23.91468428050156], [121.27610013055354, 23.910121306809465], [121.27489920653957, 23.90755854076322], [121.27044314638249, 23.906495930451364], [121.26627151559714, 23.907277261563024], [121.26105697711546, 23.90258927489306], [121.26270034681878, 23.900151521824682], [121.26235271092, 23.899245177735157], [121.26652434170535, 23.898432593379027], [121.26522860790081, 23.896401132488712], [121.26605029275247, 23.8941821521316], [121.26551303727254, 23.891244347151755], [121.26740923308405, 23.888994113550172], [121.26829412446277, 23.88343103603515], [121.26551303727254, 23.883149756834953], [121.2633640153528, 23.881212055678038], [121.26292156966345, 23.879493127232383], [121.26526021116433, 23.872898692649972], [121.25795985728996, 23.872336134249576], [121.25691694959363, 23.869460835758666], [121.25306135144353, 23.867898173535348], [121.25296654165295, 23.86367898553238], [121.2521448568013, 23.861303738952934], [121.25037507404387, 23.860834940285937], [121.25021705772625, 23.85664700552744], [121.2487949108676, 23.853896720014394], [121.2489213239217, 23.852146538324277], [121.24449686702815, 23.848927454144235], [121.24348556259534, 23.84498954534147], [121.23931393180999, 23.840114039204707], [121.23928232854647, 23.837144980980398], [121.23773376863372, 23.832488247554906], [121.23811300779602, 23.83017550746439], [121.23669086093737, 23.82520624159423], [121.23694368704558, 23.823799845593243], [121.2390927089653, 23.82183089119186], [121.2380814045325, 23.82154961199166], [121.23469985533528, 23.817517943455496], [121.23457344228117, 23.81217363865174], [121.2321083877262, 23.810360950472685], [121.23052822454993, 23.81023593749482], [121.22923249074539, 23.808829541493832], [121.2276207243056, 23.808610768782568], [121.22790515367733, 23.805329178113595], [121.22648300681868, 23.8043915807796], [121.2255033056494, 23.79823469161972], [121.22657781660925, 23.796078217751536], [121.2263881970281, 23.793421691971893], [121.22705186556213, 23.791296471348176], [121.23033860496878, 23.79029636752525], [121.23052822454993, 23.7882961598794], [121.22629338723752, 23.78367067969837], [121.21940387578898, 23.781639218808056], [121.21829776156561, 23.779701517651137], [121.21172428275231, 23.775576089381573], [121.20922762493382, 23.775982381559636], [121.20695218995999, 23.775107290714576], [121.2066045540612, 23.77341961551339], [121.20464515172263, 23.772419511690465], [121.20663615732474, 23.767387739331372], [121.20862716292683, 23.76601259657485], [121.20647814100711, 23.76288727212821], [121.21096580442772, 23.761105837193625], [121.21314642961096, 23.75760547381339], [121.21864539746439, 23.756386597279196], [121.22148969118166, 23.752729967676625], [121.22525047954119, 23.75176111709817], [121.22929569727243, 23.752261169009632], [121.23251923015202, 23.75060474705291], [121.23308808889549, 23.747948221273266], [121.23008577886057, 23.747198143406074], [121.22879004505603, 23.744291591670695], [121.22844240915725, 23.736447027309627], [121.22967493643475, 23.733165436640654], [121.22964333317121, 23.73016512517188], [121.23226640404383, 23.729540060282552], [121.23315129542253, 23.730040112194015], [121.233720154166, 23.727571105881168], [121.23621681198449, 23.724352021701126], [121.23940874160056, 23.72432076845666], [121.2378285784243, 23.719851554497964], [121.23956675791818, 23.715413593783733], [121.23890308938415, 23.71394469129381], [121.23925072528293, 23.710975633069502], [121.24114692109445, 23.70900667866812], [121.24111531783093, 23.70578759448808], [121.23934553507351, 23.69975571830606], [121.24121012762151, 23.69847433528294], [121.23937713833703, 23.694692692702503], [121.23931393180999, 23.686754368608035], [121.23738613273494, 23.685097946651318], [121.23270884973319, 23.678034713401907], [121.23264564320613, 23.67628453171179], [121.23463664880823, 23.67384677864341], [121.23599558913982, 23.6705026814855], [121.23602719240334, 23.66468957801475], [121.23542673039637, 23.66140798734578], [121.23191876814505, 23.657876370721073], [121.2302437951782, 23.64796909222522], [121.22771553409616, 23.64518755346771], [121.2242707783719, 23.639124424041228], [121.2240179522637, 23.63293628163688], [121.22499765343298, 23.62874834687838], [121.22379672941902, 23.62359156154142], [121.21994113126893, 23.61690336722561], [121.21731806039631, 23.614684386868497], [121.2159275168012, 23.60724611468549], [121.21311482634744, 23.60008912170268], [121.20812151071043, 23.5982139270347], [121.20625691816242, 23.595776173966318], [121.2017376514783, 23.596776277789242], [121.2001258850385, 23.596401238855645], [121.19456371065803, 23.600526667125212], [121.19367881927933, 23.600339147658413], [121.1909293353526, 23.5979326478345], [121.1894123787034, 23.594838576632327], [121.18362898147825, 23.59321340792007], [121.18230164441019, 23.591244453518687], [121.1798365898552, 23.590088083473432], [121.17999460617283, 23.587462810938252], [121.17882528542239, 23.58311860995742], [121.17718191571907, 23.582618558045958], [121.17538052969812, 23.583712421602282], [121.17108248585866, 23.584431246225012], [121.16940751289182, 23.586556466848727], [121.16675283875568, 23.58715027849359], [121.16049539257766, 23.587025265515724], [121.15818835434031, 23.585712629248135], [121.15556528346771, 23.58705651876019], [121.15338465828445, 23.58677523955999], [121.15199411468933, 23.581274668533904], [121.15193090816229, 23.57389890283983], [121.15341626154797, 23.571679922482716], [121.16033737626003, 23.569773474570265], [121.16033737626003, 23.56780452016888], [121.15803033802268, 23.56405413083291], [121.15714544664397, 23.55955366362975], [121.15205732121639, 23.560553767452674], [121.14997150582371, 23.5573659365171], [121.14633713051829, 23.554896930204254], [121.1495922666614, 23.54892756051117], [121.15104601678357, 23.544364586819075], [121.14839134264744, 23.539239054726583], [121.14829653285686, 23.536363756235673], [121.14690598926174, 23.534082269389625], [121.14911821770852, 23.531644516321244], [121.15110922331063, 23.527269062095947], [121.15063517435775, 23.52655023747322], [121.14693759252528, 23.527206555607016], [121.14437772817972, 23.52558138689476], [121.13834150484637, 23.5206121210246], [121.13556041765614, 23.51523656297638], [121.13224207498597, 23.515080296754046], [121.13113596076258, 23.517486796577963], [121.12826006378177, 23.518486900400887], [121.12636386797024, 23.51704925115543], [121.12045405769099, 23.521018413202665], [121.11808381292659, 23.521612224847527], [121.1154923453175, 23.520237082091004], [121.10961413830178, 23.51898695231235], [121.10367272475901, 23.518924445823416], [121.10101805062288, 23.521237185913932], [121.09757329489861, 23.52167473133646], [121.09311723474153, 23.517549303066893], [121.09210593030872, 23.514861524042782], [121.088092315841, 23.514048939686656], [121.08275136430521, 23.514705257820452], [121.07500856474148, 23.51742429008903], [121.06852989571878, 23.51845564715642], [121.06875111856345, 23.514767764309383], [121.06600163463675, 23.50611061559219], [121.06296772133831, 23.50382912874614], [121.06208282995959, 23.499453674520844], [121.05724753064021, 23.496203337096336], [121.05408720428767, 23.495609525451474], [121.05282307374667, 23.49354681131669], [121.05415041081473, 23.48992143495859], [121.05332872596307, 23.487483681890208], [121.05010519308348, 23.486546084556217], [121.04874625275188, 23.482701935486848], [121.04495386112883, 23.480545461618664], [121.03901244758606, 23.474451078947716], [121.03898084432254, 23.47373225432499], [121.0444166056489, 23.470106877966884], [121.04966274739412, 23.467825391120837], [121.0517485627868, 23.464075001784867], [121.05901731339763, 23.46188727467222], [121.05816402528245, 23.460043333248702], [121.05566736746394, 23.459043229425774], [121.05323391617249, 23.455449106312138], [121.05332872596307, 23.453480151910753], [121.05206459542205, 23.45101114559791], [121.04647081777806, 23.450854879375576], [121.04394255669602, 23.448948431463126], [121.03493562659129, 23.446073132972217], [121.03354508299617, 23.445448068082886], [121.03376630584084, 23.44419793830423], [121.03272339814451, 23.442979061770043], [121.02864657714973, 23.44160391901352], [121.02652915849353, 23.439134912700673], [121.0218834787553, 23.43888488674494], [121.01850192955808, 23.4359470817651], [121.01524679341497, 23.435384523364704], [121.01414067919158, 23.43794728941095], [121.0105695104132, 23.441260133324388], [121.01037989083206, 23.443385353948106], [121.01063271694026, 23.446510678394745], [121.01284494538704, 23.448760911996327], [121.01436190203626, 23.449229710663325], [121.01584725542195, 23.45160495724277], [121.01464633140799, 23.45463652195601], [121.01173883116365, 23.457168034757792], [121.00848369502053, 23.462106047383482], [121.00380641201878, 23.462949884984077], [120.99966638449695, 23.462168553872417], [120.98354872009901, 23.46701280676471], [120.9805464100641, 23.46920053387736], [120.97065458858064, 23.46901301441056], [120.96784189812688, 23.47154452721234], [120.96670418063997, 23.47170079343467], [120.96518722399075, 23.470700689611746], [120.9613948323677, 23.47076319610068], [120.95128178803958, 23.46754411192064], [120.94752099968005, 23.46710656649811], [120.94157958613728, 23.469825598766686], [120.93794521083187, 23.47291966996886], [120.93465847142522, 23.47310718943566], [120.9307712700116, 23.470700689611746], [120.92072143221053, 23.474982384103644], [120.91749789933094, 23.475669955481905], [120.91465360561365, 23.474732358147914], [120.91019754545657, 23.4762325138823], [120.90194909367645, 23.476076247659968], [120.89961045217557, 23.47535742303724], [120.88712716308304, 23.47560744899297], [120.88425126610223, 23.47432606596985], [120.88191262460136, 23.468294189787834], [120.88077490711443, 23.467637871654038], [120.87309531407776, 23.468544215743563], [120.86358273175662, 23.473482228369257], [120.85299563847562, 23.473138442680128], [120.84876080116321, 23.472138338857203], [120.84654857271644, 23.473075936191194], [120.84256656151224, 23.473263455657992], [120.83899539273386, 23.471231994767674], [120.83264313676527, 23.474732358147914], [120.82989365283855, 23.480732981085463], [120.8270809623848, 23.48338950686511], [120.82619607100608, 23.4885150389576], [120.82531117962738, 23.48973391549179], [120.82543759268148, 23.494828194339814], [120.82281452180887, 23.498922369364916], [120.82404704908636, 23.504141661190804], [120.82278291854534, 23.509017167327563], [120.82319376097118, 23.510954868484482], [120.81955938566576, 23.51558034866551], [120.8191169399764, 23.519549510712743], [120.82041267378094, 23.521237185913932], [120.81813723880711, 23.523456166271046], [120.8125118578996, 23.532550860410772], [120.80859305322244, 23.53620749001334], [120.80818221079662, 23.542145606461958], [120.80881427606712, 23.545833489308993], [120.81131093388562, 23.549427612422633], [120.81146895020325, 23.551052781134885], [120.81459767329227, 23.551834112246546], [120.81589340709681, 23.553678053670065], [120.8140288145488, 23.55599079376058], [120.82069710315267, 23.562616481587458], [120.81993862482805, 23.564491676255443], [120.82145558147728, 23.56824206559141], [120.82107634231497, 23.570023500525995], [120.82189802716664, 23.570898591371055], [120.81959098892928, 23.57486775341829], [120.81987541830101, 23.577461772709], [120.82161359779491, 23.580118298488646], [120.82129756515965, 23.581243415289435], [120.8237310164511, 23.584118713780345], [120.82467911435687, 23.584212473513745], [120.82537438615442, 23.58652521360426], [120.81987541830101, 23.59043186916256], [120.81867449428704, 23.593713459831534], [120.8168731082661, 23.59558865449952], [120.81861128775999, 23.598245180279164], [120.81763158659071, 23.599589069791218], [120.81390240149472, 23.60096421254774], [120.8112793306221, 23.600151628191615], [120.80979397723641, 23.598682725701693], [120.80514829749818, 23.598620219212762], [120.80372615063953, 23.596838784278177], [120.79490884011595, 23.59724507645624], [120.7908636223847, 23.60096421254774], [120.78372128482796, 23.60071418659201], [120.77958125730613, 23.60158927743707], [120.7745563384056, 23.605214653795173], [120.77022669130262, 23.605964731662368], [120.76962622929564, 23.608058699041617], [120.76428527775985, 23.612246633800115], [120.75809103810887, 23.61249665975585], [120.75293970615424, 23.614840653090827], [120.75047465159925, 23.614059321979166], [120.74747234156433, 23.61115277024379], [120.74633462407742, 23.61249665975585], [120.74437522173885, 23.612684179222644], [120.74175215086625, 23.612434153266914], [120.73903427020306, 23.610152666420866], [120.73587394385052, 23.609558854776004], [120.73084902494999, 23.610808984554662], [120.73075421515941, 23.618090990515334], [120.72693022027283, 23.61996618518332], [120.72531845383304, 23.621841379851304], [120.72380149718383, 23.621903886340235], [120.71871337175624, 23.629810957190237], [120.7160586976201, 23.62952967799004], [120.71305638758518, 23.627810749544388], [120.714067692018, 23.621028795495178], [120.71030690365848, 23.61918485407166], [120.70689375119774, 23.618684802160196], [120.70499755538621, 23.61727840615921], [120.70177402250663, 23.617528432114938], [120.69678070686962, 23.619997438427784], [120.6915345651244, 23.620372477361382], [120.68606720053451, 23.6182160034932], [120.68540353200048, 23.612684179222644], [120.683570542716, 23.610871491043593], [120.67778714549085, 23.61105901051039], [120.6691278512849, 23.60934008206474], [120.66448217154667, 23.611121516999326], [120.66119543214002, 23.61046519886553], [120.658667171058, 23.613559270067704], [120.65139842044715, 23.61621579584735], [120.65291537709638, 23.62187263309577], [120.65256774119759, 23.624779184831144], [120.65361064889393, 23.62874834687838], [120.65301018688695, 23.629498424745574], [120.64905977894627, 23.629842210434703], [120.64668953418187, 23.631029833724426], [120.64514097426913, 23.63099858047996], [120.64387684372811, 23.628248294966916], [120.638757115037, 23.62474793158668], [120.6354071691033, 23.61987242544992], [120.63354257655531, 23.619216107316124], [120.63044545672982, 23.623154016118892], [120.62870727723592, 23.6303110091017], [120.62997140777694, 23.631936177813955], [120.63000301104046, 23.63387387897087], [120.62908651639823, 23.635155261993994], [120.63199401664257, 23.64040580706435], [120.6352807560492, 23.643156092577396], [120.63483831035985, 23.647062748135696], [120.63632366374554, 23.64825037142542], [120.63509113646805, 23.64971927391534], [120.63496472341394, 23.651563215338857], [120.63847268566526, 23.659595299166725], [120.63998964231449, 23.660939188678782], [120.64055850105794, 23.664377045570088], [120.64438249594451, 23.667627382994592], [120.6451093710056, 23.671784064508625], [120.64675274070892, 23.672502889131355], [120.64615227870193, 23.677347142023645], [120.64826969735815, 23.682910219538666], [120.64675274070892, 23.68409784282839], [120.64691075702655, 23.68681687509697], [120.64570983301259, 23.687191914030567], [120.6454886101679, 23.690067212521477], [120.64659472439129, 23.691754887722663], [120.64567822974905, 23.695911569236696], [120.64343439803875, 23.699661958572662], [120.64564662648553, 23.703193575197368], [120.6428655392953, 23.705381302310016], [120.6415065989637, 23.70550631528788], [120.63970521294276, 23.70875665271239], [120.64024246842268, 23.70978800977978], [120.6390099411452, 23.71056934089144], [120.64052689779442, 23.71310085369322], [120.64071651737557, 23.71425722373848], [120.63980002273334, 23.714444743205274], [120.6407481206391, 23.71760132089638], [120.64046369126737, 23.71960152854223], [120.64169621854485, 23.722289307566346], [120.64093774022025, 23.723695703567333], [120.64134858264607, 23.72432076845666], [120.63973681620628, 23.726633508547174], [120.63983162599686, 23.72904000837109], [120.64027407168622, 23.730821443305675], [120.64207545770716, 23.730633923838877], [120.64463532205272, 23.736634546776425], [120.64627869175604, 23.735571936464567], [120.65089276823075, 23.73616574810943], [120.65440073048207, 23.73450932615271], [120.65582287734071, 23.73513439104204], [120.65436912721854, 23.742103864558047], [120.65465355659026, 23.748323260206863], [120.65594929039482, 23.75376132474402], [120.65553844796898, 23.75548025318967], [120.64849092020282, 23.773200842802126], [120.64242309360594, 23.781701725296987], [120.64036888147679, 23.78604592627782]]]}}, {"type": "Feature", "properties": {"COUNTYID": "P", "name": "\u96f2\u6797\u7e23", "tree2pv_total": 2.6, "pv_new_total": 380.2, "tree_loss_total": 340.4, "tree_pct0": 9.32, "tree_pctN": 16.79, "pv_water": 32.7, "pv_farm": 302.5, "pv_bare": 42.5, "pv_tree": 2.6}, "geometry": {"type": "MultiPolygon", "coordinates": [[[[120.08105432360443, 23.524143737649307], [120.08769100894477, 23.52195601053666], [120.08819666116118, 23.520518361291202], [120.09078812877026, 23.520268335335473], [120.09353761269696, 23.517893088756026], [120.09385364533222, 23.516486692755038], [120.09521258566382, 23.515455335687644], [120.0949597595556, 23.51211123852974], [120.09616068356958, 23.51151742688488], [120.09581304767079, 23.51054857630642], [120.09353761269696, 23.51064233603982], [120.09151500383135, 23.512079985285272], [120.09072492224321, 23.51148617364041], [120.08686932409312, 23.51217374501867], [120.08478350870043, 23.51151742688488], [120.08282410636185, 23.512517530707804], [120.0821288345643, 23.511861212574008], [120.08304532920654, 23.51079860226215], [120.0823816606725, 23.51036105683962], [120.0826344867807, 23.50864212839397], [120.07928454084701, 23.508954660838633], [120.07659826344735, 23.507329492126377], [120.07704070913671, 23.50582933639199], [120.07508130679814, 23.50298529114555], [120.07757796461664, 23.502672758700882], [120.07536573616987, 23.501360122433294], [120.07236342613496, 23.50198518732262], [120.07135212170215, 23.50401664821294], [120.06989837157997, 23.503766622257206], [120.07109929559394, 23.50314155736788], [120.07090967601279, 23.501860174344756], [120.07015119768818, 23.502735265189816], [120.06860263777543, 23.50220396003389], [120.06860263777543, 23.50139137567776], [120.06699087133563, 23.50017249914357], [120.07410160562885, 23.498797356387048], [120.0729322848784, 23.497422213630525], [120.0706884531681, 23.49739096038606], [120.06999318137055, 23.498703596653648], [120.06648521911923, 23.498641090164718], [120.06518948531469, 23.496640882518868], [120.06974035526234, 23.496640882518868], [120.06936111610004, 23.495234486517877], [120.07182617065503, 23.493796837272424], [120.06910828999185, 23.49320302562756], [120.06926630630947, 23.491265324470643], [120.06784415945083, 23.49017146091432], [120.06686445828154, 23.491702869893174], [120.06528429510527, 23.49192164260444], [120.06537910489584, 23.494640674873015], [120.06439940372655, 23.49435939567282], [120.0640833710913, 23.49320302562756], [120.06193434917158, 23.49295299967183], [120.06278763728676, 23.492046655582303], [120.05725706616981, 23.491515350426376], [120.05545568014887, 23.4925154542493], [120.05397032676318, 23.4923279347825], [120.05596133236527, 23.491234071226177], [120.0561193486829, 23.490265220647718], [120.06278763728676, 23.489452636291592], [120.06455742004418, 23.487327415667878], [120.06462062657123, 23.486421071578352], [120.06367252866548, 23.486577337800682], [120.06326168623964, 23.485514727488823], [120.06376733845605, 23.48276444197578], [120.06237679486092, 23.482701935486848], [120.06038578925883, 23.481264286241395], [120.06250320791503, 23.480482955129734], [120.05855279997436, 23.47885778641748], [120.05564529973002, 23.479701624018073], [120.05393872349966, 23.478826533173013], [120.05286421253979, 23.47963911752914], [120.05419154960785, 23.481076766774596], [120.05640377805463, 23.48110802001906], [120.05829997386616, 23.482701935486848], [120.05580331604764, 23.48426459771017], [120.05681462048047, 23.48579600668902], [120.05431796266195, 23.488046240290604], [120.05267459295864, 23.487952480557205], [120.05204252768813, 23.487077389712145], [120.05333826149267, 23.48685861700088], [120.05232695705986, 23.485577233977757], [120.05352788107382, 23.485077182066295], [120.05355948433734, 23.483358253620644], [120.0522637505328, 23.483795799043172], [120.05210573421517, 23.481576818686058], [120.0495142666061, 23.479514104551274], [120.04796570669335, 23.480232929174], [120.04897701112617, 23.476795072282695], [120.04720722836875, 23.47867026695068], [120.04676478267939, 23.47782642935009], [120.04309880411044, 23.476732565793764], [120.04202429315058, 23.479920396729337], [120.04559546192895, 23.4842333444657], [120.0455322554019, 23.487514935134676], [120.04670157615234, 23.48998394144752], [120.04904021765321, 23.492015402337838], [120.05090481020122, 23.491890389359973], [120.05144206568114, 23.4927967334495], [120.04764967405809, 23.49373433078349], [120.04723883163227, 23.49520323327341], [120.04613271740888, 23.49367182429456], [120.04502660318549, 23.49354681131669], [120.04464736402319, 23.491609110159775], [120.04559546192895, 23.490827779048114], [120.04467896728671, 23.489202610335862], [120.04480538034082, 23.48695237673428], [120.04376247264447, 23.48417083797677], [120.04230872252231, 23.484014571754436], [120.04136062461654, 23.481264286241395], [120.04038092344726, 23.480951753796727], [120.04066535281899, 23.478357734506016], [120.0375682329935, 23.478545253972815], [120.03848472763573, 23.480045409707202], [120.03759983625703, 23.480389195396334], [120.03703097751357, 23.48251441602005], [120.03541921107377, 23.48301446793151], [120.03488195559385, 23.482108123841986], [120.03627249918895, 23.48135804597479], [120.0359564665537, 23.480389195396334], [120.03662013508774, 23.479795383751473], [120.0354508143373, 23.479045305884277], [120.03579845023607, 23.47754515014989], [120.03494516212089, 23.47735763068309], [120.03304896630937, 23.479607864284674], [120.02979383016626, 23.479607864284674], [120.02707594950307, 23.477857682594554], [120.02729717234774, 23.47598248792657], [120.02555899285385, 23.47579496845977], [120.02470570473866, 23.474638598414515], [120.02590662875264, 23.47304468294673], [120.02293592198124, 23.470888209078545], [120.02255668281894, 23.469638079299887], [120.02574861243501, 23.468387949521233], [120.02410524273168, 23.46745035218724], [120.02347317746117, 23.465731423741587], [120.02530616674565, 23.464950092629927], [120.023884019887, 23.45954328133724], [120.02261988934599, 23.460262105959966], [120.02012323152748, 23.45873069698111], [120.01914353035819, 23.45944952160384], [120.0176581769725, 23.458699443736645], [120.01525632894457, 23.458980722936843], [120.01389738861299, 23.459980826759768], [120.01522472568105, 23.461074690316092], [120.01468747020111, 23.46232482009475], [120.01671007906674, 23.4680441638321], [120.01885910098648, 23.4680441638321], [120.01958597604755, 23.468856748188227], [120.0180374161348, 23.469513066322023], [120.01228562217318, 23.467825391120837], [120.01269646459902, 23.46691904703131], [120.00963094803706, 23.464856332896527], [120.0075767359079, 23.461074690316092], [120.00991537740879, 23.45891821644791], [120.01234882870024, 23.454198976533483], [120.01446624735644, 23.452792580532492], [120.01601480726919, 23.448073340618066], [120.01993361194633, 23.444229191548697], [120.01873268793237, 23.442322743636247], [120.02009162826396, 23.442228983902847], [120.02081850332505, 23.43941619190087], [120.02224065018369, 23.438509847811343], [120.02031285110864, 23.435697055809367], [120.01917513362173, 23.43629086745423], [120.01724733454667, 23.441322639813322], [120.01585679095156, 23.4398537373234], [120.0141818179847, 23.44179143848032], [120.01544594852572, 23.443822899370634], [120.01386578534945, 23.445135535638222], [120.01301249723427, 23.444604230482295], [120.01203279606499, 23.448354619818264], [120.00811399138783, 23.4519487429319], [120.00444801281888, 23.460324612448897], [119.99689483283632, 23.46579393023052], [120.00030798529707, 23.47295092321333], [120.0017301321557, 23.474044786769653], [120.00419518671069, 23.474201052991983], [120.00925170887474, 23.47842024099495], [120.01089507857807, 23.47870152019515], [120.01016820351698, 23.479514104551274], [120.01247524175434, 23.480482955129734], [120.0126648613355, 23.481858097886253], [120.01421342124823, 23.48188935113072], [120.01604641053271, 23.4842333444657], [120.02148217185908, 23.486889870245346], [120.02394722641405, 23.489202610335862], [120.0249901341104, 23.489015090869064], [120.02540097653622, 23.49017146091432], [120.03772624931112, 23.496297096829736], [120.04028611365668, 23.498922369364916], [120.04979869597783, 23.505204271502663], [120.05210573421517, 23.505610563680726], [120.05229535379632, 23.507110719415113], [120.0579839412309, 23.509548472483495], [120.06054380557646, 23.51211123852974], [120.06259801770561, 23.51264254368567], [120.06379894171957, 23.515017790265116], [120.06661163217333, 23.51514280324298], [120.06888706714716, 23.51783058226709], [120.07100448580336, 23.51820562120069], [120.0732799207772, 23.520705880758], [120.07906331800234, 23.523143633826383], [120.0786524755765, 23.524300003871637], [120.07972698653637, 23.524425016849506], [120.08092791055033, 23.52630021151749], [120.08155997582084, 23.525737653117094], [120.08105432360443, 23.524143737649307]]], [[[120.09849932507045, 23.542051846728558], [120.10235492322055, 23.540207905305042], [120.10282897217343, 23.538582736592787], [120.10399829292388, 23.538270204148123], [120.10526242346488, 23.536019970546544], [120.1080119073916, 23.533988509656226], [120.10712701601288, 23.532925899344367], [120.10548364630957, 23.53401976290069], [120.10305019501811, 23.531644516321244], [120.1087703857162, 23.53186328903251], [120.10899160856088, 23.53055065276492], [120.1106349782642, 23.530613159253853], [120.11145666311586, 23.529456789208595], [120.10927603793262, 23.52914425676393], [120.11028734236542, 23.52811289969654], [120.11000291299369, 23.527269062095947], [120.10418791250503, 23.52826916591887], [120.10358745049804, 23.529206763252866], [120.10184927100414, 23.529644308675394], [120.09995307519262, 23.529488042453064], [120.09887856423276, 23.527894126985277], [120.09941581971269, 23.52723780885148], [120.0981832924352, 23.526081438806223], [120.09891016749629, 23.523799951960175], [120.09742481411058, 23.521362198891797], [120.096065873779, 23.521643478091995], [120.09300035721704, 23.52767535427401], [120.09164141688544, 23.527300315340415], [120.09088293856084, 23.529206763252866], [120.09189424299365, 23.529675561919863], [120.09113576466903, 23.531206970898715], [120.0922102756289, 23.531800782543577], [120.09262111805472, 23.53401976290069], [120.0966979390495, 23.53908278850425], [120.0963186998872, 23.54092672992777], [120.09815168917167, 23.540864223438835], [120.09849932507045, 23.542051846728558]]], [[[120.1324096268332, 23.546708580154053], [120.13392658348242, 23.54736489828785], [120.13471666507054, 23.543677015440814], [120.13661286088207, 23.54342698948508], [120.1367708771997, 23.542614405128955], [120.13430582264472, 23.539270307971048], [120.13386337695536, 23.536520022458006], [120.13250443662378, 23.535926210813145], [120.13228321377909, 23.534519814812153], [120.1289332678454, 23.532550860410772], [120.1280483764667, 23.533238431789034], [120.12751112098675, 23.53239459418844], [120.12991296901468, 23.530831931965118], [120.13247283336024, 23.530519399520454], [120.12728989814208, 23.530144360586856], [120.12570973496581, 23.53108195792085], [120.12703707203389, 23.532863392855436], [120.12700546877035, 23.534519814812153], [120.12612057739165, 23.534957360234685], [120.12792196341259, 23.536269996502273], [120.12675264266215, 23.53692631463607], [120.12738470793266, 23.53805143143686], [120.12896487110893, 23.538457723614922], [120.1280483764667, 23.539489080682316], [120.12684745245272, 23.539489080682316], [120.12678424592568, 23.541489288328165], [120.128427615629, 23.543208216773817], [120.12640500676338, 23.543051950551483], [120.12634180023632, 23.544458346552474], [120.12950212658886, 23.544114560863342], [120.13019739838641, 23.546427300953855], [120.12921769721713, 23.54692735286532], [120.13057663754873, 23.54823998913291], [120.13228321377909, 23.547896203443777], [120.1324096268332, 23.546708580154053]]], [[[120.13275726273197, 23.564366663277575], [120.13070305060282, 23.562085176431527], [120.13076625712988, 23.56042875447481], [120.1324096268332, 23.559522410385284], [120.1307978603934, 23.55964742336315], [120.13165114850858, 23.557240923539236], [120.12981815922411, 23.55502194318212], [120.13063984407577, 23.553678053670065], [120.13048182775815, 23.55186536549101], [120.1295653331159, 23.55108403437935], [120.12852242541958, 23.552021631713345], [120.12931250700771, 23.552615443358206], [120.12782715362201, 23.553303014736468], [120.12766913730438, 23.5572721767837], [120.12548851212114, 23.558834839007023], [120.1227074249309, 23.556428339183107], [120.1227074249309, 23.555303222382317], [120.12387674568134, 23.55502194318212], [120.1224545988227, 23.554334371803858], [120.12251780534974, 23.552396670646942], [120.1210956584911, 23.552365417402473], [120.11945228878778, 23.550771501934687], [120.11983152795008, 23.550177690289825], [120.11888343004433, 23.54883380077777], [120.11825136477383, 23.549490118911564], [120.1163551689623, 23.5493651059337], [120.1151226416848, 23.54805246966611], [120.11537546779302, 23.546021008775792], [120.11306842955565, 23.546427300953855], [120.10946565751377, 23.545145917930736], [120.1096236738314, 23.542614405128955], [120.1106349782642, 23.541833074017294], [120.10899160856088, 23.541301768861366], [120.10810671718217, 23.53961409366018], [120.10564166262719, 23.540614197483105], [120.10564166262719, 23.542426885662156], [120.10368226028862, 23.543770775174213], [120.1050412006202, 23.547989963177177], [120.11120383700766, 23.55395933287026], [120.11136185332529, 23.555209462648918], [120.1147434025225, 23.55570951456038], [120.11534386452948, 23.556553352160975], [120.12144329438989, 23.556115806738443], [120.12286544124852, 23.556990897583503], [120.12188574007924, 23.558272280606626], [120.12359231630961, 23.55955366362975], [120.12447720768833, 23.56292901403212], [120.12637340349984, 23.563804104877182], [120.12773234383144, 23.56327279972125], [120.1307978603934, 23.563804104877182], [120.13146152892743, 23.563147786743386], [120.13275726273197, 23.564366663277575]]], [[[120.13038701796756, 23.56902339670307], [120.1291860939536, 23.571586162749316], [120.12728989814208, 23.573398850928367], [120.13032381144052, 23.576649188352874], [120.13057663754873, 23.578024331109397], [120.13218840398852, 23.578961928443388], [120.13250443662378, 23.573711383373034], [120.13038701796756, 23.56902339670307]]], [[[120.22036150922436, 23.866210498334162], [120.23594191814237, 23.848146123032574], [120.24377952749667, 23.841364168983365], [120.25499868604818, 23.834269682489488], [120.30812377203436, 23.820299482213006], [120.3163722238145, 23.820049456257273], [120.33312195348294, 23.822268436614387], [120.35742486313397, 23.822830995014783], [120.36007953727011, 23.823268540437315], [120.37031899465234, 23.828550338752137], [120.38280228374487, 23.828519085507672], [120.41032872627548, 23.82636261163949], [120.41841916173797, 23.82701892977328], [120.42496103728773, 23.83017550746439], [120.43308307601376, 23.830144254219924], [120.43953014177293, 23.82686266355095], [120.44401780519354, 23.822143423636522], [120.44724133807313, 23.82076828088], [120.45195022433842, 23.817299170744228], [120.45811286072586, 23.816111547454504], [120.48314264543798, 23.80657930789225], [120.49837541845721, 23.80361024966794], [120.50747715835253, 23.80073495117703], [120.52779805679936, 23.799047275975845], [120.53490879109256, 23.801235003088493], [120.55074202611878, 23.801172496599563], [120.55816879304726, 23.799453568153908], [120.56028621170346, 23.79814093188632], [120.5780156425412, 23.79526563339541], [120.58667493674716, 23.791984042726437], [120.59258474702641, 23.79107769863691], [120.61499146086591, 23.79135897783711], [120.63022423388514, 23.78979631561379], [120.63310013086596, 23.788889971524263], [120.635027929941, 23.78676475090055], [120.64036888147679, 23.78604592627782], [120.64242309360594, 23.781701725296987], [120.64849092020282, 23.773200842802126], [120.65553844796898, 23.75548025318967], [120.65594929039482, 23.75376132474402], [120.65465355659026, 23.748323260206863], [120.65436912721854, 23.742103864558047], [120.65582287734071, 23.73513439104204], [120.65440073048207, 23.73450932615271], [120.65089276823075, 23.73616574810943], [120.64627869175604, 23.735571936464567], [120.64463532205272, 23.736634546776425], [120.64207545770716, 23.730633923838877], [120.64027407168622, 23.730821443305675], [120.63983162599686, 23.72904000837109], [120.63973681620628, 23.726633508547174], [120.64134858264607, 23.72432076845666], [120.64093774022025, 23.723695703567333], [120.64169621854485, 23.722289307566346], [120.64046369126737, 23.71960152854223], [120.6407481206391, 23.71760132089638], [120.63980002273334, 23.714444743205274], [120.64071651737557, 23.71425722373848], [120.64052689779442, 23.71310085369322], [120.6390099411452, 23.71056934089144], [120.64024246842268, 23.70978800977978], [120.63970521294276, 23.70875665271239], [120.6415065989637, 23.70550631528788], [120.6428655392953, 23.705381302310016], [120.64564662648553, 23.703193575197368], [120.64343439803875, 23.699661958572662], [120.64567822974905, 23.695911569236696], [120.64659472439129, 23.691754887722663], [120.6454886101679, 23.690067212521477], [120.64570983301259, 23.687191914030567], [120.64691075702655, 23.68681687509697], [120.64675274070892, 23.68409784282839], [120.64826969735815, 23.682910219538666], [120.64615227870193, 23.677347142023645], [120.64675274070892, 23.672502889131355], [120.6451093710056, 23.671784064508625], [120.64438249594451, 23.667627382994592], [120.64055850105794, 23.664377045570088], [120.63998964231449, 23.660939188678782], [120.63847268566526, 23.659595299166725], [120.63496472341394, 23.651563215338857], [120.63509113646805, 23.64971927391534], [120.63632366374554, 23.64825037142542], [120.63483831035985, 23.647062748135696], [120.6352807560492, 23.643156092577396], [120.63199401664257, 23.64040580706435], [120.62908651639823, 23.635155261993994], [120.63000301104046, 23.63387387897087], [120.62997140777694, 23.631936177813955], [120.62870727723592, 23.6303110091017], [120.63101431547328, 23.621747620117905], [120.63354257655531, 23.619216107316124], [120.6354071691033, 23.61987242544992], [120.638757115037, 23.62474793158668], [120.64387684372811, 23.628248294966916], [120.64514097426913, 23.63099858047996], [120.65301018688695, 23.629498424745574], [120.65361064889393, 23.62874834687838], [120.65256774119759, 23.624779184831144], [120.65291537709638, 23.62187263309577], [120.65139842044715, 23.61621579584735], [120.658667171058, 23.613559270067704], [120.66119543214002, 23.61046519886553], [120.66448217154667, 23.611121516999326], [120.6691278512849, 23.60934008206474], [120.67778714549085, 23.61105901051039], [120.683570542716, 23.610871491043593], [120.68540353200048, 23.612684179222644], [120.68606720053451, 23.6182160034932], [120.6915345651244, 23.620372477361382], [120.69678070686962, 23.619997438427784], [120.70177402250663, 23.617528432114938], [120.70499755538621, 23.61727840615921], [120.70689375119774, 23.618684802160196], [120.71030690365848, 23.61918485407166], [120.714067692018, 23.621028795495178], [120.71305638758518, 23.627810749544388], [120.7160586976201, 23.62952967799004], [120.71871337175624, 23.629810957190237], [120.72380149718383, 23.621903886340235], [120.72531845383304, 23.621841379851304], [120.72693022027283, 23.61996618518332], [120.73075421515941, 23.618090990515334], [120.73084902494999, 23.610808984554662], [120.72674060069168, 23.60740238090782], [120.72459157877195, 23.60365199157185], [120.72781511165155, 23.601370504725804], [120.72854198671263, 23.59915152436869], [120.7327452207615, 23.597026303744975], [120.72996413357127, 23.593432180631336], [120.73204994896395, 23.590775654851694], [120.73271361749798, 23.589181739383907], [120.73233437833568, 23.58783784987185], [120.73388293824843, 23.584712525425207], [120.73217636201805, 23.57711798701987], [120.73489424268124, 23.57536780532975], [120.73593715037757, 23.573586370395166], [120.73615837322225, 23.570429792704058], [120.73366171540374, 23.570992351104454], [120.72816274755033, 23.570304779726193], [120.7242755461367, 23.571867441949514], [120.7179232901681, 23.56905464994754], [120.71675396941765, 23.569398435636668], [120.71609030088362, 23.57105485759339], [120.71005407755028, 23.571179870571253], [120.70910597964452, 23.575617831285484], [120.70433388685218, 23.575024019640622], [120.69889812552582, 23.576367909152676], [120.69403122294291, 23.576492922130544], [120.68682567885911, 23.575024019640622], [120.68088426531634, 23.571492403015917], [120.6762385855781, 23.570711071904256], [120.67487964524652, 23.571242377060187], [120.67263581353622, 23.576305402663746], [120.66982312308245, 23.578743155732123], [120.66859059580497, 23.577774305153667], [120.6652722531348, 23.577680545420268], [120.66068977992362, 23.576305402663746], [120.65803510578749, 23.572898799016905], [120.6556964642866, 23.572211227638643], [120.6508295617037, 23.57243000034991], [120.64950222463563, 23.573305091194968], [120.64928100179095, 23.57480524692936], [120.64782725166879, 23.57633665590821], [120.64656312112777, 23.576742948086274], [120.64416127309984, 23.57530529884082], [120.64346600130229, 23.575711591018884], [120.64346600130229, 23.578211850576196], [120.64473013184329, 23.579461980354854], [120.64615227870193, 23.579524486843784], [120.64902817568274, 23.582743571023826], [120.64924939852743, 23.585681376003667], [120.64725839292532, 23.58599390844833], [120.64716358313476, 23.587869103116315], [120.64905977894627, 23.59252583654181], [120.645615023222, 23.593525940364735], [120.6367661094349, 23.59193202489695], [120.63060347304744, 23.5899318172511], [120.62523091824814, 23.590650641873825], [120.6232083093825, 23.589994323740033], [120.62292388001077, 23.587994116094183], [120.61900507533363, 23.58418122026928], [120.61546550981879, 23.585337590314538], [120.60980852564774, 23.582587304801493], [120.6065217862411, 23.584212473513745], [120.59975868784666, 23.58330612942422], [120.59482857873671, 23.585431350047937], [120.5910993936407, 23.585025057869874], [120.58983526309969, 23.585681376003667], [120.58591645842255, 23.582587304801493], [120.58029107751503, 23.58227477235683], [120.57668830547313, 23.583556155379952], [120.57090490824798, 23.587962862849714], [120.56736534273314, 23.587712836893985], [120.5656903697663, 23.589431765339636], [120.56306729889369, 23.589619284806435], [120.56183477161619, 23.58877544720584], [120.55952773337884, 23.58868168747244], [120.55778955388494, 23.589212992628372], [120.55658862987099, 23.592838368986474], [120.55191134686922, 23.593963485787267], [120.53895400882381, 23.594338524720865], [120.53304419854457, 23.597026303744975], [120.53228572021996, 23.59871397894616], [120.52950463302972, 23.599870348991416], [120.52808248617109, 23.602745647482326], [120.52599667077841, 23.604745855128176], [120.51961281154628, 23.609058802864542], [120.51506194159862, 23.61515318553549], [120.51025824554276, 23.619372373538457], [120.50946816395462, 23.62177887336237], [120.5076983811972, 23.62299774989656], [120.50640264739266, 23.626091821098736], [120.50763517467016, 23.63024850261277], [120.50716112571727, 23.631904924569486], [120.50586539191274, 23.633905132215336], [120.50355835367537, 23.63528027497186], [120.4967320487539, 23.634530197104667], [120.49354011913783, 23.63318630759261], [120.48905245571723, 23.63587408661672], [120.48734587948685, 23.63499899577166], [120.48813596107499, 23.631467379146958], [120.48728267295981, 23.630561035057433], [120.47922384076082, 23.63293628163688], [120.47748566126693, 23.629904716923637], [120.47631634051649, 23.62952967799004], [120.4739776990156, 23.63109234021336], [120.46614008966131, 23.630279755857234], [120.46067272507142, 23.629404665012174], [120.45846049662464, 23.627685736566523], [120.45400443646757, 23.626279340565535], [120.4510653329597, 23.62709192492166], [120.45337237119706, 23.62849832092265], [120.4541624527852, 23.629904716923637], [120.45220305044661, 23.63074855452423], [120.4506860937974, 23.62962343772344], [120.44420742477469, 23.630373515590634], [120.44114190821273, 23.625966808120868], [120.43804478838724, 23.626529366521265], [120.43507408161585, 23.62518547700921], [120.4370018806909, 23.62381033425269], [120.43684386437327, 23.621810126606835], [120.43393636412894, 23.622872736918694], [120.43178734220922, 23.621466340917706], [120.43153451610101, 23.619841172205454], [120.42992274966122, 23.618372269715532], [120.4266676135181, 23.61918485407166], [120.42565630908528, 23.61805973727087], [120.42202193377987, 23.619278613805058], [120.42094742282, 23.624779184831144], [120.4200625314413, 23.625216730253676], [120.41579609086537, 23.621372581184307], [120.41279378083046, 23.62396660047502], [120.40960185121439, 23.62524798349814], [120.40659954117947, 23.625310489987076], [120.40640992159832, 23.632529989458817], [120.40460853557738, 23.634217664660003], [120.40087935048139, 23.63215495052522], [120.40264913323881, 23.626935658699328], [120.39427426840457, 23.623997853719487], [120.39310494765414, 23.62421662643075], [120.39225165953896, 23.623560308296955], [120.39240967585658, 23.622403938251697], [120.38662627863144, 23.621028795495178], [120.3827390772178, 23.614090575223635], [120.38321312617069, 23.612715432467112], [120.38074807161571, 23.61177783513312], [120.37976837044643, 23.609933893709602], [120.371140679504, 23.60949634828707], [120.36810676620556, 23.607464887396755], [120.36649499976576, 23.607808673085884], [120.3651676626977, 23.60168303717047], [120.35862578714794, 23.594838576632327], [120.35246315076049, 23.593088394942207], [120.34332980760165, 23.591900771652483], [120.33501814929447, 23.592994635208807], [120.33365920896289, 23.59177575867462], [120.33312195348294, 23.57921195439912], [120.32699092035902, 23.574148928795562], [120.32038583828222, 23.572398747105442], [120.31188456039389, 23.57496151315169], [120.30755491329091, 23.57468023395149], [120.30635398927694, 23.573242584706037], [120.30673322843924, 23.571523656260382], [120.31020958742704, 23.56721070852402], [120.31058882658934, 23.56452292949991], [120.30654360885809, 23.562866507543188], [120.2953560535701, 23.564585435988842], [120.29001510203432, 23.562272695898326], [120.2892566237097, 23.561178832342], [120.2891302106556, 23.5574596962505], [120.29089999341302, 23.550771501934687], [120.28669675936415, 23.547833696954847], [120.28258833510586, 23.546021008775792], [120.28018648707791, 23.545864742553462], [120.27636249219135, 23.54345824272955], [120.27190643203427, 23.530738172231718], [120.26890412199936, 23.53020686707579], [120.26343675740947, 23.53351971098923], [120.26135094201679, 23.536363756235673], [120.25809580587367, 23.543739521929744], [120.25610480027157, 23.546083515264726], [120.24889925618778, 23.545739729575597], [120.24336868507083, 23.54361450895188], [120.2420729512663, 23.541551794817096], [120.24204134800277, 23.538707749570655], [120.24403235360488, 23.532613366899703], [120.24706626690332, 23.51620541355484], [120.24665542447748, 23.513830166975392], [120.24475922866596, 23.511642439862744], [120.23910224449492, 23.507704531059975], [120.2308853959783, 23.505454297458392], [120.22304778662401, 23.504329180657603], [120.20500232315102, 23.511829959329543], [120.2031061273395, 23.512048732040807], [120.20285330123129, 23.51114238795128], [120.20095710541976, 23.51142366715148], [120.20127313805502, 23.512423770974404], [120.19675387137089, 23.512986329374797], [120.1899275664494, 23.510048524394957], [120.18717808252269, 23.51054857630642], [120.18098384287173, 23.509861004928158], [120.16657275470415, 23.51723677062223], [120.1654034339537, 23.517205517377764], [120.16455014583852, 23.515830374621242], [120.15813468334287, 23.51592413435464], [120.14878011733934, 23.51914321853468], [120.14584101383149, 23.520830893735866], [120.14640987257495, 23.52386245844911], [120.1451141387704, 23.52561264013923], [120.15026547072505, 23.531925795521442], [120.14912775323813, 23.533613470722628], [120.14862210102172, 23.5368950613916], [120.1444820734999, 23.540364171527372], [120.14084769819448, 23.545989755531327], [120.1405000622957, 23.54911507997797], [120.13958356765346, 23.549646385133897], [120.14040525250512, 23.554334371803858], [120.14005761660634, 23.558803585762554], [120.13775057836898, 23.5613663518088], [120.13778218163252, 23.56233520238726], [120.14078449166742, 23.562303949142795], [120.1431231331683, 23.567648253946547], [120.14331275274945, 23.572117467905244], [120.14135335041088, 23.57199245492738], [120.14068968187685, 23.573086318483703], [120.1407528884039, 23.58427498000268], [120.14166938304614, 23.59227581058608], [120.14470329634457, 23.59511985583252], [120.14457688329047, 23.598151420545765], [120.14185900262729, 23.59818267379023], [120.14147976346499, 23.601495517703672], [120.14005761660634, 23.597213823211774], [120.13945715459936, 23.599589069791218], [120.14015242639691, 23.61343425708984], [120.13917272522762, 23.614715640112962], [120.13301008884018, 23.615715743935887], [120.13351574105658, 23.619403626782923], [120.13487468138817, 23.620309970872448], [120.13715011636201, 23.620372477361382], [120.13831943711244, 23.63177991159162], [120.1379085946866, 23.63465521008253], [120.13708690983495, 23.63615536581692], [120.13575957276689, 23.63615536581692], [120.13443223569882, 23.634217664660003], [120.1311770995557, 23.62437289265308], [120.12852242541958, 23.621935139584703], [120.1252040827494, 23.621372581184307], [120.12352910978257, 23.621841379851304], [120.11831457130087, 23.626623126254664], [120.1151226416848, 23.631436125902493], [120.11442736988725, 23.634436437371267], [120.11496462536718, 23.636249125550318], [120.11812495171972, 23.63937444999696], [120.12397155547191, 23.643218599066326], [120.12545690885761, 23.645718858623642], [120.12760593077734, 23.65215702698372], [120.13522231728696, 23.66712733108313], [120.13920432849116, 23.684222855806258], [120.14103731777563, 23.68756695296416], [120.14631506278437, 23.693786348612978], [120.14552498119623, 23.698943133949935], [120.14719995416307, 23.70188093892978], [120.14637826931141, 23.703474854397566], [120.14691552479135, 23.70675644506654], [120.1489697369205, 23.70819409431199], [120.15273052528002, 23.713132106937685], [120.15620688426782, 23.7154448470282], [120.1558276451055, 23.7194452623199], [120.16578267311601, 23.741916345091248], [120.16679397754882, 23.75557401292307], [120.16916422231323, 23.758918110080977], [120.16287517287167, 23.772575777912795], [120.16287517287167, 23.779701517651137], [120.15674413974774, 23.78454577054343], [120.16012568894496, 23.786702244411615], [120.16508740131844, 23.79442179579482], [120.17545327175478, 23.803172704245412], [120.17564289133593, 23.80442283402407], [120.17023873327308, 23.805485444335925], [120.17036514632719, 23.80661056113672], [120.17501082606542, 23.805829230025058], [120.17804473936386, 23.809079567449565], [120.1810786526623, 23.809767138827823], [120.18253240278446, 23.81617405394344], [120.18566112587348, 23.81617405394344], [120.19292987648431, 23.81920561865668], [120.19561615388398, 23.823081020970516], [120.20010381730458, 23.826675144084152], [120.20604523084735, 23.834300935733957], [120.20765699728715, 23.837238740713797], [120.20838387234824, 23.84192672738376], [120.2063612634826, 23.84411445449641], [120.20449667093462, 23.84489578560807], [120.20427544808993, 23.846833486764986], [120.20519194273217, 23.848364895743842], [120.21097533995732, 23.849208733344433], [120.21432528589101, 23.85070888907882], [120.21922379173745, 23.85849094695096], [120.22036150922436, 23.866210498334162]]]]}}, {"type": "Feature", "properties": {"COUNTYID": "C", "name": "\u57fa\u9686\u5e02", "tree2pv_total": 0.0, "pv_new_total": 0.3, "tree_loss_total": 14.0, "tree_pct0": 67.26, "tree_pctN": 73.1, "pv_water": 0.0, "pv_farm": 0.3, "pv_bare": 0.0, "pv_tree": 0.0}, "geometry": {"type": "MultiPolygon", "coordinates": [[[[121.8043170771169, 25.13799877540577], [121.80251569109596, 25.1343421458032], [121.80390623469108, 25.13352956144707], [121.80532838154973, 25.131123061623157], [121.80532838154973, 25.12918536046624], [121.80384302816402, 25.127216406064857], [121.80485433259685, 25.125059932196674], [121.80226286498777, 25.121809594772166], [121.79979781043278, 25.12312223103976], [121.7990709353717, 25.124341107573947], [121.79464647847814, 25.126435074953196], [121.79420403278878, 25.123372256995488], [121.79884971252702, 25.11934058845932], [121.797585581986, 25.117715419747068], [121.79862848968234, 25.116684062679678], [121.79777520156716, 25.114340069344696], [121.79568938617447, 25.113746257699834], [121.79467808174167, 25.11255863441011], [121.79012721179402, 25.112246101965447], [121.78601878753571, 25.11812171192513], [121.7835221297172, 25.11659030294628], [121.77296663969972, 25.12012191957098], [121.76971150355661, 25.114965134234023], [121.76689881310286, 25.112527381165645], [121.76326443779743, 25.113464978499636], [121.76143144851295, 25.11237111494331], [121.75937723638381, 25.112589887654575], [121.7570069916194, 25.11012088134173], [121.75179245313771, 25.111027225431258], [121.75002267038029, 25.109714589163666], [121.75087595849547, 25.107745634762285], [121.75270894777995, 25.106839290672756], [121.75387826853039, 25.10865197885181], [121.75602729045012, 25.108401952896077], [121.75741783404523, 25.106620517961492], [121.75801829605221, 25.103370180536984], [121.75669095898415, 25.102745115647657], [121.7567541655112, 25.101901278047066], [121.75988288860022, 25.100526135290544], [121.75944044291086, 25.09627569404311], [121.75833432868747, 25.094775538308724], [121.75981968207316, 25.090243817861094], [121.7591244102756, 25.08446196763481], [121.76165267135764, 25.078398838208326], [121.767088432684, 25.07877387714192], [121.76942707418488, 25.077898786296863], [121.7756845203629, 25.06999171544686], [121.7730614494903, 25.066835137755753], [121.77170250915871, 25.06320976139765], [121.76999593292834, 25.063491040597846], [121.7673412587922, 25.06183461864113], [121.76478139444664, 25.059521878550612], [121.76402291612204, 25.057427911171363], [121.76231633989167, 25.056990365748835], [121.75928242659323, 25.059428118817213], [121.75669095898415, 25.059240599350417], [121.75081275196843, 25.0570216189933], [121.74818968109582, 25.055052664591916], [121.74762082235236, 25.053708775079862], [121.74588264285846, 25.0530212037016], [121.73978321299806, 25.05308371019053], [121.73782381065949, 25.054646372413853], [121.73210361996139, 25.052708671256937], [121.7283744348654, 25.054771385391717], [121.72619380968214, 25.058115482549624], [121.72268584743082, 25.058490521483222], [121.72199057563327, 25.060115690195474], [121.71898826559836, 25.06164709917433], [121.7177873415844, 25.063803573042513], [121.71235158025803, 25.06805401428994], [121.70688421566814, 25.066585111800023], [121.70426114479552, 25.067929001312077], [121.69933103568556, 25.06746020264508], [121.69648674196829, 25.07008547518026], [121.69165144264889, 25.070460514113858], [121.6900396762091, 25.07174189713698], [121.6884279097693, 25.07174189713698], [121.68150679505725, 25.07705494869627], [121.68040068083386, 25.077086201940734], [121.67897853397521, 25.07946144852018], [121.6804638873609, 25.081867948344097], [121.67986342535393, 25.083774396256548], [121.68052709388796, 25.084586980612674], [121.68153839832077, 25.084399461145875], [121.68172801790192, 25.087087240169986], [121.68055869715148, 25.08827486345971], [121.67401682160173, 25.082930558655953], [121.6678857884778, 25.085774603902397], [121.66425141317238, 25.089431233504968], [121.66191277167151, 25.089368727016033], [121.66090146723869, 25.09086888275042], [121.655686928757, 25.093431648796667], [121.65616097770989, 25.09455676559746], [121.65537089612175, 25.095619375909315], [121.6505672000659, 25.098744700355958], [121.65037758048473, 25.100526135290544], [121.64892383036256, 25.10193253129153], [121.6502195641671, 25.103370180536984], [121.65167331428928, 25.10343268702592], [121.65221056976921, 25.104682816804576], [121.65015635764006, 25.109652082674735], [121.64623755296292, 25.11362124472197], [121.64566869421945, 25.119028056014656], [121.64623755296292, 25.121059516904975], [121.64468899305017, 25.12221588695023], [121.64491021589484, 25.123372256995488], [121.64301402008331, 25.12781021770972], [121.63795749791926, 25.130810529178493], [121.63463915524909, 25.130466743489364], [121.6330273888093, 25.13109180837869], [121.632648149647, 25.13221692517948], [121.6286661384428, 25.134685931492328], [121.62676994263127, 25.13962394411802], [121.63100477994367, 25.142561749097865], [121.6388739925615, 25.14440569052138], [121.63979048720373, 25.145843339766838], [121.64238195481282, 25.144968248921778], [121.64626915622644, 25.14574958003344], [121.64952429236955, 25.144905742432844], [121.6514520914446, 25.147968560390552], [121.65578173854757, 25.14921869016921], [121.65824679310256, 25.152219001637985], [121.66384057074656, 25.15218774839352], [121.66918152228234, 25.153406624927708], [121.6696239679717, 25.154625501461897], [121.67145695725617, 25.15556309879589], [121.67765119690715, 25.15581312475162], [121.67840967523176, 25.157438293463876], [121.68134877873962, 25.159282234887392], [121.68251809949005, 25.159250981642927], [121.68315016476056, 25.16062612439945], [121.68482513772742, 25.160126072487987], [121.68757462165412, 25.161876254178104], [121.68883875219514, 25.16409523453522], [121.69108258390544, 25.164814059157948], [121.69130380675011, 25.1663454681368], [121.69892019325974, 25.16722055898186], [121.69910981284089, 25.16893948742751], [121.70094280212535, 25.169345779605578], [121.70223853592991, 25.173502461119607], [121.70704223198577, 25.17419003249787], [121.70963369959485, 25.176565279077316], [121.7099497322301, 25.174127526008938], [121.70881201474319, 25.173783740319806], [121.7084643788444, 25.17268987676348], [121.7100761452842, 25.17000209773937], [121.70805353641857, 25.168564448493917], [121.70865399842556, 25.167564344670993], [121.70726345483044, 25.166032935692137], [121.7085907918985, 25.165157844847077], [121.71118225950758, 25.164907818891347], [121.7126992161568, 25.166032935692137], [121.71576473271877, 25.16609544218107], [121.71636519472575, 25.16712679924846], [121.71747130894914, 25.166939279781662], [121.71737649915856, 25.165970429203206], [121.72366554860011, 25.165157844847077], [121.72464524976941, 25.165782909736407], [121.72603579336452, 25.16462653969115], [121.72948054908879, 25.16359518262376], [121.73027063067693, 25.16400147480182], [121.73125033184621, 25.16268883853423], [121.73390500598234, 25.161438708755576], [121.7348531038881, 25.16053236466605], [121.73358897334708, 25.158563410264666], [121.73415783209055, 25.158188371331068], [121.73889832161936, 25.160938656844113], [121.74259590345183, 25.157282027241543], [121.74705196360891, 25.157282027241543], [121.74850571373108, 25.156250670174153], [121.75296177388815, 25.15850090377573], [121.75492117622673, 25.162282546356167], [121.75555324149724, 25.162188786622767], [121.75615370350421, 25.159532260843125], [121.75994609512726, 25.161251189288777], [121.76032533428958, 25.160407351688182], [121.76193710072937, 25.160282338710317], [121.76253756273634, 25.161594974977906], [121.76162106809412, 25.1622512931117], [121.76228473662815, 25.16350142289036], [121.76487620423723, 25.163720195601623], [121.76892142196847, 25.162157533378302], [121.77018555250949, 25.161282442533242], [121.77028036230007, 25.160282338710317], [121.77290343317267, 25.16087615035518], [121.78029859683761, 25.1586259167536], [121.77682223784983, 25.158907195953795], [121.7766642215322, 25.157969598619804], [121.772682210328, 25.155594352040357], [121.77473642245715, 25.155969390973954], [121.77792835207322, 25.151437670526324], [121.77985615114827, 25.15321910546091], [121.78197356980446, 25.152750306793912], [121.78393297214303, 25.151625189993123], [121.78507068962995, 25.14956247585834], [121.78914751062473, 25.148187333101816], [121.79142294559855, 25.148374852568615], [121.79319272835598, 25.146874696834228], [121.79489930458635, 25.146843443589763], [121.7953417502757, 25.14806232012395], [121.80052468549387, 25.147531014968024], [121.80703495778009, 25.14912493043581], [121.808172675267, 25.147749787679288], [121.80785664263176, 25.14649965790063], [121.80456990322512, 25.144468197010315], [121.80387463142756, 25.143124307498258], [121.80447509343453, 25.14240548287553], [121.80308454983943, 25.141967937453003], [121.8043170771169, 25.13799877540577]]], [[[121.78453343415002, 25.194942186823567], [121.78921071715178, 25.19562975820183], [121.78892628778004, 25.192066888332658], [121.7819103632774, 25.18975414824214], [121.7815311241151, 25.190879265042934], [121.78238441223029, 25.19300448566665], [121.78453343415002, 25.194942186823567]]]]}}, {"type": "Feature", "properties": {"COUNTYID": "A", "name": "\u53f0\u5317\u5e02", "tree2pv_total": 0.0, "pv_new_total": 1.8, "tree_loss_total": 26.3, "tree_pct0": 44.47, "tree_pctN": 52.0, "pv_water": 0.0, "pv_farm": 1.2, "pv_bare": 0.6, "pv_tree": 0.0}, "geometry": {"type": "Polygon", "coordinates": [[[121.57095857924543, 25.197192420425147], [121.57174866083356, 25.195379732246096], [121.57320241095573, 25.194973440068033], [121.57588868835539, 25.195567251712895], [121.57917542776204, 25.194129602467438], [121.58053436809362, 25.19534847900163], [121.58375790097321, 25.194598401134435], [121.58268339001334, 25.193098245400048], [121.58378950423673, 25.191910622110324], [121.5839791238179, 25.188785297663685], [121.58290461285803, 25.188410258730087], [121.58186170516169, 25.185784986194907], [121.5827465965404, 25.184441096682853], [121.58091360725592, 25.182065850103406], [121.5832522487568, 25.17756538290024], [121.58296781938508, 25.17559642849886], [121.57727923195051, 25.16993959125044], [121.57705800910583, 25.167001786270596], [121.57885939512678, 25.165626643514074], [121.58318904222976, 25.165814162980872], [121.58638097184583, 25.163532676134825], [121.5884667872385, 25.163001370978897], [121.58985733083361, 25.163688942357158], [121.59178512990866, 25.15756330644174], [121.59159551032751, 25.15512555337336], [121.58963610798894, 25.15215649514905], [121.5937129289837, 25.1500625277698], [121.59390254856487, 25.14806232012395], [121.59598836395755, 25.14478072945498], [121.59573553784934, 25.143593106165255], [121.59835860872194, 25.140311515496283], [121.60407879942004, 25.13615483398225], [121.60569056585983, 25.13674864562711], [121.60458445163644, 25.134529665269998], [121.6046476581635, 25.13074802268956], [121.60780798451603, 25.130154211044697], [121.60455284837292, 25.125997529530668], [121.60170855465563, 25.126028782775133], [121.60076045674987, 25.121840848016635], [121.59886426093836, 25.12012191957098], [121.59557752153171, 25.113277459032837], [121.59747371734323, 25.1094958164524], [121.60796600083366, 25.106745530939357], [121.61039945212512, 25.10518286871604], [121.61545597428918, 25.10383897920398], [121.61738377336422, 25.101119946935405], [121.62329358364347, 25.096932012176907], [121.62534779577263, 25.097057025154772], [121.62623268715134, 25.096088174576312], [121.6250633664009, 25.09365042150793], [121.62632749694191, 25.091462694395283], [121.62597986104313, 25.090493843816827], [121.62806567643581, 25.088399876437574], [121.62860293191574, 25.086493428525124], [121.6275600242194, 25.084837006568407], [121.62797086664523, 25.083274344345085], [121.62411526849513, 25.079992753676112], [121.62474733376564, 25.077680013585596], [121.62341999669758, 25.077273721407533], [121.62278793142707, 25.074648448872356], [121.62174502373074, 25.074835968339155], [121.62067051277087, 25.073398319093698], [121.62146059435901, 25.06955417002433], [121.61779461579006, 25.067678975356348], [121.61754178968185, 25.0652099690435], [121.61713094725603, 25.065866287177293], [121.61611964282321, 25.063928586020378], [121.61867950716876, 25.062990988686384], [121.62165021394016, 25.06033446290674], [121.62424168154924, 25.055740235970177], [121.6234515999611, 25.05502141134745], [121.62051249645324, 25.056646580059702], [121.62101814866965, 25.053677521835393], [121.61630926240437, 25.050552197388754], [121.616467278722, 25.04814569756484], [121.61905874633108, 25.043551470628277], [121.62493695334679, 25.037738367157527], [121.62948782329445, 25.036738263334602], [121.63011988856496, 25.035144347866815], [121.63286937249167, 25.035831919245076], [121.63808391097336, 25.03361293888796], [121.63988529699431, 25.032019023420172], [121.64582671053708, 25.029456257373926], [121.64693282476047, 25.027987354884004], [121.6479757324568, 25.028612419773335], [121.6502195641671, 25.027643569194876], [121.65192614039748, 25.028143621106338], [121.65537089612175, 25.027643569194876], [121.66080665744812, 25.03045636119685], [121.66592638613923, 25.02986254955199], [121.66488347844289, 25.028174874350803], [121.66535752739577, 25.026018400482624], [121.66406179359123, 25.02317435523618], [121.66282926631374, 25.022736809813647], [121.653822336209, 25.024424485014833], [121.64990353153186, 25.023986939592305], [121.64611113990881, 25.02176795923519], [121.64465738978664, 25.023736913636576], [121.64295081355627, 25.024580751237167], [121.64080179163655, 25.023486887680843], [121.6375150522299, 25.024080699325705], [121.63568206294543, 25.023205608480644], [121.63561885641838, 25.02401819283677], [121.63245853006583, 25.025612108304557], [121.63094157341662, 25.0247370174595], [121.62898217107805, 25.019986524300606], [121.62250350205534, 25.017392505009894], [121.62060730624381, 25.01836135558835], [121.61738377336422, 25.01845511532175], [121.61608803955968, 25.019705245100408], [121.6134965719506, 25.01917393994448], [121.60935654442878, 25.020924121634597], [121.60818722367834, 25.01942396590021], [121.6041420059471, 25.019111433455546], [121.60268825582492, 25.015142271408312], [121.59753692387028, 25.014767232474714], [121.59560912479523, 25.00714144082491], [121.59589355416696, 25.004484915045264], [121.59788455976906, 25.004141129356135], [121.6005392339052, 25.000734525709298], [121.6005392339052, 24.99851554535218], [121.59813738587727, 24.99451513006048], [121.59927510336418, 24.993108734059494], [121.5990538805195, 24.99173359130297], [121.60186657097326, 24.990452208279848], [121.60183496770973, 24.987983201967], [121.59987556537116, 24.986483046232614], [121.6006656469593, 24.980294903828266], [121.5993067066277, 24.97870098836048], [121.60019159800642, 24.976919553425894], [121.60509010385285, 24.97441929386858], [121.61122113697678, 24.974606813335377], [121.61412863722111, 24.973575456267987], [121.62000684423684, 24.96954378773182], [121.61965920833806, 24.967137287907907], [121.61694132767488, 24.967512326841504], [121.61491871880925, 24.966168437329447], [121.61365458826823, 24.966449716529645], [121.60847165305007, 24.963199379105138], [121.60524812017047, 24.96301185963834], [121.60107648938512, 24.960886639014625], [121.59835860872194, 24.961230424703754], [121.5970628749174, 24.960511600081027], [121.5948190432071, 24.961574210392886], [121.59339689634845, 24.964199482928063], [121.59115306463815, 24.964605775106126], [121.58875121661022, 24.963386898571937], [121.58574890657532, 24.963199379105138], [121.58438996624372, 24.96457452186166], [121.58220934106048, 24.96476204132846], [121.5786381722821, 24.96660598275198], [121.57456135128733, 24.96685600870771], [121.57434012844264, 24.965293346484387], [121.57298118811106, 24.964105723194663], [121.56119317081608, 24.964699534839525], [121.5584752901529, 24.968543683908894], [121.55749558898361, 24.9722628200004], [121.55610504538849, 24.973356683556723], [121.55518855074627, 24.976513261247828], [121.5541140397864, 24.976888300181425], [121.55316594188064, 24.97904477404961], [121.55392442020525, 24.9843578256089], [121.55262868640071, 24.986701818943878], [121.55085890364329, 24.98723312409981], [121.55079569711623, 24.985264169698425], [121.54902591435881, 24.983764013964038], [121.54709811528376, 24.983263962052575], [121.54485428357346, 24.983764013964038], [121.5441590117759, 24.985076650231626], [121.54482268030993, 24.98701435138854], [121.54387458240417, 24.988295734411665], [121.54001898425408, 24.987764429255737], [121.53682705463801, 24.988702026589728], [121.53711148400974, 24.991546071836172], [121.53625819589455, 24.99410883788242], [121.53502566861707, 24.99504643521641], [121.5317073259469, 24.990514714768782], [121.53164411941985, 24.994733902771745], [121.53050640193293, 24.997984240196253], [121.53161251615631, 25.001172071131826], [121.53385634786662, 25.003609824200208], [121.53214977163626, 25.00811029140337], [121.53044319540588, 25.00986047309349], [121.52576591240413, 25.011891933983804], [121.5211202326659, 25.01811132963262], [121.51716982472522, 25.02048657621207], [121.51195528624353, 25.021830465724122], [121.50911099252625, 25.02136166705713], [121.50026207873913, 25.01195444047274], [121.49526876310212, 25.009297914693093], [121.49264569222952, 25.009547940648826], [121.48954857240402, 25.013173317006927], [121.48872688755236, 25.01532979087511], [121.48879009407942, 25.02333062145851], [121.48363876212478, 25.035300614089145], [121.48411281107767, 25.037675860668593], [121.48879009407942, 25.04258262004982], [121.49564800226443, 25.042957658983415], [121.501336589699, 25.045957970452193], [121.50465493236916, 25.04980211952156], [121.50623509554543, 25.053615015346463], [121.50563463353845, 25.06077200832927], [121.50683555755242, 25.064741170376504], [121.5070567803971, 25.06989795571346], [121.50617188901838, 25.074429676161092], [121.50263232350353, 25.08296181190042], [121.49975642652272, 25.087212253147854], [121.48907452345115, 25.096838252443508], [121.48107889777923, 25.100869920979672], [121.46638338023992, 25.1016825053358], [121.46139006460291, 25.103870232448447], [121.45731324360813, 25.10708931662849], [121.4576608795069, 25.110214641075128], [121.46091601565003, 25.11621526401268], [121.45879859699382, 25.122965964817425], [121.46480321706365, 25.124247347840548], [121.46429756484724, 25.127560191753986], [121.46559329865178, 25.13156060704569], [121.46894324458547, 25.135654782070787], [121.47197715788391, 25.137748749450036], [121.47659123435862, 25.14365561265419], [121.48051003903576, 25.146749683856363], [121.48284868053665, 25.150218793992135], [121.48749436027488, 25.151500177015258], [121.48762077332897, 25.153000332749645], [121.49274050202008, 25.160751137377314], [121.49744938828537, 25.163720195601623], [121.50038849179323, 25.168595701738383], [121.50174743212483, 25.16931452636111], [121.50162101907073, 25.171283480762494], [121.50256911697649, 25.173252435163878], [121.50481294868679, 25.173252435163878], [121.50604547596429, 25.171002201562295], [121.51043832959431, 25.169439539338978], [121.5139146885821, 25.17097094831783], [121.52004572170603, 25.16940828609451], [121.52257398278806, 25.17469008440933], [121.52168909140934, 25.178971778901232], [121.52567110261354, 25.182753421481667], [121.53335069565021, 25.183566005837793], [121.53578414694167, 25.186660077039967], [121.5406826527881, 25.18716012895143], [121.5428000714443, 25.188941563886015], [121.54324251713366, 25.193660803800444], [121.54456985420173, 25.195379732246096], [121.5481410229801, 25.198005004781276], [121.55070088732566, 25.197129913936216], [121.55174379502199, 25.197661219092144], [121.55259708313717, 25.198817589137402], [121.55259708313717, 25.200880303272186], [121.5514909689138, 25.202099179806375], [121.55177539828551, 25.203599335540762], [121.55310273535359, 25.204193147185624], [121.5549989311651, 25.208443588433056], [121.55831727383527, 25.209756224700644], [121.55973942069392, 25.210162516878707], [121.56274173072883, 25.209287426033647], [121.56511197549324, 25.202161686295305], [121.56489075264855, 25.200942809761116], [121.57095857924543, 25.197192420425147]]]}}, {"type": "Feature", "properties": {"COUNTYID": "F", "name": "\u65b0\u5317\u5e02", "tree2pv_total": 0.7, "pv_new_total": 19.4, "tree_loss_total": 298.2, "tree_pct0": 74.8, "tree_pctN": 81.05, "pv_water": 0.2, "pv_farm": 12.4, "pv_bare": 6.1, "pv_tree": 0.7}, "geometry": {"type": "Polygon", "coordinates": [[[121.96603097657633, 24.983076442585777], [121.96280744369675, 24.987764429255737], [121.95977353039831, 24.988389494145064], [121.95816176395851, 24.98729563058874], [121.95550708982238, 24.988326987656134], [121.95035575786774, 24.988326987656134], [121.94789070331277, 24.986670565699413], [121.94390869210856, 24.987951948722536], [121.94055874617487, 24.984545345075695], [121.93866255036335, 24.984857877520362], [121.93752483287643, 24.983045189341308], [121.93442771305094, 24.983138949074707], [121.93351121840871, 24.980888715473128], [121.9306353214279, 24.981044981695458], [121.92854950603522, 24.979669838938936], [121.9267797232778, 24.980169890850398], [121.9222920598572, 24.97860722862708], [121.92090151626208, 24.979701092183404], [121.91903692371407, 24.97866973511601], [121.9148336896652, 24.979357306494272], [121.910851678461, 24.97676328720356], [121.91050404256222, 24.97491934578004], [121.90826021085192, 24.9758881963585], [121.90683806399328, 24.975606917158302], [121.90541591713463, 24.973419190045654], [121.90402537353951, 24.97466931982431], [121.90279284626203, 24.974388040624113], [121.89719906861804, 24.967074781418972], [121.8894562690543, 24.964699534839525], [121.88850817114854, 24.963199379105138], [121.88471577952551, 24.96438700239486], [121.88231393149758, 24.964105723194663], [121.87621450163718, 24.96154295714842], [121.87153721863541, 24.96073037279229], [121.86363640275407, 24.962136768793282], [121.86123455472614, 24.963668177772135], [121.85431344001408, 24.96154295714842], [121.8539658041153, 24.95994904168063], [121.85254365725666, 24.9596052559915], [121.8503630320734, 24.961167918214823], [121.84875126563361, 24.960011548169565], [121.84717110245734, 24.960355333858697], [121.8413877052322, 24.954167191454346], [121.8417669443945, 24.95135439945237], [121.83904906373131, 24.94463495189209], [121.83983914531944, 24.94222845206818], [121.84243061292854, 24.939384406821734], [121.84660224371389, 24.93785299784288], [121.84916210805945, 24.930320965926477], [121.8538393910612, 24.92791446610256], [121.8539658041153, 24.92591425845671], [121.85213281483082, 24.92375778458853], [121.84559093928107, 24.91938233036323], [121.84331550430724, 24.91538191507153], [121.83955471594773, 24.912662882802955], [121.83800615603498, 24.910068863512244], [121.83440338399308, 24.906818526087736], [121.83342368282379, 24.906724766354337], [121.831811916384, 24.904912078175286], [121.82792471497038, 24.905349623597814], [121.82700822032814, 24.90453703924169], [121.82596531263181, 24.905255863864415], [121.8182541163316, 24.90269309781817], [121.8116490342548, 24.906505993643073], [121.81044811024084, 24.90519335737548], [121.81051131676789, 24.90366194839663], [121.80608685987433, 24.90253683159584], [121.80453829996159, 24.901161688839316], [121.80311615310295, 24.901755500484178], [121.80216805519719, 24.901005422616983], [121.79900772884464, 24.900911662883583], [121.79704832650607, 24.901599234261845], [121.7953417502757, 24.899849052571728], [121.79177058149733, 24.89953652012706], [121.79300310877483, 24.896254929458088], [121.79000079873991, 24.893442137456113], [121.78563954837341, 24.892317020655323], [121.78579756469104, 24.890816864920932], [121.78165753716921, 24.889410468919944], [121.78222639591266, 24.87919065797943], [121.78418579825124, 24.87769050224504], [121.78516549942053, 24.87415888562034], [121.78453343415002, 24.873658833708873], [121.78323770034548, 24.87422139210927], [121.77735949332975, 24.870814788462432], [121.7751788681465, 24.866595600459465], [121.77546329751823, 24.865126697969544], [121.77113365041525, 24.864876672013814], [121.76917424807668, 24.865908029081204], [121.76740446531926, 24.864876672013814], [121.76784691100862, 24.863814061701955], [121.76430734549376, 24.85984489965472], [121.76266397579045, 24.86118878916678], [121.76152625830353, 24.85987615289919], [121.76196870399289, 24.8582822374314], [121.7609890028236, 24.856688321963613], [121.75356223589513, 24.85603200382982], [121.75365704568571, 24.85515691298476], [121.75062313238728, 24.8544693416065], [121.74784204519703, 24.854906887029028], [121.74739959950769, 24.853719263739304], [121.74575622980436, 24.852875426138713], [121.74199544144484, 24.85246913396065], [121.73823465308531, 24.855313179207094], [121.7362120442197, 24.855750724629623], [121.7304918535216, 24.855313179207094], [121.72480326608704, 24.85062519253713], [121.72189576584269, 24.84987511466994], [121.7195255210783, 24.846562270756497], [121.71974674392297, 24.84559342017804], [121.71557511313762, 24.844343290399383], [121.71427937933308, 24.841780524353137], [121.70897003106082, 24.840592901063413], [121.70836956905383, 24.83912399857349], [121.70173288371349, 24.834373505414597], [121.69907820957737, 24.835529875459855], [121.69816171493513, 24.834217239192267], [121.69636032891418, 24.834561024881395], [121.69594948648835, 24.829685518744636], [121.68766943144469, 24.824997532074676], [121.69010288273616, 24.82140340896104], [121.68845951303283, 24.816215370379613], [121.68719538249182, 24.816277876868547], [121.68624728458606, 24.817496753402736], [121.68305535497, 24.816902941757874], [121.68074831673263, 24.817496753402736], [121.67673470226491, 24.814121403000364], [121.67531255540626, 24.81468396140076], [121.67414323465583, 24.814152656244833], [121.6689919027012, 24.8179968053142], [121.66877067985651, 24.816934195002343], [121.66093307050221, 24.81180866290985], [121.66074345092106, 24.81083981233139], [121.65309546114791, 24.811246104509454], [121.65040918374827, 24.81296503295511], [121.64863940099085, 24.812652500510442], [121.6474700802404, 24.813871377044634], [121.64639556928054, 24.81074605259799], [121.64437296041491, 24.80918339037467], [121.64203431891403, 24.810464773397793], [121.63881078603444, 24.810714799353526], [121.63719901959465, 24.809433416330403], [121.63002507877438, 24.80893336441894], [121.62803407317229, 24.807995767084947], [121.62601146430666, 24.808808351441076], [121.62613787736076, 24.80337028690392], [121.6248105402927, 24.801588851969335], [121.62601146430666, 24.79649457312131], [121.62528458924558, 24.79499441738692], [121.62041768666266, 24.792556664318543], [121.61716255051955, 24.793838047341666], [121.61333855563298, 24.79318172920787], [121.60964097380051, 24.79377554085273], [121.60562735933279, 24.789118807427236], [121.6029094786696, 24.7894313398719], [121.59886426093836, 24.78771241142625], [121.59197474948982, 24.787493638714984], [121.59342849961199, 24.78464959346854], [121.59317567350378, 24.782618132578225], [121.59434499425421, 24.781055470354904], [121.59447140730832, 24.77880523675332], [121.5975685271338, 24.77255458786004], [121.59554591826819, 24.768960464746403], [121.59624119006574, 24.76733529603415], [121.59048939610412, 24.760740861451737], [121.59080542873937, 24.758771907050352], [121.58938328188073, 24.75720924482703], [121.5889724394549, 24.755177783936716], [121.59080542873937, 24.75089608944482], [121.59459782036242, 24.750177264822092], [121.59611477701164, 24.748239563665173], [121.59437659751775, 24.746239356019323], [121.59165871685457, 24.744926719751735], [121.59194314622628, 24.74330155103948], [121.5948190432071, 24.7409575577045], [121.59535629868704, 24.739144869525447], [121.59421858120012, 24.73467565556675], [121.59500866278825, 24.732487928454102], [121.5937129289837, 24.730487720808252], [121.5940605648825, 24.729268844274063], [121.59785295650553, 24.729268844274063], [121.59753692387028, 24.727674928806277], [121.59042618957707, 24.72345574080331], [121.58767670565037, 24.72033041635667], [121.58344186833796, 24.720549189067935], [121.57854336249153, 24.722455636980385], [121.57781648743044, 24.721768065602124], [121.57727923195051, 24.714892351819515], [121.57481417739552, 24.710110605416155], [121.57238072610407, 24.71039188461635], [121.57045292702902, 24.71395475448552], [121.56745061699411, 24.711517001417143], [121.56324738294524, 24.712798384440266], [121.5582224640447, 24.71092318977228], [121.5563578714967, 24.711235722216944], [121.55443007242165, 24.7083916769705], [121.55032164816335, 24.705672644701924], [121.54754056097312, 24.706266456346786], [121.54340053345129, 24.705735151190858], [121.53783835907082, 24.699734528253305], [121.5388180602401, 24.694577742916348], [121.53749072317204, 24.693827665049152], [121.53758553296262, 24.69010852895765], [121.53685865790153, 24.6884833602454], [121.52914746160134, 24.687639522644805], [121.5282309669591, 24.688889652423462], [121.52712485273571, 24.688514613489865], [121.52696683641808, 24.685389289043222], [121.52377490680202, 24.683295321663973], [121.51479957996081, 24.683232815175042], [121.51369346573742, 24.684326678731367], [121.51220811235173, 24.684482944953697], [121.50743601955939, 24.682420230818913], [121.50550822048434, 24.679888718017136], [121.49915596451575, 24.678044776593616], [121.49684892627839, 24.67551326379184], [121.49270889875656, 24.673200523701322], [121.48847406144417, 24.67513822485824], [121.48686229500437, 24.675169478102706], [121.48502930571989, 24.673888095079583], [121.47997278355584, 24.673856841835118], [121.47602237561516, 24.67916989339441], [121.47548512013523, 24.683295321663973], [121.47418938633069, 24.68479547739836], [121.47302006558024, 24.689670983535123], [121.47463183202004, 24.692671295003898], [121.47422098959422, 24.6961091518952], [121.47058661428879, 24.696765470028996], [121.46982813596418, 24.6962029116286], [121.46041036343361, 24.702609826744215], [121.45652316201999, 24.703234891633542], [121.45036052563255, 24.705578884968524], [121.44909639509153, 24.708547943192833], [121.44878036245628, 24.712204572795404], [121.44511438388733, 24.714798592086115], [121.4409743563655, 24.72608101333849], [121.43831968222936, 24.726581065249952], [121.43427446449812, 24.730018922141255], [121.43534897545798, 24.732894220632165], [121.43506454608625, 24.734113097166357], [121.43294712743005, 24.736832129434934], [121.43307354048416, 24.73920737601438], [121.43199902952429, 24.742238940727624], [121.43035565982098, 24.743457817261813], [121.43013443697629, 24.745551784641062], [121.42874389338118, 24.747895777976044], [121.42918633907053, 24.74992723886636], [121.42849106727297, 24.753458855491065], [121.4265316649344, 24.756146634515176], [121.42552036050158, 24.75905318625055], [121.42593120292742, 24.76030331602921], [121.42352935489949, 24.76167845878573], [121.42340294184538, 24.76308485478672], [121.42672128451555, 24.768241640123676], [121.43143017078083, 24.771929522970712], [121.43572821462028, 24.772960880038102], [121.43809845938469, 24.77489858119502], [121.44056351393967, 24.779149022442454], [121.44609408505661, 24.78186805471103], [121.44950723751735, 24.78596222973613], [121.44884356898332, 24.788243716582176], [121.45045533542311, 24.789993898272296], [121.45039212889607, 24.790931495606287], [121.44568324263078, 24.79011891125016], [121.43828807896584, 24.795338203076053], [121.43708715495188, 24.798182248322497], [121.43806685612117, 24.801120053302338], [121.43794044306706, 24.80421412450451], [121.4369923451613, 24.805433001038704], [121.43642348641785, 24.81218370184345], [121.42997642065866, 24.814902734112025], [121.42719533346843, 24.818746883181394], [121.42533074092043, 24.820028266204517], [121.4250463115487, 24.822809804962027], [121.42352935489949, 24.825497583986138], [121.41758794135671, 24.825247558030405], [121.41382715299719, 24.831967005590684], [121.41562853901814, 24.83549862221539], [121.41028758748234, 24.838686453150963], [121.40873902756961, 24.840686660796813], [121.40270280423626, 24.843593212532188], [121.39989011378249, 24.841561751641873], [121.39796231470744, 24.841780524353137], [121.3970458200652, 24.84278062817606], [121.39726704290989, 24.843718225510056], [121.39366427086799, 24.84399950471025], [121.38807049322399, 24.842405589242464], [121.38503657992555, 24.840811673774677], [121.38456253097267, 24.838030135017167], [121.38333000369519, 24.836998777949777], [121.38092815566726, 24.836498726038315], [121.37789424236882, 24.834498518392465], [121.37290092673182, 24.83356092105847], [121.37280611694123, 24.834998570303927], [121.37024625259568, 24.836123687104717], [121.36414682273528, 24.838155147995035], [121.3600700017405, 24.8381864012395], [121.35776296350315, 24.839530290751554], [121.35485546325882, 24.843968251465785], [121.34673342453279, 24.845874699378236], [121.33955948371252, 24.84340569306539], [121.33598831493416, 24.84393699822132], [121.33614633125178, 24.84687480320116], [121.33696801610344, 24.848218692713218], [121.34196133174045, 24.848562478402346], [121.34673342453279, 24.850218900359067], [121.34809236486439, 24.84978135493654], [121.34850320729021, 24.848562478402346], [121.35033619657469, 24.848749997869145], [121.34979894109475, 24.84940631600294], [121.35245361523089, 24.849062530313812], [121.35178994669685, 24.850156393870137], [121.35333850660959, 24.8505626860482], [121.35479225673176, 24.853375478050175], [121.35785777329373, 24.85315670533891], [121.3578261700302, 24.854438088362034], [121.35555073505637, 24.85506315325136], [121.35365453924484, 24.858407250409268], [121.34932489214187, 24.85978239316579], [121.34733388653977, 24.862095133256304], [121.34603815273523, 24.866033042059072], [121.34502684830241, 24.866939386148598], [121.34591173968113, 24.868158262682787], [121.34935649540539, 24.868783327572114], [121.35311728376492, 24.87109606766263], [121.35438141430593, 24.873221288286345], [121.35352812619075, 24.876471625710852], [121.35207437606857, 24.87675290491105], [121.35058902268288, 24.8785655930901], [121.34723907674919, 24.878690606067966], [121.3456273103094, 24.88006574882449], [121.34471081566716, 24.885753839317374], [121.34136086973348, 24.88744151451856], [121.34211934805808, 24.892598299855518], [121.34060239140886, 24.892317020655323], [121.33835855969856, 24.893348377722713], [121.33522983660954, 24.891785715499392], [121.3333020375345, 24.891785715499392], [121.33317562448039, 24.89322336474485], [121.332069510257, 24.893598403678446], [121.3334284505886, 24.89656746190275], [121.33358646690623, 24.899192734437932], [121.33191149393937, 24.899880305816193], [121.33064736339837, 24.897848844925875], [121.3278346729446, 24.895942397013425], [121.32666535219417, 24.89597365025789], [121.32031309622556, 24.900192838260857], [121.32189325940183, 24.90231805888457], [121.32179844961125, 24.90347442892983], [121.32552763470726, 24.90619346119841], [121.32619130324129, 24.909162519422715], [121.32350502584163, 24.91000635702331], [121.32309418341579, 24.911694032224496], [121.31756361229885, 24.91635076564999], [121.32461114006502, 24.923351492410465], [121.32736062399172, 24.924601622189122], [121.33551426598127, 24.92507042085612], [121.3397807065572, 24.928508277747422], [121.3343133419673, 24.929727154281615], [121.32205127571946, 24.92803947908043], [121.32318899320637, 24.931289816504936], [121.32091355823255, 24.93253994628359], [121.32069233538786, 24.93366506308438], [121.31832209062347, 24.934696420151774], [121.31579382954143, 24.93847806273221], [121.32309418341579, 24.942759757224106], [121.33042614055368, 24.94454119215869], [121.33159546130412, 24.945822575181815], [121.32811910231634, 24.948854139895058], [121.32811910231634, 24.95544857447747], [121.32913040674914, 24.960605359814426], [121.32808749905281, 24.96554337244012], [121.32979407528317, 24.966918515196642], [121.32881437411389, 24.9678873657751], [121.32755024357287, 24.967137287907907], [121.32887758064093, 24.969606294220753], [121.32859315126922, 24.971512742133203], [121.32786627620813, 24.972825378400792], [121.32404228132155, 24.97110644995514], [121.32366304215925, 24.972825378400792], [121.32742383051877, 24.97476307955771], [121.32862475453274, 24.976325741781032], [121.32713940114705, 24.977669631293086], [121.32739222725525, 24.978450962404747], [121.33099499929715, 24.979326053249807], [121.33159546130412, 24.978638481871545], [121.33396570606853, 24.978732241604945], [121.33658877694114, 24.98060743627293], [121.34025475551009, 24.980076131117], [121.34205614153103, 24.98095122196206], [121.34268820680154, 24.98232636471858], [121.3473654898033, 24.97885725458281], [121.35232720217678, 24.98085746222866], [121.35393896861657, 24.977857150759885], [121.36120771922742, 24.97779464427095], [121.36136573554505, 24.978794748093875], [121.36370437704592, 24.979576079205536], [121.36879250247351, 24.976794540448026], [121.36964579058869, 24.97704456640376], [121.3723952745154, 24.97991986489467], [121.37678812814544, 24.98129500765119], [121.38095975893079, 24.984295319119965], [121.3820974764177, 24.983920280186368], [121.3855738354055, 24.98651429947708], [121.38339321022224, 24.988639520100797], [121.38430970486448, 24.991764844547436], [121.38364603633045, 24.99288996134823], [121.38424649833742, 24.99573400659467], [121.38803888996047, 24.996390324728466], [121.3903143249343, 24.99348377299309], [121.39426473287497, 24.993515026237556], [121.39647696132175, 24.99554648712787], [121.39685620048405, 24.997327922062457], [121.40324005971618, 24.999328129708307], [121.40301883687151, 25.000578259486964], [121.40200753243869, 25.00104705815396], [121.40203913570222, 25.00254721388835], [121.4001429398907, 25.0044536618008], [121.39951087462019, 25.00698517460258], [121.39363266760446, 25.00982921984902], [121.3912940261036, 25.012266972917402], [121.39208410769172, 25.0125482521176], [121.39296899907043, 25.01557981683084], [121.39445435245612, 25.014673472741315], [121.39755147228162, 25.016236134964636], [121.40162829327639, 25.015798589542108], [121.40428296741253, 25.01723623878756], [121.40946590263069, 25.018423862077285], [121.41120408212458, 25.017986316654756], [121.41212057676682, 25.018861407499813], [121.41066682664466, 25.019892764567206], [121.41069842990818, 25.020955374879065], [121.40867582104255, 25.020861615145666], [121.40459900004778, 25.02376816688104], [121.40393533151375, 25.02517456288203], [121.4010278312694, 25.02701850430555], [121.40150188022228, 25.028174874350803], [121.40068019537063, 25.029174978173728], [121.39824674407917, 25.030175081996653], [121.39875239629558, 25.034800562177683], [121.40086981495178, 25.034238003777286], [121.39957408114724, 25.03595693222294], [121.40118584758703, 25.036363224401004], [121.40074340189769, 25.037925886624325], [121.39982690725545, 25.037488341201794], [121.39903682566731, 25.038550951513653], [121.39758307554514, 25.03848844502472], [121.39439114592908, 25.040113613736974], [121.3935378578139, 25.04198880840496], [121.39069356409661, 25.04186379542709], [121.39265296643518, 25.043395204405947], [121.40068019537063, 25.043238938183613], [121.3982783473427, 25.044082775784208], [121.40260799444567, 25.04570794449646], [121.39985851051897, 25.044957866629268], [121.3980255212345, 25.04677055480832], [121.39941606482961, 25.04780191187571], [121.3960345156324, 25.048551989742904], [121.3944227491926, 25.047489379431045], [121.39432793940202, 25.049583346810294], [121.39467557530081, 25.050364677921955], [121.39849957018738, 25.04848948325397], [121.39748826575456, 25.05039593116642], [121.39805712449802, 25.05111475578915], [121.39976370072839, 25.04936457409903], [121.40071179863415, 25.051396034989345], [121.39742505922752, 25.051521047967213], [121.39293739580691, 25.05395880103559], [121.39104119999539, 25.053583762101994], [121.39262136317166, 25.055083917836384], [121.38987187924495, 25.052864937479267], [121.38930302050149, 25.05345874912413], [121.38459413423621, 25.05252115179014], [121.38728041163586, 25.05467762565832], [121.38566864519606, 25.056896606015435], [121.38576345498664, 25.05814673579409], [121.38863935196746, 25.056990365748835], [121.3884497323863, 25.05814673579409], [121.38968225966379, 25.05911558637255], [121.38765965079817, 25.05961563828401], [121.38892378133919, 25.060709501840336], [121.39091478694128, 25.060803261573735], [121.39107280325891, 25.061522086196465], [121.3883233193322, 25.061522086196465], [121.3883233193322, 25.06295973544192], [121.38288755800583, 25.062928482197453], [121.3820974764177, 25.06433487819844], [121.37666171509133, 25.06608505988856], [121.36414682273528, 25.064959943087768], [121.35488706652234, 25.065178715799032], [121.35495027304938, 25.067241429933816], [121.35378095229895, 25.068585319445873], [121.35226399564974, 25.068772838912672], [121.35229559891326, 25.067929001312077], [121.34897725624309, 25.06989795571346], [121.34644899516105, 25.070304247891524], [121.34821877791848, 25.071085579003185], [121.34866122360783, 25.072116936070575], [121.34957771825007, 25.07130435171445], [121.35207437606857, 25.073679598293896], [121.3534649196637, 25.073367065849233], [121.35175834343332, 25.074460929405557], [121.34989375088533, 25.07355458531603], [121.3499885606759, 25.07652364354034], [121.34802915833733, 25.07383586451623], [121.34183491868635, 25.07267949447097], [121.34265660353802, 25.0732107996269], [121.3405391848818, 25.07408589047196], [121.34060239140886, 25.076336124073542], [121.34151888605109, 25.076648656518206], [121.34373111449787, 25.07505474105042], [121.3461329625258, 25.07555479296188], [121.34445798955896, 25.076054844873344], [121.34398394060608, 25.0773987343854], [121.34436317976838, 25.077961292785794], [121.34591173968113, 25.07680492274054], [121.34515326135651, 25.07833633171939], [121.34790274528322, 25.079148916075518], [121.34246698395685, 25.080117766653977], [121.35020978352058, 25.081149123721367], [121.34926168561482, 25.082399253500025], [121.34670182126926, 25.083555623545283], [121.3386429890703, 25.083649383278683], [121.33011010791843, 25.088243610215244], [121.32805589578928, 25.09099389572829], [121.32470594985558, 25.09261906444054], [121.31822728083289, 25.09299410337414], [121.31035806821507, 25.09655697324331], [121.30283649149602, 25.09674449271011], [121.30138274137386, 25.098494674400225], [121.3011931217927, 25.1016825053358], [121.29828562154836, 25.104495297337778], [121.29550453435813, 25.103026394847856], [121.29161733294451, 25.102620102669793], [121.29032159913997, 25.106745530939357], [121.28671882709807, 25.107026810139555], [121.28292643547502, 25.109370803474537], [121.28381132685374, 25.112121088987582], [121.28336888116438, 25.117809179480467], [121.2925970341138, 25.11909056250359], [121.29616820289216, 25.12284095183956], [121.29686347468972, 25.12265343237276], [121.29670545837209, 25.126185048997463], [121.29875967050124, 25.124184841351614], [121.30062426304924, 25.125216198419007], [121.30413222530056, 25.12415358810715], [121.3049223068887, 25.126122542508533], [121.30953638336341, 25.12590376979727], [121.31020005189744, 25.123747295929086], [121.31645749807547, 25.124091081618214], [121.32012347664441, 25.123434763484422], [121.33551426598127, 25.126091289264064], [121.34170850563225, 25.128716561799244], [121.34502684830241, 25.128435282599046], [121.34689144085041, 25.129872931844503], [121.3534649196637, 25.131591860290154], [121.3599435886864, 25.134748437981262], [121.36446285537053, 25.1378737624279], [121.36525293695867, 25.14015524927395], [121.36730714908782, 25.139092638962094], [121.36910853510877, 25.139592690873556], [121.37166839945432, 25.140999086874544], [121.37198443208958, 25.14199919069747], [121.37944280228156, 25.142999294520394], [121.38974546619085, 25.147749787679288], [121.3878176671158, 25.15190646919332], [121.3916732652659, 25.16800189009352], [121.40229196181042, 25.15878218297593], [121.40551549469001, 25.16043860493265], [121.41253141919265, 25.168501942004983], [121.41885207189773, 25.17740911667791], [121.41638701734274, 25.18065945410242], [121.40428296741253, 25.183097207170796], [121.40459900004778, 25.186066265395105], [121.40390372825021, 25.18697260948463], [121.40485182615598, 25.18984790797554], [121.41000315811061, 25.190691745576135], [121.4142063921595, 25.19012918717574], [121.416703049978, 25.191535583176726], [121.41875726210715, 25.191535583176726], [121.41942093064118, 25.19256694024412], [121.41774595767434, 25.194410881667636], [121.4186940555801, 25.195067199801432], [121.41815680010016, 25.196254823091156], [121.4189468816883, 25.199286387804396], [121.4246670723864, 25.207912283277125], [121.43086131203738, 25.21588186061606], [121.43762441043181, 25.21803833448424], [121.43730837779655, 25.219663503196497], [121.44087954657492, 25.22841441164709], [121.44353422071106, 25.232539839916658], [121.44340780765695, 25.234227515117844], [121.44609408505661, 25.240353151033258], [121.44580965568488, 25.242572131390375], [121.44764264496936, 25.246666306415474], [121.4526675638699, 25.25279194233089], [121.45617552612121, 25.25313572802002], [121.46249617882629, 25.252073117708164], [121.46733147814568, 25.253291994242353], [121.47156631545808, 25.255979773266464], [121.47488465812825, 25.260605253447494], [121.47703368004797, 25.266262090695914], [121.48095248472512, 25.27088757087694], [121.49097071926266, 25.274700466701844], [121.4973545784948, 25.278857148215877], [121.50269553003059, 25.279763492305403], [121.50377004099045, 25.281326154528724], [121.50642471512658, 25.28145116750659], [121.50598226943723, 25.28223249861825], [121.50898457947214, 25.282951323240976], [121.50936381863444, 25.285482836042753], [121.50835251420163, 25.28876442671173], [121.5093006121074, 25.291327192757972], [121.51069115570252, 25.292014764136233], [121.51277697109519, 25.290952153824378], [121.51476797669729, 25.28595163470975], [121.51859197158386, 25.284764011420027], [121.52080420003064, 25.285514089287222], [121.52080420003064, 25.286514193110147], [121.52295322195036, 25.28701424502161], [121.52595553198528, 25.286014141198685], [121.53167572268337, 25.289639517556786], [121.53331909238669, 25.289858290268054], [121.5348360490359, 25.292514816047696], [121.5335719184949, 25.29501507560501], [121.53376153807605, 25.29707778973979], [121.53714308727326, 25.300296873919834], [121.54071425605163, 25.297859120851452], [121.54121990826803, 25.294608783426945], [121.5457707782157, 25.292358549825366], [121.5503848546904, 25.29163972520264], [121.55379800715114, 25.293014867959158], [121.56040308922795, 25.291983510891768], [121.56391105147927, 25.29351491987062], [121.56568083423669, 25.29326489391489], [121.56542800812849, 25.294046225026552], [121.56685015498714, 25.295046328849477], [121.56713458435885, 25.296796510539597], [121.56931520954211, 25.298484185740783], [121.57772167763986, 25.298890477918846], [121.58663379795402, 25.29342116013722], [121.59064741242175, 25.292077270625168], [121.59703127165388, 25.291577218713705], [121.59760013039734, 25.289952050001453], [121.60395238636593, 25.28648293986568], [121.60790279430661, 25.28145116750659], [121.61567719713386, 25.27926344039394], [121.62313556732585, 25.273919135590184], [121.62970904613913, 25.266793395851842], [121.63413350303269, 25.260042695047098], [121.6359032857901, 25.25007291006231], [121.63413350303269, 25.2395718199216], [121.63637733474299, 25.236415242230493], [121.63814711750041, 25.23597769680796], [121.637641465284, 25.235352631918634], [121.63884238929796, 25.23397748916211], [121.64269798744806, 25.23094592444887], [121.6457319007465, 25.23035211280401], [121.64623755296292, 25.231445976360334], [121.64728046065925, 25.231227203649066], [121.64592152032766, 25.230133340092742], [121.64867100425437, 25.230102086848277], [121.64705923781457, 25.23235232044986], [121.65129407512697, 25.233352424272784], [121.65262141219503, 25.232789865872387], [121.65135728165403, 25.23050837902634], [121.65375912968196, 25.229352008981085], [121.65167331428928, 25.225945405334244], [121.6520841567151, 25.225101567733653], [121.65113605880934, 25.224820288533454], [121.65015635764006, 25.222726321154205], [121.65584494507463, 25.21328784132535], [121.66096467376575, 25.20875612087772], [121.66384057074656, 25.20953745198938], [121.66213399451618, 25.207912283277125], [121.66270285325963, 25.207412231365662], [121.66406179359123, 25.209224919544717], [121.66425141317238, 25.207037192432068], [121.67057206587747, 25.202724244695702], [121.67310032695949, 25.20222419278424], [121.67401682160173, 25.20344306931843], [121.67442766402756, 25.202380459006573], [121.67531255540626, 25.20325554985163], [121.67392201181116, 25.20397437447436], [121.67806203933297, 25.20597458212021], [121.67847288175881, 25.202630484962302], [121.6814435885302, 25.204286906919023], [121.68138038200314, 25.205662049675546], [121.68713217596476, 25.207943536521594], [121.68725858901887, 25.205224504253014], [121.6891547848304, 25.205380770475347], [121.68836470324226, 25.206599647009536], [121.6940216874133, 25.209849984434044], [121.69436932331207, 25.21178768559096], [121.69610750280597, 25.213006562125152], [121.69617070933303, 25.214287945148275], [121.70132204128767, 25.217507029328313], [121.70252296530163, 25.21625689954966], [121.69335801887927, 25.207662257321395], [121.6919042687571, 25.204349413407954], [121.69269435034523, 25.203318056340564], [121.69380046456862, 25.204380666652423], [121.69421130699445, 25.203411816073963], [121.69598108975187, 25.20369309527416], [121.6940216874133, 25.20178664736171], [121.69468535594733, 25.200442757849654], [121.69332641561574, 25.199880199449257], [121.69234671444646, 25.197848738558942], [121.6897868501009, 25.196598608780285], [121.68940761093859, 25.195285972512696], [121.6859312519508, 25.19237942077732], [121.68640530090369, 25.19056673259827], [121.68583644216022, 25.189535375530877], [121.68770103470823, 25.185628719972577], [121.69266274708171, 25.180128148946487], [121.69610750280597, 25.181784570903208], [121.70271258488278, 25.180596947613484], [121.70464038395784, 25.176846558277514], [121.70656818303289, 25.17697157125538], [121.7072002483034, 25.17603397392139], [121.70963369959485, 25.176565279077316], [121.70931766695959, 25.17594021418799], [121.7059677210259, 25.173814993564275], [121.70223853592991, 25.173502461119607], [121.70094280212535, 25.169345779605578], [121.69910981284089, 25.16893948742751], [121.69892019325974, 25.16722055898186], [121.69130380675011, 25.1663454681368], [121.69108258390544, 25.164814059157948], [121.68883875219514, 25.16409523453522], [121.68757462165412, 25.161876254178104], [121.68482513772742, 25.160126072487987], [121.68315016476056, 25.16062612439945], [121.68251809949005, 25.159250981642927], [121.68134877873962, 25.159282234887392], [121.67840967523176, 25.157438293463876], [121.67765119690715, 25.15581312475162], [121.67145695725617, 25.15556309879589], [121.6696239679717, 25.154625501461897], [121.66918152228234, 25.153406624927708], [121.66384057074656, 25.15218774839352], [121.65824679310256, 25.152219001637985], [121.65578173854757, 25.14921869016921], [121.6514520914446, 25.147968560390552], [121.64952429236955, 25.144905742432844], [121.64626915622644, 25.14574958003344], [121.64238195481282, 25.144968248921778], [121.63979048720373, 25.145843339766838], [121.6388739925615, 25.14440569052138], [121.63100477994367, 25.142561749097865], [121.62676994263127, 25.13962394411802], [121.6286661384428, 25.134685931492328], [121.632648149647, 25.13221692517948], [121.6330273888093, 25.13109180837869], [121.63463915524909, 25.130466743489364], [121.63795749791926, 25.130810529178493], [121.64301402008331, 25.12781021770972], [121.64491021589484, 25.123372256995488], [121.64468899305017, 25.12221588695023], [121.64623755296292, 25.121059516904975], [121.64566869421945, 25.119028056014656], [121.64623755296292, 25.11362124472197], [121.65015635764006, 25.109652082674735], [121.65221056976921, 25.104682816804576], [121.65167331428928, 25.10343268702592], [121.6502195641671, 25.103370180536984], [121.64892383036256, 25.10193253129153], [121.65037758048473, 25.100526135290544], [121.6505672000659, 25.098744700355958], [121.65537089612175, 25.095619375909315], [121.65616097770989, 25.09455676559746], [121.655686928757, 25.093431648796667], [121.66090146723869, 25.09086888275042], [121.66191277167151, 25.089368727016033], [121.66425141317238, 25.089431233504968], [121.6678857884778, 25.085774603902397], [121.67401682160173, 25.082930558655953], [121.68055869715148, 25.08827486345971], [121.68172801790192, 25.087087240169986], [121.68153839832077, 25.084399461145875], [121.68052709388796, 25.084586980612674], [121.67986342535393, 25.083774396256548], [121.6804638873609, 25.081867948344097], [121.67897853397521, 25.07946144852018], [121.67923136008342, 25.07852385118619], [121.6884279097693, 25.07174189713698], [121.6900396762091, 25.07174189713698], [121.69165144264889, 25.070460514113858], [121.69648674196829, 25.07008547518026], [121.69933103568556, 25.06746020264508], [121.70426114479552, 25.067929001312077], [121.70688421566814, 25.066585111800023], [121.71235158025803, 25.06805401428994], [121.7177873415844, 25.063803573042513], [121.71898826559836, 25.06164709917433], [121.72199057563327, 25.060115690195474], [121.72268584743082, 25.058490521483222], [121.72619380968214, 25.058115482549624], [121.73004940783224, 25.053333736146264], [121.73210361996139, 25.052708671256937], [121.73782381065949, 25.054646372413853], [121.73978321299806, 25.05308371019053], [121.74588264285846, 25.0530212037016], [121.74762082235236, 25.053708775079862], [121.74818968109582, 25.055052664591916], [121.75081275196843, 25.0570216189933], [121.75669095898415, 25.059240599350417], [121.75928242659323, 25.059428118817213], [121.76231633989167, 25.056990365748835], [121.76402291612204, 25.057427911171363], [121.76478139444664, 25.059521878550612], [121.7673412587922, 25.06183461864113], [121.76999593292834, 25.063491040597846], [121.77170250915871, 25.06320976139765], [121.7730614494903, 25.066835137755753], [121.7756845203629, 25.06999171544686], [121.76942707418488, 25.077898786296863], [121.767088432684, 25.07877387714192], [121.76165267135764, 25.078398838208326], [121.7591244102756, 25.08446196763481], [121.75981968207316, 25.090243817861094], [121.75833432868747, 25.094775538308724], [121.75944044291086, 25.09627569404311], [121.75988288860022, 25.100526135290544], [121.7567541655112, 25.101901278047066], [121.75669095898415, 25.102745115647657], [121.75801829605221, 25.103370180536984], [121.75741783404523, 25.106620517961492], [121.75602729045012, 25.108401952896077], [121.75387826853039, 25.10865197885181], [121.75270894777995, 25.106839290672756], [121.75087595849547, 25.107745634762285], [121.75002267038029, 25.109714589163666], [121.75179245313771, 25.111027225431258], [121.7570069916194, 25.11012088134173], [121.75937723638381, 25.112589887654575], [121.76143144851295, 25.11237111494331], [121.76326443779743, 25.113464978499636], [121.76689881310286, 25.112527381165645], [121.76971150355661, 25.114965134234023], [121.77296663969972, 25.12012191957098], [121.7835221297172, 25.11659030294628], [121.78601878753571, 25.11812171192513], [121.79012721179402, 25.112246101965447], [121.79467808174167, 25.11255863441011], [121.79568938617447, 25.113746257699834], [121.79777520156716, 25.114340069344696], [121.79862848968234, 25.116684062679678], [121.797585581986, 25.117715419747068], [121.79884971252702, 25.11934058845932], [121.79420403278878, 25.123372256995488], [121.79464647847814, 25.126435074953196], [121.7990709353717, 25.124341107573947], [121.79979781043278, 25.12312223103976], [121.80226286498777, 25.121809594772166], [121.80485433259685, 25.125059932196674], [121.80384302816402, 25.127216406064857], [121.80532838154973, 25.12918536046624], [121.80532838154973, 25.131123061623157], [121.80390623469108, 25.13352956144707], [121.80251569109596, 25.1343421458032], [121.80349539226525, 25.136186087226715], [121.80684533819894, 25.135623528826322], [121.81041650697732, 25.13309201602454], [121.81540982261433, 25.134779691225727], [121.81746403474348, 25.13412337309193], [121.8218568883735, 25.136029821004385], [121.82662898116584, 25.135654782070787], [121.82305781238747, 25.132529457624145], [121.82192009490055, 25.13259196411308], [121.82169887205588, 25.130529249978295], [121.81977107298083, 25.12937287993304], [121.81913900771032, 25.127028886598058], [121.81964465992672, 25.124778652996476], [121.82252055690753, 25.121434555838572], [121.82798792149742, 25.12274719210616], [121.8295680846737, 25.124372360818413], [121.82849357371383, 25.127278912553788], [121.83029495973479, 25.127778964465254], [121.83149588374874, 25.127028886598058], [121.83178031312048, 25.12771645797632], [121.83373971545905, 25.126997633353593], [121.83408735135782, 25.128435282599046], [121.84205137376622, 25.128154003398848], [121.84186175418508, 25.128872828021578], [121.84299947167199, 25.128529042332445], [121.84287305861788, 25.12781021770972], [121.84894088521476, 25.127247659309322], [121.85605161950798, 25.124809906240944], [121.86063409271915, 25.124591133529677], [121.86234066894953, 25.126341315219797], [121.86262509832126, 25.124309854329482], [121.8640472451799, 25.124216094596083], [121.86502694634919, 25.123153484284224], [121.86850330533697, 25.123153484284224], [121.8695146097698, 25.125216198419007], [121.87027308809441, 25.125309958152407], [121.87150561537189, 25.12377854917355], [121.87251691980471, 25.125372464641337], [121.87365463729162, 25.124778652996476], [121.87599327879249, 25.125559984108136], [121.87738382238761, 25.125059932196674], [121.8778578713405, 25.123591029706752], [121.88835015483092, 25.122559672639362], [121.88970909516252, 25.121715835038767], [121.88898222010143, 25.120528211749043], [121.88983550821662, 25.11987189361525], [121.89214254645397, 25.119746880637386], [121.89315385088679, 25.120621971482443], [121.89460760100896, 25.120184426059915], [121.89599814460406, 25.12099701041604], [121.89707265556393, 25.119715627392917], [121.90073863413288, 25.120778237704776], [121.90443621596535, 25.123309750506554], [121.90453102575593, 25.124309854329482], [121.91031442298107, 25.123372256995488], [121.91337993954303, 25.124497373796277], [121.91464407008405, 25.124184841351614], [121.91647705936852, 25.127247659309322], [121.91891051065997, 25.127591444998455], [121.92403023935108, 25.130091704555767], [121.92602124495319, 25.129685412377704], [121.9267797232778, 25.12884157477711], [121.92415665240519, 25.124028575129284], [121.92121754889733, 25.121309542860704], [121.9208067064715, 25.11746539379134], [121.9169511083214, 25.116184010768215], [121.91603461367916, 25.1138712706777], [121.91859447802472, 25.112496127921176], [121.92118594563381, 25.114152549877897], [121.92320855449942, 25.113277459032837], [121.92655850043312, 25.108151926940348], [121.92545238620973, 25.106089212805564], [121.92320855449942, 25.105307881693903], [121.92409344587814, 25.10393273893738], [121.92361939692526, 25.10343268702592], [121.92191282069489, 25.104057751915246], [121.91941616287639, 25.102151304002795], [121.91853127149767, 25.10021360284588], [121.9197005922481, 25.0976820900441], [121.91957417919402, 25.094869298042124], [121.91736195074724, 25.094244233152793], [121.91442284723936, 25.089775019194096], [121.91442284723936, 25.0854933247022], [121.91685629853083, 25.0813991496771], [121.9153393418816, 25.078086305763662], [121.91552896146275, 25.076648656518206], [121.91666667894967, 25.075961085139944], [121.91985860856573, 25.076304870829077], [121.92548398947326, 25.072023176337176], [121.92845469624464, 25.07086680629192], [121.92813866360939, 25.068804092157137], [121.93170983238775, 25.063116001664252], [121.93174143565129, 25.060990781040534], [121.93069852795495, 25.061053287529468], [121.93066692469142, 25.05989691748421], [121.93123578343487, 25.056115274903775], [121.93066692469142, 25.056021515170375], [121.93155181607013, 25.054115067257925], [121.92975043004918, 25.051333528500415], [121.92892874519752, 25.046239249652388], [121.93022447900206, 25.04561418476306], [121.93041409858321, 25.04414528227314], [121.92908676151515, 25.043238938183613], [121.92899195172457, 25.042176327871754], [121.93025608226559, 25.04170752920476], [121.92905515825163, 25.041301237026698], [121.93205746828654, 25.03586317248954], [121.93455412610504, 25.032362809109305], [121.94223371914171, 25.0246432577261], [121.94710062172463, 25.02108038785693], [121.9499449154419, 25.0204553229676], [121.94966048607019, 25.021611693012858], [121.95215714388868, 25.022268011146654], [121.9608796446217, 25.02298683576938], [121.9648616558259, 25.02470576421503], [121.96691586795504, 25.02392443310337], [121.97364736308595, 25.02654970563855], [121.97788220039835, 25.026612212127485], [121.98303353235299, 25.0249245369263], [121.99017586990973, 25.02108038785693], [121.99229328856593, 25.0164549076759], [121.99115557107902, 25.01298579754013], [121.99317817994465, 25.014235927318786], [121.99390505500573, 25.016048615497837], [121.99763424010172, 25.019486472389143], [121.99911959348742, 25.019611485367008], [122.00180587088707, 25.01479848571918], [122.0035756536445, 25.01464221949685], [122.00512421355724, 25.01557981683084], [122.00521902334782, 25.013017050784594], [122.00660956694293, 25.011016843138744], [122.00749445832164, 25.01186068073934], [122.00585108861833, 25.008641596559297], [122.00705201263229, 25.008641596559297], [122.0056930723007, 25.00776650571424], [122.00531383313839, 25.004484915045264], [122.00597750167243, 25.003328545], [122.00515581682076, 25.001547110065424], [122.0035756536445, 25.001984655487952], [121.99665453893243, 25.000765778953763], [121.98929097853102, 24.993765052193286], [121.98388682046817, 24.990577221257713], [121.98088451043327, 24.991077273169175], [121.97753456449958, 24.99007716934625], [121.97608081437741, 24.988795786323127], [121.97472187404581, 24.98529542294289], [121.96773755280671, 24.984826624275893], [121.96729510711735, 24.98270140365218], [121.96603097657633, 24.983076442585777]], [[121.57095857924543, 25.197192420425147], [121.56489075264855, 25.200942809761116], [121.56511197549324, 25.202161686295305], [121.56274173072883, 25.209287426033647], [121.55973942069392, 25.210162516878707], [121.55831727383527, 25.209756224700644], [121.5549989311651, 25.208443588433056], [121.55310273535359, 25.204193147185624], [121.55177539828551, 25.203599335540762], [121.5514909689138, 25.202099179806375], [121.55259708313717, 25.200880303272186], [121.55259708313717, 25.198817589137402], [121.55174379502199, 25.197661219092144], [121.55070088732566, 25.197129913936216], [121.5481410229801, 25.198005004781276], [121.54456985420173, 25.195379732246096], [121.54324251713366, 25.193660803800444], [121.5428000714443, 25.188941563886015], [121.5406826527881, 25.18716012895143], [121.53578414694167, 25.186660077039967], [121.53335069565021, 25.183566005837793], [121.52567110261354, 25.182753421481667], [121.52168909140934, 25.178971778901232], [121.52257398278806, 25.17469008440933], [121.52004572170603, 25.16940828609451], [121.5139146885821, 25.17097094831783], [121.51043832959431, 25.169439539338978], [121.50604547596429, 25.171002201562295], [121.50481294868679, 25.173252435163878], [121.50256911697649, 25.173252435163878], [121.50162101907073, 25.171283480762494], [121.50174743212483, 25.16931452636111], [121.50038849179323, 25.168595701738383], [121.49744938828537, 25.163720195601623], [121.49274050202008, 25.160751137377314], [121.48762077332897, 25.153000332749645], [121.48749436027488, 25.151500177015258], [121.48284868053665, 25.150218793992135], [121.48051003903576, 25.146749683856363], [121.47659123435862, 25.14365561265419], [121.47197715788391, 25.137748749450036], [121.46894324458547, 25.135654782070787], [121.46559329865178, 25.13156060704569], [121.46429756484724, 25.127560191753986], [121.46480321706365, 25.124247347840548], [121.45879859699382, 25.122965964817425], [121.46091601565003, 25.11621526401268], [121.4576608795069, 25.110214641075128], [121.45731324360813, 25.10708931662849], [121.46139006460291, 25.103870232448447], [121.46638338023992, 25.1016825053358], [121.48107889777923, 25.100869920979672], [121.48907452345115, 25.096838252443508], [121.49975642652272, 25.087212253147854], [121.50263232350353, 25.08296181190042], [121.50617188901838, 25.074429676161092], [121.5070567803971, 25.06989795571346], [121.50683555755242, 25.064741170376504], [121.50563463353845, 25.06077200832927], [121.50623509554543, 25.053615015346463], [121.50465493236916, 25.04980211952156], [121.501336589699, 25.045957970452193], [121.49564800226443, 25.042957658983415], [121.48879009407942, 25.04258262004982], [121.48411281107767, 25.037675860668593], [121.48363876212478, 25.035300614089145], [121.48879009407942, 25.02333062145851], [121.48872688755236, 25.01532979087511], [121.48954857240402, 25.013173317006927], [121.49264569222952, 25.009547940648826], [121.49526876310212, 25.009297914693093], [121.50026207873913, 25.01195444047274], [121.50911099252625, 25.02136166705713], [121.51195528624353, 25.021830465724122], [121.51716982472522, 25.02048657621207], [121.5211202326659, 25.01811132963262], [121.52576591240413, 25.011891933983804], [121.53044319540588, 25.00986047309349], [121.53214977163626, 25.00811029140337], [121.53385634786662, 25.003609824200208], [121.53161251615631, 25.001172071131826], [121.53050640193293, 24.997984240196253], [121.53164411941985, 24.994733902771745], [121.5317073259469, 24.990514714768782], [121.53502566861707, 24.99504643521641], [121.53625819589455, 24.99410883788242], [121.53711148400974, 24.991546071836172], [121.53682705463801, 24.988702026589728], [121.54001898425408, 24.987764429255737], [121.54387458240417, 24.988295734411665], [121.54482268030993, 24.98701435138854], [121.5441590117759, 24.985076650231626], [121.54485428357346, 24.983764013964038], [121.54709811528376, 24.983263962052575], [121.54902591435881, 24.983764013964038], [121.55079569711623, 24.985264169698425], [121.55085890364329, 24.98723312409981], [121.55262868640071, 24.986701818943878], [121.55392442020525, 24.9843578256089], [121.55316594188064, 24.97904477404961], [121.5541140397864, 24.976888300181425], [121.55518855074627, 24.976513261247828], [121.55610504538849, 24.973356683556723], [121.55749558898361, 24.9722628200004], [121.5584752901529, 24.968543683908894], [121.56119317081608, 24.964699534839525], [121.57298118811106, 24.964105723194663], [121.57434012844264, 24.965293346484387], [121.57456135128733, 24.96685600870771], [121.5786381722821, 24.96660598275198], [121.58220934106048, 24.96476204132846], [121.58438996624372, 24.96457452186166], [121.58574890657532, 24.963199379105138], [121.58875121661022, 24.963386898571937], [121.59115306463815, 24.964605775106126], [121.59339689634845, 24.964199482928063], [121.5948190432071, 24.961574210392886], [121.5970628749174, 24.960511600081027], [121.59835860872194, 24.961230424703754], [121.60107648938512, 24.960886639014625], [121.60524812017047, 24.96301185963834], [121.60847165305007, 24.963199379105138], [121.61365458826823, 24.966449716529645], [121.61491871880925, 24.966168437329447], [121.61694132767488, 24.967512326841504], [121.61965920833806, 24.967137287907907], [121.62000684423684, 24.96954378773182], [121.61412863722111, 24.973575456267987], [121.61122113697678, 24.974606813335377], [121.60509010385285, 24.97441929386858], [121.60019159800642, 24.976919553425894], [121.5993067066277, 24.97870098836048], [121.6006656469593, 24.980294903828266], [121.59987556537116, 24.986483046232614], [121.60183496770973, 24.987983201967], [121.60186657097326, 24.990452208279848], [121.5990538805195, 24.99173359130297], [121.59927510336418, 24.993108734059494], [121.59813738587727, 24.99451513006048], [121.6005392339052, 24.99851554535218], [121.6005392339052, 25.000734525709298], [121.59788455976906, 25.004141129356135], [121.59589355416696, 25.004484915045264], [121.59560912479523, 25.00714144082491], [121.59753692387028, 25.014767232474714], [121.60268825582492, 25.015142271408312], [121.6041420059471, 25.019111433455546], [121.60818722367834, 25.01942396590021], [121.60935654442878, 25.020924121634597], [121.6134965719506, 25.01917393994448], [121.61608803955968, 25.019705245100408], [121.61738377336422, 25.01845511532175], [121.62060730624381, 25.01836135558835], [121.62250350205534, 25.017392505009894], [121.62898217107805, 25.019986524300606], [121.63094157341662, 25.0247370174595], [121.63245853006583, 25.025612108304557], [121.63561885641838, 25.02401819283677], [121.63568206294543, 25.023205608480644], [121.6375150522299, 25.024080699325705], [121.64080179163655, 25.023486887680843], [121.64295081355627, 25.024580751237167], [121.64465738978664, 25.023736913636576], [121.64611113990881, 25.02176795923519], [121.64990353153186, 25.023986939592305], [121.653822336209, 25.024424485014833], [121.66282926631374, 25.022736809813647], [121.66406179359123, 25.02317435523618], [121.66535752739577, 25.026018400482624], [121.66488347844289, 25.028174874350803], [121.66592638613923, 25.02986254955199], [121.66080665744812, 25.03045636119685], [121.65537089612175, 25.027643569194876], [121.65192614039748, 25.028143621106338], [121.6502195641671, 25.027643569194876], [121.6479757324568, 25.028612419773335], [121.64693282476047, 25.027987354884004], [121.64582671053708, 25.029456257373926], [121.63988529699431, 25.032019023420172], [121.63808391097336, 25.03361293888796], [121.63286937249167, 25.035831919245076], [121.63011988856496, 25.035144347866815], [121.62948782329445, 25.036738263334602], [121.62493695334679, 25.037738367157527], [121.61905874633108, 25.043551470628277], [121.616467278722, 25.04814569756484], [121.61630926240437, 25.050552197388754], [121.62101814866965, 25.053677521835393], [121.62051249645324, 25.056646580059702], [121.6234515999611, 25.05502141134745], [121.62424168154924, 25.055740235970177], [121.62165021394016, 25.06033446290674], [121.61867950716876, 25.062990988686384], [121.61611964282321, 25.063928586020378], [121.61713094725603, 25.065866287177293], [121.61754178968185, 25.0652099690435], [121.61779461579006, 25.067678975356348], [121.62146059435901, 25.06955417002433], [121.62067051277087, 25.073398319093698], [121.62174502373074, 25.074835968339155], [121.62278793142707, 25.074648448872356], [121.62341999669758, 25.077273721407533], [121.62474733376564, 25.077680013585596], [121.62411526849513, 25.079992753676112], [121.62797086664523, 25.083274344345085], [121.6275600242194, 25.084837006568407], [121.62860293191574, 25.086493428525124], [121.62806567643581, 25.088399876437574], [121.62597986104313, 25.090493843816827], [121.62632749694191, 25.091462694395283], [121.6250633664009, 25.09365042150793], [121.62623268715134, 25.096088174576312], [121.62534779577263, 25.097057025154772], [121.62329358364347, 25.096932012176907], [121.61738377336422, 25.101119946935405], [121.61545597428918, 25.10383897920398], [121.61039945212512, 25.10518286871604], [121.60796600083366, 25.106745530939357], [121.59747371734323, 25.1094958164524], [121.59557752153171, 25.113277459032837], [121.59886426093836, 25.12012191957098], [121.60076045674987, 25.121840848016635], [121.60170855465563, 25.126028782775133], [121.60455284837292, 25.125997529530668], [121.60780798451603, 25.130154211044697], [121.6046476581635, 25.13074802268956], [121.60458445163644, 25.134529665269998], [121.60569056585983, 25.13674864562711], [121.60407879942004, 25.13615483398225], [121.59835860872194, 25.140311515496283], [121.59573553784934, 25.143593106165255], [121.59598836395755, 25.14478072945498], [121.59390254856487, 25.14806232012395], [121.5937129289837, 25.1500625277698], [121.58963610798894, 25.15215649514905], [121.59159551032751, 25.15512555337336], [121.59178512990866, 25.15756330644174], [121.58985733083361, 25.163688942357158], [121.5884667872385, 25.163001370978897], [121.58638097184583, 25.163532676134825], [121.58318904222976, 25.165814162980872], [121.57885939512678, 25.165626643514074], [121.57705800910583, 25.167001786270596], [121.57727923195051, 25.16993959125044], [121.58296781938508, 25.17559642849886], [121.5832522487568, 25.17756538290024], [121.58091360725592, 25.182065850103406], [121.5827465965404, 25.184441096682853], [121.58186170516169, 25.185784986194907], [121.58290461285803, 25.188410258730087], [121.5839791238179, 25.188785297663685], [121.58378950423673, 25.191910622110324], [121.58268339001334, 25.193098245400048], [121.58375790097321, 25.194598401134435], [121.58053436809362, 25.19534847900163], [121.57917542776204, 25.194129602467438], [121.57588868835539, 25.195567251712895], [121.57320241095573, 25.194973440068033], [121.57174866083356, 25.195379732246096], [121.57095857924543, 25.197192420425147]]]}}, {"type": "Feature", "properties": {"COUNTYID": "B", "name": "\u53f0\u4e2d\u5e02", "tree2pv_total": 0.2, "pv_new_total": 94.4, "tree_loss_total": 247.3, "tree_pct0": 54.53, "tree_pctN": 61.21, "pv_water": 5.5, "pv_farm": 42.7, "pv_bare": 46.0, "pv_tree": 0.2}, "geometry": {"type": "Polygon", "coordinates": [[[121.31765842208942, 24.44148896922736], [121.3205975255973, 24.441051423804833], [121.32805589578928, 24.433894430822026], [121.32837192842453, 24.431581690731512], [121.32767665662698, 24.430425320686254], [121.32871956432332, 24.427268742995146], [121.32742383051877, 24.421549399257792], [121.32742383051877, 24.413017263518462], [121.32499037922732, 24.406922880847514], [121.326475732613, 24.399859647598106], [121.32802429252575, 24.398296985374785], [121.33232233636521, 24.397953199685652], [121.33358646690623, 24.395015394705812], [121.33696801610344, 24.3924213754151], [121.33845336948913, 24.390046128835653], [121.33946467392195, 24.389764849635455], [121.33993872287483, 24.390983726169644], [121.34417356018723, 24.393046440304428], [121.35254842502145, 24.392296362437232], [121.3553295122117, 24.393140200037827], [121.35940633320646, 24.39042116776925], [121.36487369779636, 24.389077278257194], [121.36876089920999, 24.384889343498696], [121.36970899711575, 24.382764122874978], [121.3671491327702, 24.379201253005807], [121.36932975795344, 24.374294493624582], [121.36929815468991, 24.372450552201062], [121.37356459526585, 24.368168857709165], [121.37738859015242, 24.36838763042043], [121.38114937851194, 24.366856221441576], [121.3834564167493, 24.367762565531102], [121.38791247690637, 24.370012799132684], [121.38917660744738, 24.374169480646717], [121.39037753146135, 24.375325850691972], [121.39325342844216, 24.375294597447507], [121.39581329278772, 24.377982376471618], [121.39808872776155, 24.377763603760354], [121.40061698884358, 24.379576291939404], [121.4018811193846, 24.379607545183873], [121.4041249510949, 24.377826110249288], [121.40788573945441, 24.377576084293555], [121.41278424530086, 24.379763811406203], [121.41964215348587, 24.379201253005807], [121.42333973531834, 24.381388980118455], [121.42574158334627, 24.381482739851855], [121.42934435538815, 24.38307665531964], [121.43395843186286, 24.383232921541975], [121.43778242674944, 24.382889135852846], [121.44287055217703, 24.373169376823792], [121.44795867760462, 24.37482579878051], [121.44824310697634, 24.37257556517893], [121.45200389533586, 24.364699747573393], [121.44865394940217, 24.362762046416478], [121.44748462865174, 24.359824241436634], [121.44157481837249, 24.358605364902445], [121.43952060624333, 24.35401113796588], [121.43778242674944, 24.352073436808965], [121.43560180156618, 24.34722918391667], [121.43775082348591, 24.34244743751331], [121.43430606776164, 24.338259502754813], [121.43247307847717, 24.329602354037615], [121.43443248081574, 24.325695698479315], [121.43493813303215, 24.322539120788207], [121.43399003512639, 24.32113272478722], [121.43133536099026, 24.320226380697694], [121.42849106727297, 24.317351082206784], [121.42321332226423, 24.308225134822592], [121.42021101222932, 24.307600069933265], [121.41686106629562, 24.309193985401052], [121.41142530496926, 24.307256284244133], [121.40538908163592, 24.308287641311523], [121.40472541310187, 24.30763132317773], [121.40497823921008, 24.30494354415362], [121.40349288582439, 24.296973966814683], [121.39723543964637, 24.290535798454606], [121.39657177111233, 24.28872311027555], [121.39350625455036, 24.288254311608558], [121.3909463902048, 24.289723214098476], [121.38724880837233, 24.284722694983852], [121.38228709599885, 24.28162862378168], [121.38045410671438, 24.279472149913495], [121.38212907968122, 24.276190559244522], [121.38326679716813, 24.267970955949856], [121.38566864519606, 24.264033047147088], [121.38513138971614, 24.255125872474164], [121.37843149784875, 24.252813132383647], [121.37309054631297, 24.25409451540677], [121.36673829034436, 24.25190678829412], [121.36424163252585, 24.247062535401827], [121.36063886048396, 24.24393721095519], [121.35852144182776, 24.243593425266056], [121.3562144035904, 24.244562275844515], [121.35261163154851, 24.24384345122179], [121.35295926744729, 24.236405179038783], [121.35201116954153, 24.2340611857038], [121.34904046277013, 24.231623432635423], [121.3430042394368, 24.223560095563087], [121.3356722822989, 24.22859186792218], [121.326475732613, 24.23252977672495], [121.32445312374739, 24.23302982863641], [121.3193649983198, 24.231935965080087], [121.31642589481194, 24.234373718148465], [121.31408725331106, 24.234998783037796], [121.30880950830232, 24.23493627654886], [121.30590200805798, 24.233686146770204], [121.30365817634768, 24.233748653259138], [121.30236244254314, 24.236467685527714], [121.30087708915745, 24.236623951750047], [121.29888608355535, 24.235780114149453], [121.29803279544016, 24.234186198681666], [121.2988228770283, 24.233342361081075], [121.29569415393928, 24.232623536458348], [121.29313428959372, 24.229154426322577], [121.29101687093753, 24.2301545301455], [121.28577072919231, 24.229154426322577], [121.28273681589387, 24.23102962099056], [121.28017695154831, 24.229779491211904], [121.27774350025686, 24.231873458591153], [121.27660578276995, 24.235592594682657], [121.27391950537029, 24.235686354416057], [121.26892618973328, 24.23790533477317], [121.26851534730744, 24.239936795663485], [121.26589227643484, 24.241249431931077], [121.26636632538772, 24.2424370552208], [121.2649757817926, 24.24584365886764], [121.25878154214162, 24.245124834244912], [121.25505235704563, 24.243218386332458], [121.25122836215905, 24.23799909450657], [121.24414923112937, 24.222497485251232], [121.24073607866863, 24.221684900895102], [121.23792338821487, 24.21971594649372], [121.23040181149582, 24.223528842318622], [121.23062303434051, 24.226122861609333], [121.2282527895761, 24.225747822675736], [121.22834759936667, 24.22468521236388], [121.21968830516072, 24.229248186055976], [121.21583270701062, 24.225341530497673], [121.2080899074469, 24.221653647650637], [121.20154803189715, 24.22162239440617], [121.19671273257777, 24.223153803385024], [121.19380523233342, 24.220591037338778], [121.1917826234678, 24.218059524537], [121.19184582999485, 24.216903154491742], [121.19020246029153, 24.215684277957553], [121.185177541391, 24.214465401423364], [121.18239645420076, 24.21230892755518], [121.18075308449744, 24.212277674310716], [121.17348433388659, 24.22034101138305], [121.16770093666145, 24.22537278374214], [121.16438259399129, 24.2217786606285], [121.16394014830193, 24.219622186760322], [121.16112745784817, 24.21534049226842], [121.15651338137346, 24.21474668062356], [121.15142525594588, 24.212871485955578], [121.14813851653923, 24.213059005422373], [121.14614751093714, 24.20890232390834], [121.14301878784812, 24.20527694755024], [121.14254473889524, 24.201589064703203], [121.14134381488128, 24.19962011030182], [121.13635049924426, 24.196338519632846], [121.13227367824949, 24.19690107803324], [121.12253987308367, 24.196088493677113], [121.11874748146062, 24.197213610477906], [121.11340652992483, 24.19683857154431], [121.10929810566653, 24.198026194834032], [121.10196614852865, 24.195807214476915], [121.09441296854607, 24.190150377228495], [121.09397052285672, 24.187868890382447], [121.09106302261237, 24.184806072424742], [121.0913474519841, 24.182743358289958], [121.08486878296141, 24.17593015099628], [121.08120280439246, 24.175523858818217], [121.07908538573626, 24.17305485250537], [121.0746609288427, 24.169960781303196], [121.0724170971324, 24.169867021569797], [121.066317667272, 24.165522820588965], [121.06429505840637, 24.162897548053788], [121.05927013950584, 24.16271002858699], [121.05879609055296, 24.160241022274143], [121.05260185090198, 24.15477170449252], [121.05067405182693, 24.158115801650425], [121.04757693200145, 24.16002224956288], [121.03777992030858, 24.15789702893916], [121.03575731144295, 24.153084029291335], [121.03559929512532, 24.150740035956353], [121.03341866994207, 24.14858356208817], [121.03089040886003, 24.14964617240003], [121.03120644149529, 24.15355282795833], [121.02956307179197, 24.157678256227896], [121.02776168577103, 24.159584704140347], [121.02558106058777, 24.158115801650425], [121.0198924731532, 24.15886587951762], [121.01224448338006, 24.153334055247065], [121.01211807032595, 24.15214643195734], [121.00709315142542, 24.144895679241134], [121.00753559711478, 24.14361429621801], [121.00687192858074, 24.141145289905165], [121.00456489034339, 24.137613673280462], [121.00349037938352, 24.133894537188958], [121.0004880693486, 24.13239438145457], [120.999729591024, 24.128175193451607], [120.99862347680062, 24.126893810428484], [120.99201839472381, 24.12526864171623], [120.99189198166971, 24.120861934246467], [120.98898448142538, 24.11873671362275], [120.98522369306585, 24.120174362868205], [120.9752054585283, 24.116955278688163], [120.9744469802037, 24.118924233089547], [120.9709706212159, 24.120268122601605], [120.96120521278655, 24.12014310962374], [120.95539021229789, 24.125237388471763], [120.95011246728915, 24.12786266100694], [120.94837428779525, 24.124956109271565], [120.94451868964515, 24.122862141892316], [120.93184578097147, 24.112204785529272], [120.9271684979697, 24.111735986862275], [120.91986814409535, 24.107454292370377], [120.91455879582308, 24.107548052103777], [120.913231458755, 24.10898570134923], [120.90956548018606, 24.109235727304963], [120.90710042563109, 24.11070462979488], [120.90684759952288, 24.112329798507137], [120.9048881971843, 24.11448627237532], [120.89490156591029, 24.1165489865101], [120.89104596776019, 24.115642642420575], [120.89016107638147, 24.11420499317512], [120.89107757102371, 24.112236038773737], [120.89420629411272, 24.110360844105752], [120.89420629411272, 24.106547948280852], [120.89095115796961, 24.10114113698816], [120.89107757102371, 24.097453254141126], [120.8854521901162, 24.094765475117015], [120.88200743439192, 24.088327306756934], [120.88033246142508, 24.088577332712664], [120.87925795046522, 24.085858300444087], [120.8779938199242, 24.08504571608796], [120.87685610243729, 24.091202605247844], [120.87818343950535, 24.09348409209389], [120.87900512435701, 24.097984559297053], [120.881470178912, 24.100516072098834], [120.88017444510746, 24.10536032499113], [120.87932115699226, 24.10595413663599], [120.87916314067463, 24.109235727304963], [120.87764618402542, 24.10976703246089], [120.87423303156469, 24.11342366206346], [120.87385379240237, 24.11533010997591], [120.87224202596258, 24.116924025443698], [120.86886047676536, 24.117580343577494], [120.86551053083167, 24.115486376198245], [120.85849460632903, 24.116267707309905], [120.85719887252449, 24.117299064377296], [120.85615596482816, 24.121549505624728], [120.85388052985432, 24.124518563849037], [120.84891881748084, 24.12386224571524], [120.84484199648607, 24.124518563849037], [120.84297740393806, 24.123049661359115], [120.84212411582288, 24.120674414779668], [120.83864775683509, 24.11908049931188], [120.83627751207068, 24.116924025443698], [120.83447612604974, 24.112954863396464], [120.83450772931326, 24.107610558592707], [120.83030449526439, 24.10210998756662], [120.83160022906893, 24.100984870765828], [120.8324535171841, 24.09826583849725], [120.82992525610209, 24.09498424782828], [120.82853471250696, 24.094484195916817], [120.82831348966229, 24.09289028044903], [120.8280922668176, 24.086889657511477], [120.82891395166926, 24.083545560353574], [120.82837669618934, 24.07685736603776], [120.82929319083158, 24.071513061234004], [120.82076030967971, 24.069825386032818], [120.8192433530305, 24.068450243276295], [120.81633585278617, 24.068450243276295], [120.81447126023816, 24.069919145766217], [120.81175337957498, 24.066012490207918], [120.80919351522942, 24.066262516163647], [120.80698128678264, 24.064231055273332], [120.80726571615438, 24.063012178739143], [120.80628601498509, 24.060449412692897], [120.80325210168665, 24.056167718201], [120.80369454737601, 24.05354244566582], [120.80262003641614, 24.051667250997834], [120.8010714765034, 24.05144847828657], [120.80066063407757, 24.04866693952906], [120.79702625877215, 24.043666420414436], [120.79724748161682, 24.040947388145856], [120.79168530723636, 24.03525929765297], [120.79149568765521, 24.033727888674115], [120.79291783451384, 24.03247775889546], [120.79152729091874, 24.030696323960875], [120.78947307878958, 24.031227629116803], [120.78754527971454, 24.030352538271742], [120.78549106758538, 24.028664863070556], [120.78558587737596, 24.0276960124921], [120.78479579578783, 24.027633506003166], [120.7846377794702, 24.02410188937846], [120.7831524260845, 24.024758207512257], [120.78293120323983, 24.023695597200398], [120.77977087688728, 24.02113283115415], [120.77977087688728, 24.020257740309095], [120.77512519714905, 24.01847630537451], [120.77351343070926, 24.015913539328263], [120.77142761531658, 24.014413383593876], [120.7705743272014, 24.009100332034585], [120.76750881063944, 24.00906907879012], [120.76267351132005, 24.00625628678814], [120.75790141852772, 24.006068767321345], [120.7558788096621, 24.0035060012751], [120.75312932573539, 24.00234963122984], [120.75110671686976, 24.00288093638577], [120.74759875461844, 23.999161800294267], [120.74601859144217, 23.998567988649405], [120.74364834667777, 24.00216211176304], [120.7317339163287, 24.009006572301185], [120.71925062723616, 24.00966289043498], [120.70638809898134, 24.005193676476285], [120.69488451105809, 24.007100124388735], [120.67864043360603, 24.01403834466028], [120.6647666009184, 24.023289305022335], [120.66350247037738, 24.024945726979055], [120.66122703540356, 24.025695804846247], [120.65563325775956, 24.030696323960875], [120.65190407266356, 24.028571103337157], [120.64656312112777, 24.033915408140913], [120.6451093710056, 24.034259193830046], [120.64444570247157, 24.032321492673127], [120.64615227870193, 24.028321077381428], [120.64621548522899, 24.026664655424707], [120.6448565448974, 24.025914577557515], [120.64191744138954, 24.027383480047433], [120.63885192482758, 24.027727265736566], [120.63708214207016, 24.028852382537355], [120.6361340441644, 24.031040109650004], [120.62864407070887, 24.029633713649016], [120.62516771172108, 24.030196272049412], [120.62415640728827, 24.0316026680504], [120.62447243992352, 24.03379039516305], [120.62810681522895, 24.038353368855145], [120.62769597280311, 24.040197310278664], [120.62602099983627, 24.041634959524117], [120.62579977699158, 24.046791744861075], [120.62447243992352, 24.048291900595462], [120.62342953222718, 24.051979783442498], [120.62570496720102, 24.057042809046056], [120.62535733130223, 24.06895029518776], [120.62396678770712, 24.07148180798954], [120.62197578210501, 24.072638178034797], [120.62068004830047, 24.072325645590134], [120.61865743943486, 24.075107184347644], [120.61514947718354, 24.084295638220766], [120.61489665107533, 24.089983728713655], [120.6124948030474, 24.099172182586777], [120.61236838999329, 24.102578786233618], [120.60886042774197, 24.102078734322156], [120.60800713962679, 24.102735052455948], [120.60307703051683, 24.102860065433813], [120.59994830742782, 24.10517280552433], [120.59486018200023, 24.10489152632413], [120.58891876845746, 24.10611040285832], [120.58553721926025, 24.107548052103777], [120.58351461039462, 24.109548259749626], [120.57659349568256, 24.10957951299409], [120.57261148447836, 24.10829812997097], [120.55801077672963, 24.1125485712184], [120.54966751515892, 24.11386120748599], [120.54521145500185, 24.1166427462435], [120.54034455241893, 24.12395600544864], [120.5340871062409, 24.125581174160892], [120.53225411695644, 24.12692506367295], [120.52365802927753, 24.13945761470398], [120.52327879011523, 24.140957770438366], [120.52568063814316, 24.146052049286393], [120.5258702577243, 24.148552308843705], [120.52451131739271, 24.152396457913074], [120.51749539289007, 24.165335301122166], [120.50810922362304, 24.187181319004186], [120.50438003852703, 24.191150481051423], [120.45656430081313, 24.20718339546269], [120.46032508917264, 24.211652609421385], [120.46490756238383, 24.214277881956566], [120.460767534862, 24.215590518224154], [120.4612731870784, 24.216746888269412], [120.46882636706097, 24.214465401423364], [120.47233432931229, 24.2223412190289], [120.47631634051649, 24.224310173430283], [120.49047460257587, 24.255282138696494], [120.48633457505404, 24.257376106075743], [120.4888944393996, 24.256313495763884], [120.49309767344847, 24.266158267770805], [120.49818579887607, 24.263939287413688], [120.50823563667714, 24.283910110627726], [120.51051107165097, 24.29256725934492], [120.51401903390229, 24.294817492946503], [120.51680012109252, 24.298442869304605], [120.51894914301224, 24.306443699888007], [120.52372123580457, 24.315788419983463], [120.52602827404193, 24.31772612114038], [120.53231732348348, 24.320507659897892], [120.5330758018081, 24.32313293243307], [120.53854316639799, 24.330946243549672], [120.53939645451317, 24.334509113418843], [120.54075539484477, 24.33541545750837], [120.5457803137453, 24.334852899107972], [120.55583015154637, 24.347729235828133], [120.55921170074359, 24.349823203207382], [120.55927490727063, 24.35410489769928], [120.56224561404203, 24.358949150591574], [120.56120270634568, 24.358886644102643], [120.564710668597, 24.36369964375047], [120.56900871243646, 24.366668701974778], [120.56670167419911, 24.365543585173988], [120.56758656557781, 24.36745003308644], [120.56847145695653, 24.367200007130705], [120.5701780331869, 24.36916896153209], [120.57112613109267, 24.374263240380117], [120.57308553343124, 24.37726355184889], [120.5836094201852, 24.389858609368854], [120.58670654001068, 24.3923276156817], [120.58986686636322, 24.39929708919771], [120.59400689388504, 24.403953822623205], [120.59884219320443, 24.407860478181505], [120.60174969344877, 24.414548672497318], [120.60756469393743, 24.419517938367477], [120.61018776481005, 24.423299580947912], [120.61028257460062, 24.42586234699416], [120.61464382496712, 24.428737645485068], [120.61518108044706, 24.43211299588744], [120.61928950470535, 24.43489453464495], [120.6218493690509, 24.440301345937637], [120.62861246744535, 24.43805111233606], [120.63180439706142, 24.432769314021233], [120.63964200641571, 24.42776879490661], [120.64021086515916, 24.42436219125977], [120.64318157193055, 24.42173691872459], [120.64289714255882, 24.416892665832297], [120.64387684372811, 24.41486120494198], [120.64529899058675, 24.414548672497318], [120.64605746891137, 24.41217342591787], [120.64830130062167, 24.411173322094946], [120.64871214304749, 24.40954815338269], [120.65689738830056, 24.407172906803243], [120.66362888343149, 24.402297400666484], [120.667389671791, 24.397828186707788], [120.66754768810863, 24.396015498528737], [120.67010755245418, 24.391952576748103], [120.67134007973168, 24.391046232658578], [120.67228817763744, 24.391327511858776], [120.67864043360603, 24.38704581736688], [120.67724989001093, 24.3841392656315], [120.6856879613722, 24.378919973805612], [120.68853225508948, 24.374950811758378], [120.68976478236698, 24.374513266335846], [120.69197701081376, 24.36829387068703], [120.69336755440887, 24.366762461708177], [120.70341739220994, 24.361824449082484], [120.70746260994119, 24.361668182860154], [120.70730459362356, 24.35785528703525], [120.72316943191332, 24.354667456099676], [120.73037497599711, 24.351823410853232], [120.74861005905126, 24.336165535375564], [120.75221283109315, 24.33419658097418], [120.7585018805347, 24.32863350345916], [120.76327397332703, 24.32591447119058], [120.7674772073759, 24.325351912790186], [120.77458794166913, 24.321101471542754], [120.78381609461854, 24.31835118602971], [120.78773489929569, 24.318382439274174], [120.79614136739345, 24.31635097838386], [120.80549593339695, 24.31597593945026], [120.80745533573553, 24.315163355094136], [120.81756838006365, 24.307412550466466], [120.81952778240223, 24.303849680597295], [120.82531117962738, 24.296786447347888], [120.8335596314075, 24.29047329196567], [120.83814210461868, 24.289254415431483], [120.84945607296078, 24.288535590808753], [120.85723047578801, 24.28909814920915], [120.86573175367634, 24.292692272322785], [120.87489670009872, 24.294879999435434], [120.89158322324012, 24.294098668323773], [120.9020123002035, 24.292254726900257], [120.91174610536932, 24.29397365534591], [120.91677102426985, 24.299005427705], [120.92144830727162, 24.30203699241824], [120.9224280084409, 24.303599654641562], [120.92008936694002, 24.3111941930469], [120.92050020936585, 24.32010136771983], [120.91636018184403, 24.33419658097418], [120.91702385037806, 24.335727989953032], [120.91964692125066, 24.33713438595402], [120.92631520985452, 24.338634541688407], [120.93563817259451, 24.342916236180308], [120.942464477516, 24.33913459359987], [120.94492953207097, 24.339790911733665], [120.95409447849335, 24.33860328844394], [120.95678075589299, 24.339290859822203], [120.96016230509021, 24.33504041857477], [120.96623013168708, 24.333509009595918], [120.97994594805711, 24.334477860174378], [120.98196855692274, 24.33591550941983], [120.98386475273426, 24.33444660692991], [120.985413312647, 24.331821334394732], [120.99100709029099, 24.32975862025995], [120.99726453646902, 24.330039899460147], [121.00045646608508, 24.332665171995323], [121.00472290666102, 24.331946347372597], [121.00823086891234, 24.326852068524573], [121.01158081484603, 24.323976770033664], [121.01448831509036, 24.32010136771983], [121.0180278806052, 24.3112879527803], [121.02001888620731, 24.309256491889982], [121.02937345221082, 24.304693518197887], [121.03168049044817, 24.302005739173776], [121.03310263730681, 24.298817908238203], [121.03528326249007, 24.29719273952595], [121.04517508397352, 24.295317544857966], [121.04944152454944, 24.29613012921409], [121.05209619868558, 24.299005427705], [121.05257024763846, 24.304224719530893], [121.05490888913934, 24.307662576422196], [121.05528812830164, 24.310287848957376], [121.05759516653899, 24.311412965758166], [121.05841685139065, 24.312725602025754], [121.06151397121614, 24.313413173404015], [121.06562239547443, 24.315694660250063], [121.07020486868562, 24.315757166738997], [121.07390245051809, 24.319538809319432], [121.07308076566643, 24.322820399988405], [121.07886416289158, 24.32288290647734], [121.08155044029124, 24.324039276522594], [121.0866069624553, 24.317601108162513], [121.09191631072757, 24.318632465229907], [121.09434976201902, 24.319788835275162], [121.09523465339774, 24.32197656238781], [121.09823696343264, 24.323695490833465], [121.10225057790036, 24.32460183492299], [121.1086344371325, 24.331008750038606], [121.11489188331052, 24.32863350345916], [121.11855786187947, 24.330383685149275], [121.1215917751779, 24.33069621759394], [121.12203422086726, 24.33635305484236], [121.12412003625994, 24.340572242845326], [121.12528935701037, 24.341978638846314], [121.12810204746414, 24.341916132357383], [121.13018786285681, 24.344697671114893], [121.13119916728962, 24.349291898051455], [121.13356941205403, 24.351667144630902], [121.13644530903484, 24.353136047120824], [121.13774104283938, 24.35463620285521], [121.13796226568407, 24.356261371567463], [121.14093297245545, 24.359636721969835], [121.14409329880799, 24.35829283245778], [121.14927623402615, 24.357980300013114], [121.15553368020417, 24.359042910324973], [121.1594208816178, 24.360793092015093], [121.16798536603318, 24.36073058552616], [121.1688702574119, 24.361543169882285], [121.16899667046599, 24.364324708639796], [121.17414800242064, 24.36901269530976], [121.17304188819725, 24.370700370510946], [121.17329471430544, 24.373075617090393], [121.17696069287439, 24.37666974020403], [121.18166957913968, 24.378857467316678], [121.18328134557947, 24.380982687940392], [121.19023406355505, 24.381607752829723], [121.19111895493377, 24.383920492920236], [121.19693395542244, 24.39198382999257], [121.19715517826711, 24.396578056929133], [121.20069474378197, 24.397609413996523], [121.20717341280466, 24.397921946441187], [121.21061816852894, 24.39573421932854], [121.21042854894777, 24.391921323503638], [121.21125023379943, 24.388389706878932], [121.21333604919212, 24.384358038342764], [121.21343085898269, 24.382107804741185], [121.21589591353768, 24.37945127896154], [121.2181713485115, 24.38117020740719], [121.23134990940159, 24.383701720208972], [121.23213999098972, 24.384295531853834], [121.23157113224626, 24.387514616033872], [121.23463664880823, 24.39110873914751], [121.23466825207176, 24.397328134796325], [121.23801819800545, 24.40026593977617], [121.2382078175866, 24.401609829288223], [121.24013561666165, 24.40354753044514], [121.2435803723859, 24.405704004313325], [121.24291670385188, 24.409079354715697], [121.24339075280476, 24.410892042894748], [121.24200020920965, 24.41398611409692], [121.24361197564944, 24.416611386632102], [121.24389640502116, 24.420080496767874], [121.24563458451506, 24.42236198361392], [121.24914254676638, 24.42376837961491], [121.24999583488157, 24.4248934964157], [121.25761222139118, 24.425049762638032], [121.2588763519322, 24.427706288417674], [121.25893955845925, 24.43805111233606], [121.25979284657444, 24.4369885020242], [121.25916078130393, 24.43089411935325], [121.25979284657444, 24.42939396361886], [121.26080415100725, 24.42864388575167], [121.26450173283972, 24.428706392240603], [121.26987428763904, 24.427362502728545], [121.271075211653, 24.427956314373407], [121.27132803776121, 24.42958148308566], [121.27689021214168, 24.429268950640996], [121.29319749612078, 24.431081638820046], [121.29465124624295, 24.43255054130997], [121.29762195301433, 24.4330818464659], [121.30545956236863, 24.432581794554437], [121.310294861688, 24.436363437134872], [121.31383442720285, 24.437394794202262], [121.31765842208942, 24.44148896922736]]]}}, {"type": "Feature", "properties": {"COUNTYID": "D", "name": "\u53f0\u5357\u5e02", "tree2pv_total": 3.9, "pv_new_total": 1237.1, "tree_loss_total": 482.8, "tree_pct0": 19.05, "tree_pctN": 37.13, "pv_water": 396.6, "pv_farm": 665.5, "pv_bare": 171.2, "pv_tree": 3.9}, "geometry": {"type": "Polygon", "coordinates": [[[120.6534526325763, 23.224550136194303], [120.65515920880668, 23.22345627263798], [120.65626532303007, 23.21764316916723], [120.65395828479271, 23.21554920178798], [120.65143002371067, 23.208454715294103], [120.64836450714871, 23.208579728271967], [120.64618388196547, 23.20707957253758], [120.64330798498466, 23.20332918320161], [120.6431183654035, 23.20107894960003], [120.64096934348377, 23.198797462753983], [120.6390099411452, 23.1927343333275], [120.63695572901605, 23.19132793732651], [120.63654488659022, 23.19010906079232], [120.63840947913822, 23.185702353322558], [120.64109575653788, 23.182983321053978], [120.63730336491483, 23.180389301763267], [120.63746138123246, 23.178514107095282], [120.63616564742792, 23.175107503448444], [120.62914972292528, 23.17420115935892], [120.6310459187368, 23.170419516778484], [120.62700070100556, 23.167981763710102], [120.62523091824814, 23.16776299099884], [120.6229554832743, 23.163950095173934], [120.62049042871932, 23.162824978373145], [120.61663483056923, 23.16313751081781], [120.61492825433885, 23.159480881215238], [120.61344290095316, 23.15923085525951], [120.61110425945228, 23.1558867581016], [120.61233678672977, 23.153605271255554], [120.61183113451337, 23.151698823343104], [120.6074066776198, 23.148292219696266], [120.60547887854476, 23.148385979429662], [120.60573170465297, 23.146698304228476], [120.60380390557792, 23.14491686929389], [120.60111762817826, 23.1441667914267], [120.5975464593999, 23.137416090621954], [120.59628232885888, 23.136884785466027], [120.59479697547317, 23.131821759862465], [120.59049893163373, 23.12719627968144], [120.58841311624106, 23.12241453327808], [120.58891876845746, 23.119976780209697], [120.58816029013285, 23.114319942961277], [120.57722556095307, 23.09947465183973], [120.57561379451327, 23.09556799628143], [120.574033631337, 23.09463039894744], [120.5747921096616, 23.0914113147674], [120.56704931009789, 23.08200408818301], [120.563446538056, 23.080035133781625], [120.56268805973139, 23.078409965069373], [120.56038102149402, 23.077191088535184], [120.55864284200013, 23.075347147111664], [120.55921170074359, 23.07390949786621], [120.55447121121477, 23.068846472262653], [120.54647558554285, 23.065502375104746], [120.54562229742767, 23.064127232348223], [120.53974409041194, 23.061939505235575], [120.53800591091806, 23.060720628701386], [120.5376898782828, 23.0588454340334], [120.53019990482728, 23.055907629053557], [120.5269763719477, 23.053407369496245], [120.52302596400702, 23.049563220426876], [120.52365802927753, 23.047656772514426], [120.52220427915536, 23.045625311624107], [120.52015006702621, 23.045312779179444], [120.51051107165097, 23.03559302015039], [120.50867808236649, 23.0348429422832], [120.503716369993, 23.028654799878847], [120.50027161426874, 23.02593576761027], [120.48576571631058, 23.018341229204932], [120.4826685964851, 23.01555969044742], [120.48036155824774, 23.0062774768409], [120.47938185707845, 23.00496484057331], [120.48004552561248, 23.00296463292746], [120.4783073461186, 23.003527191327855], [120.47053294329135, 23.002370821282597], [120.46819430179046, 23.00262084723833], [120.46721460062118, 23.00355844457232], [120.46266373067353, 23.00321465888319], [120.46083074138905, 23.003933483505918], [120.45962981737509, 23.00068314608141], [120.46051470875379, 23.000308107147816], [120.46146280665955, 22.998120380035168], [120.45909256189515, 22.995870146433585], [120.4611467740243, 22.990869627318958], [120.45962981737509, 22.989932029984967], [120.45530017027211, 22.991150906519156], [120.45318275161591, 22.984806497892475], [120.45476291479217, 22.982556264290896], [120.45463650173808, 22.980649816378442], [120.45302473529829, 22.977774517887532], [120.45179220802079, 22.978618355488127], [120.44964318610106, 22.977243212731604], [120.44518712594399, 22.979493446333187], [120.44262726159843, 22.977336972465004], [120.44218481590907, 22.973930368818166], [120.43728631006263, 22.96230416187666], [120.43295666295965, 22.955959753249978], [120.43267223358792, 22.95255314960314], [120.42843739627553, 22.942145819195826], [120.428405793012, 22.940489397239105], [120.42613035803817, 22.939364280438316], [120.42489783076068, 22.933176138033968], [120.42274880884095, 22.93095715767685], [120.42208514030692, 22.927550554030013], [120.41649136266292, 22.916361892511038], [120.40975986753202, 22.91379912646479], [120.40868535657215, 22.91236147721934], [120.40631511180776, 22.914642964065386], [120.40533541063847, 22.91817458069009], [120.40192225817772, 22.91817458069009], [120.40046850805555, 22.91904967153515], [120.39901475793339, 22.922300008959656], [120.39215684974837, 22.922300008959656], [120.38924934950404, 22.92033105455827], [120.38861728423353, 22.920643587002935], [120.38691070800316, 22.918299593667957], [120.38191739236615, 22.921112385669932], [120.38182258257558, 22.919893509135743], [120.38052684877103, 22.920081028602542], [120.38036883245341, 22.91861212611262], [120.37752453873613, 22.918205833934557], [120.37645002777626, 22.91611186655531], [120.37676606041151, 22.914892990021116], [120.37382695690366, 22.914142912153924], [120.37294206552494, 22.91236147721934], [120.37174114151098, 22.912799022641867], [120.37117228276752, 22.91226771748594], [120.37313168510609, 22.909329912506095], [120.37256282636264, 22.90676714645985], [120.37161472845688, 22.906485867259654], [120.37107747297694, 22.90720469188238], [120.36896005432074, 22.905704536147994], [120.36823317925966, 22.903954354457873], [120.36731668461742, 22.905173230992062], [120.36573652144115, 22.90451691285827], [120.36598934754936, 22.902235426012222], [120.36415635826488, 22.901766627345225], [120.36333467341322, 22.902297932501153], [120.36197573308164, 22.9009540429891], [120.35947907526312, 22.901422841656096], [120.35922624915491, 22.900235218366372], [120.36045877643241, 22.899672659965976], [120.36134366781113, 22.9006727637889], [120.3610592384394, 22.897953731520325], [120.3579621186139, 22.895859764141075], [120.35644516196469, 22.892734439694433], [120.35511782489662, 22.89379705000629], [120.35464377594374, 22.89251566698317], [120.35518103142367, 22.891828095604907], [120.35337964540273, 22.89242190724977], [120.35337964540273, 22.89110927098218], [120.35458056941668, 22.890984258004313], [120.35451736288964, 22.890015407425857], [120.3516098626453, 22.888952797113998], [120.35211551486171, 22.887671414090875], [120.34889198198212, 22.89057796582625], [120.34513119362259, 22.889421595780995], [120.33248988821244, 22.88926532955866], [120.33078331198207, 22.890702978804118], [120.32705412688607, 22.898453783431787], [120.32487350170283, 22.900485244322102], [120.32006980564697, 22.894984673296015], [120.31567695201693, 22.899141354810048], [120.31349632683369, 22.899922685921705], [120.29911684192963, 22.901079055966964], [120.28457934070795, 22.90470443232507], [120.27800586189467, 22.904391899880405], [120.27800586189467, 22.901329081922697], [120.27949121528036, 22.896297309563604], [120.27272811688593, 22.895484725207478], [120.26052925716513, 22.90173537410076], [120.25793778955604, 22.90164161436736], [120.25692648512323, 22.898985088587715], [120.2588858874618, 22.896641095252733], [120.25856985482655, 22.894984673296015], [120.25648403943387, 22.894015822717556], [120.254145397933, 22.894265848673285], [120.24760352238324, 22.89817250423159], [120.24286303285443, 22.903516809035345], [120.23319243421567, 22.90539200370333], [120.23154906451235, 22.908673594372303], [120.23167547756644, 22.915393041932578], [120.23041134702542, 22.9166744249557], [120.22867316753154, 22.91698695740037], [120.22665055866591, 22.916299386022107], [120.2225421344076, 22.911330120151945], [120.22010868311615, 22.909611191706293], [120.21811767751406, 22.90964244495076], [120.21438849241805, 22.91045502930689], [120.20806783971298, 22.915236775710248], [120.20389620892763, 22.91486173677665], [120.20177879027143, 22.91573682762171], [120.19204498510561, 22.921206145403332], [120.18657762051572, 22.91964348318001], [120.17674900555932, 22.91236147721934], [120.17475799995722, 22.911705159085543], [120.1768438153499, 22.912642756419537], [120.17406272815965, 22.914424191354122], [120.1729882171998, 22.91929969749088], [120.17491601627485, 22.926800476162818], [120.17516884238304, 22.93298861856717], [120.17371509226088, 22.94327093599662], [120.17197691276698, 22.949709104356696], [120.16853215704272, 22.957116123295236], [120.16262234676347, 22.964991940900774], [120.15965163999208, 22.963554291655317], [120.15535359615262, 22.96474191494504], [120.1554484059432, 22.96752345370255], [120.15977805304618, 22.971242589794056], [120.15949362367445, 22.973149037706506], [120.1474843835348, 22.987775556116784], [120.14034204597807, 22.993338633631804], [120.14106892103915, 22.99599515941145], [120.13907791543706, 22.9977140878571], [120.13819302405834, 22.996838997012045], [120.11019253257484, 23.018841281116394], [120.09413807470395, 23.028842319345646], [120.07580818185922, 23.0382807991745], [120.06771774639672, 23.040968578198612], [120.06518948531469, 23.04325006504466], [120.06190274590804, 23.04425016886759], [120.05795233796738, 23.04309379882233], [120.04979869597783, 23.052188492962056], [120.04398369548916, 23.061658226035377], [120.03899037985214, 23.068033887906523], [120.03715739056767, 23.067127543816998], [120.03412347726923, 23.06744007626166], [120.02941459100394, 23.066439972438737], [120.02691793318544, 23.06790887492866], [120.0281188571994, 23.07253435510969], [120.02786603109121, 23.075190880889334], [120.03181643903187, 23.08775468516483], [120.03443950990449, 23.099818437528864], [120.03880076027099, 23.11028827442511], [120.0439204889621, 23.119195449098036], [120.04764967405809, 23.122727065722742], [120.05210573421517, 23.12594614990278], [120.05422315287139, 23.125727377191517], [120.05090481020122, 23.12238328003361], [120.05495002793246, 23.125508604480252], [120.05425475613491, 23.127446305637168], [120.05305383212094, 23.128258889993297], [120.05295902233037, 23.131477974173336], [120.05608774541938, 23.13841619444488], [120.05905845219077, 23.15876205659251], [120.06348290908431, 23.17095082193441], [120.06958233894471, 23.182764548342714], [120.06958233894471, 23.184952275455363], [120.07157334454682, 23.189734021858722], [120.07751475808959, 23.20048513795517], [120.08004301917163, 23.2090172736945], [120.08184440519257, 23.222299902592724], [120.08181280192905, 23.225643999750627], [120.08067508444213, 23.229144363130867], [120.08061187791508, 23.237582739136798], [120.0877226122083, 23.246552420298656], [120.08800704158003, 23.24870889416684], [120.08933437864809, 23.24964649150083], [120.0920838625748, 23.259272490796484], [120.0949597595556, 23.28036843081131], [120.09458052039331, 23.29590129331112], [120.0963186998872, 23.29908912424669], [120.10188087426766, 23.302276955182265], [120.10308179828164, 23.304527188783847], [120.10681098337763, 23.30527726665104], [120.11079299458183, 23.31040279874353], [120.11253117407573, 23.31555958408049], [120.11357408177206, 23.32218527190737], [120.11278400018392, 23.32259156408543], [120.11281560344746, 23.325373102842942], [120.1110142174265, 23.331842524447488], [120.11401652746142, 23.33624923191725], [120.1180933484562, 23.340155887475554], [120.13228321377909, 23.32974855706824], [120.13661286088207, 23.328123388355987], [120.14852729123115, 23.319747518838987], [120.14855889449467, 23.314465720524165], [120.14998104135331, 23.313059324523177], [120.15427908519277, 23.312996818034243], [120.15551161247025, 23.310465305232466], [120.15674413974774, 23.30999650656547], [120.16031530852611, 23.31065282469926], [120.16619351554183, 23.308465097586613], [120.17093400507065, 23.304589695272778], [120.17393631510556, 23.299932961847283], [120.17564289133593, 23.294432390821196], [120.17867680463436, 23.291713358552617], [120.183828136589, 23.290338215796098], [120.1890426750707, 23.29021320281823], [120.18935870770595, 23.292338423441947], [120.18635639767103, 23.295213721932857], [120.18578753892758, 23.296995156867442], [120.18841060980019, 23.301245598114875], [120.19087566435516, 23.300714292958943], [120.20092550215624, 23.293463540242737], [120.20427544808993, 23.291900878019415], [120.20860509519291, 23.29127581313009], [120.21192343786308, 23.292713462375545], [120.21233428028891, 23.29168210530815], [120.22086716144076, 23.295995053044518], [120.22263694419819, 23.29830779313503], [120.22766186309872, 23.30674616914096], [120.22810430878808, 23.309558961142937], [120.23132784166766, 23.31630966194768], [120.23451977128373, 23.32024757075045], [120.23805933679857, 23.327092031288593], [120.2465606146869, 23.327060778044128], [120.24921528882304, 23.328935972712113], [120.25743213733963, 23.331686258225155], [120.26707113271489, 23.34068719263148], [120.26751357840423, 23.34471886116765], [120.26365798025414, 23.345093900101247], [120.26068727348276, 23.344468835211917], [120.26564898585625, 23.352250893084054], [120.26827205672885, 23.353594782596108], [120.27048428517563, 23.353688542329508], [120.27389743763636, 23.352438412550853], [120.27626768240077, 23.348219224547886], [120.27851151411107, 23.34768791939196], [120.2861279006207, 23.350219432193736], [120.28634912346537, 23.352563425528718], [120.28382086238334, 23.358657808199666], [120.28375765585629, 23.36178313264631], [120.28568545493134, 23.366939917983267], [120.29295420554217, 23.375378293989197], [120.30290923355267, 23.375940852389594], [120.30796575571674, 23.37494074856667], [120.31093646248813, 23.37544080047813], [120.31030439721762, 23.3830978453724], [120.31118928859632, 23.3833791245726], [120.31099966901517, 23.385566851685248], [120.31245341913734, 23.386973247686235], [120.31485526716527, 23.388504656665088], [120.31782597393666, 23.388442150176157], [120.31988018606582, 23.38675447497497], [120.31943774037646, 23.38606690359671], [120.32168157208676, 23.383597897283863], [120.32357776789829, 23.38362915052833], [120.32866589332586, 23.386098156841175], [120.32891871943407, 23.384879280306986], [120.33318516001, 23.385816877640977], [120.34291896517581, 23.39669300671529], [120.3430137749664, 23.398193162449676], [120.34633211763656, 23.400380889562324], [120.34952404725263, 23.401349740140784], [120.35344285192977, 23.40122472716292], [120.35963709158075, 23.402631123163907], [120.38103250098744, 23.403443707520033], [120.39636008379725, 23.407350363078333], [120.40470334536796, 23.410288168058177], [120.40808489456518, 23.413444745749285], [120.41048674259311, 23.410194408324777], [120.41399470484443, 23.411132005658768], [120.41630174308177, 23.41044443428051], [120.41813473236624, 23.408131694189994], [120.41958848248842, 23.403787493209162], [120.4203153575495, 23.403849999698096], [120.42208514030692, 23.407100337122603], [120.42761571142387, 23.406412765744342], [120.42881663543783, 23.407319109833868], [120.43049160840468, 23.40660028521114], [120.43159772262807, 23.40772540201193], [120.432134978108, 23.41069446023624], [120.43460003266297, 23.4112882718811], [120.4345052228724, 23.412194615970627], [120.43608538604867, 23.41278842761549], [120.43706508721796, 23.412382135437426], [120.4383608210225, 23.413413492504816], [120.43940372871883, 23.412944693837822], [120.43981457114467, 23.413726024949483], [120.44439704435585, 23.411069499169837], [120.45008563179042, 23.409225557746318], [120.4526770993995, 23.40678780467794], [120.45545818658974, 23.40666279170007], [120.45909256189515, 23.404662584054222], [120.46092555117963, 23.40469383729869], [120.46083074138905, 23.40372498672023], [120.46218968172064, 23.40216232449691], [120.46493916564735, 23.400787181740387], [120.46749902999291, 23.40113096742952], [120.46952163885854, 23.399412038983865], [120.473219220691, 23.398193162449676], [120.47603191114476, 23.394036480935643], [120.47527343282016, 23.391379955155998], [120.4774540580034, 23.390723637022205], [120.47941346034197, 23.387598312575562], [120.48074079741005, 23.38919222804335], [120.48263699322158, 23.389442253999082], [120.48380631397201, 23.391286195422598], [120.48567090652001, 23.39144246164493], [120.4852916673577, 23.39275509791252], [120.48917886877132, 23.392536325201256], [120.48864161329139, 23.393598935513115], [120.48996895035945, 23.3953803704477], [120.4937613419825, 23.394974078269637], [120.49752213034203, 23.391254942178133], [120.4971112879162, 23.389379747510148], [120.4992287065724, 23.387848338531295], [120.49682685854447, 23.384254215417656], [120.49451982030712, 23.38431672190659], [120.491264684164, 23.38266029994987], [120.49028498299471, 23.383066592127932], [120.48930528182542, 23.381878968838212], [120.484406775979, 23.379503722258764], [120.48298462912035, 23.373065553898684], [120.48393272702612, 23.369565190518443], [120.48709305337864, 23.371034093008365], [120.48826237412909, 23.37300304740975], [120.48943169487953, 23.372846781187416], [120.49009536341356, 23.3710965994973], [120.49145430374516, 23.372471742253822], [120.49442501051654, 23.369471430785044], [120.49616319001044, 23.369908976207576], [120.4994815326806, 23.36803378153959], [120.50137772849213, 23.367721249094927], [120.50257865250609, 23.369533937273978], [120.50482248421639, 23.36890887238465], [120.50485408747991, 23.367502476383663], [120.5066870767644, 23.367096184205597], [120.50889930521117, 23.364595924648285], [120.51051107165097, 23.36437715193702], [120.51123794671204, 23.36056425611212], [120.51243887072602, 23.35984543148939], [120.51234406093543, 23.355657496730892], [120.51082710428622, 23.35400107477417], [120.50801441383246, 23.352750944995517], [120.50567577233159, 23.355376217530694], [120.50479088095287, 23.3548136591303], [120.5035899569389, 23.351032016549865], [120.50368476672948, 23.34950060757101], [120.50466446789876, 23.349094315392946], [120.50444324505409, 23.3465315493467], [120.50554935927748, 23.345718964990574], [120.5050753103246, 23.34481262090105], [120.5076983811972, 23.34306243921093], [120.51025824554276, 23.34403128978939], [120.51550438728798, 23.34375001058919], [120.51860150711346, 23.341968575654604], [120.52065571924261, 23.34193732241014], [120.52122457798608, 23.340562179653617], [120.52308917053406, 23.340655939387016], [120.52454292065623, 23.338311946052034], [120.52691316542064, 23.33940580960836], [120.53152724189535, 23.336843043562112], [120.5337078670786, 23.336468004628518], [120.53680498690409, 23.333280173692945], [120.53999691652015, 23.32784210915579], [120.5370578130123, 23.326529472888197], [120.53377107360565, 23.3219664991961], [120.5319696875847, 23.321153914839975], [120.53149563863182, 23.31790357741547], [120.52261512158118, 23.31190295447792], [120.5238792521222, 23.30240196816013], [120.5262494968866, 23.295838786822184], [120.52602827404193, 23.292213410464083], [120.52444811086566, 23.29152583908582], [120.52185664325658, 23.28793171597218], [120.52293115421644, 23.284618872058743], [120.52270993137176, 23.28143104112317], [120.5211297681955, 23.279930885388783], [120.52223588241888, 23.2739615156957], [120.52040289313442, 23.271773788583047], [120.52609148056898, 23.266491990268225], [120.52669194257597, 23.26402298395538], [120.52843012206986, 23.262241549020793], [120.52925180692152, 23.25799110777336], [120.53228572021996, 23.25514706252692], [120.52994707871908, 23.24792756305518], [120.52429009454804, 23.242114459584425], [120.51904395280282, 23.239239161093515], [120.51983403439095, 23.237801511848062], [120.52681835563007, 23.230925798065453], [120.52940982323915, 23.232550966777705], [120.53117960599657, 23.23183214215498], [120.5319696875847, 23.22964441504233], [120.54151387316936, 23.227831726863275], [120.54871941725315, 23.22380005832711], [120.54979392821302, 23.221331052014264], [120.55241699908564, 23.22029969494687], [120.55485045037709, 23.21754940943383], [120.55807398325668, 23.216830584811103], [120.56136072266331, 23.217393143211495], [120.56527952734046, 23.22098726632513], [120.57103132130209, 23.21820572756762], [120.57469729987103, 23.217768182145093], [120.57817365885883, 23.21483037716525], [120.57965901224452, 23.218987058679282], [120.58654852369305, 23.22408133752731], [120.58993007289027, 23.231425849976915], [120.59011969247142, 23.233894856289762], [120.59169985564769, 23.236113836646876], [120.5923319209182, 23.239739213004977], [120.59378567104037, 23.239426680560314], [120.59571347011541, 23.236895167758536], [120.59745164960931, 23.228894337175134], [120.60272939461805, 23.22608154517316], [120.60604773728822, 23.22589402570636], [120.60971371585717, 23.222737448015252], [120.61164151493222, 23.22283120774865], [120.61284243894617, 23.22395632454944], [120.61676124362333, 23.223518779126913], [120.6185942329078, 23.225769012728495], [120.62497809213993, 23.227269168462882], [120.62820162501951, 23.22945689557553], [120.6310459187368, 23.22951940206446], [120.63338456023769, 23.228644311219405], [120.63436426140697, 23.229144363130867], [120.63891513135462, 23.227956739841144], [120.64419287636336, 23.225331467305963], [120.64691075702655, 23.22711290224055], [120.65139842044715, 23.22408133752731], [120.6534526325763, 23.224550136194303]]]}}, {"type": "Feature", "properties": {"COUNTYID": "H", "name": "\u6843\u5712\u5e02", "tree2pv_total": 1.9, "pv_new_total": 122.4, "tree_loss_total": 819.6, "tree_pct0": 37.92, "tree_pctN": 46.25, "pv_water": 16.8, "pv_farm": 61.6, "pv_bare": 42.1, "pv_tree": 1.9}, "geometry": {"type": "Polygon", "coordinates": [[[121.47997278355584, 24.673856841835118], [121.47238800030973, 24.67313801721239], [121.46970172291007, 24.671950393922668], [121.45949386879138, 24.67313801721239], [121.45500620537078, 24.66785621889757], [121.45390009114739, 24.664387108761797], [121.44960204730793, 24.662230634893614], [121.44751623191526, 24.657073849556657], [121.44934922119972, 24.652729648575825], [121.45137183006536, 24.65104197337464], [121.44915960161858, 24.646604012660408], [121.4449563675697, 24.642947383057837], [121.44555682957669, 24.639884565100132], [121.44498797083322, 24.637290545809417], [121.44053191067614, 24.63510281869677], [121.43771922022239, 24.63022731256001], [121.43484332324158, 24.624445462333725], [121.43566500809324, 24.62153891059835], [121.43455889386985, 24.619194917263368], [121.43361079596409, 24.61891363806317], [121.43222025236896, 24.615288261705068], [121.43060848592917, 24.614506930593407], [121.42779579547542, 24.606068554587477], [121.42457226259582, 24.603099496363168], [121.41787237072845, 24.60106803547285], [121.41256302245617, 24.603443282052297], [121.41183614739509, 24.600474223827987], [121.40845459819788, 24.5989740680936], [121.40305044013503, 24.591723315377394], [121.40140707043172, 24.591535795910595], [121.39571848299714, 24.588941776619883], [121.39458076551023, 24.587441620885496], [121.39132562936712, 24.58644151706257], [121.38756484100759, 24.586472770307036], [121.38304557432346, 24.589441828531346], [121.37277451367771, 24.593754776267712], [121.37198443208958, 24.596848847469886], [121.36733875235134, 24.598755295382336], [121.3632935346201, 24.603130749607633], [121.3643048390529, 24.60584978187621], [121.3636727737824, 24.607881242766528], [121.36120771922742, 24.61010022312364], [121.36111290943684, 24.612444216458623], [121.35950114299705, 24.61385061245961], [121.35883747446302, 24.617350975839848], [121.36190299102498, 24.62072632624222], [121.36307231177541, 24.62066381975329], [121.36556896959392, 24.63085237744934], [121.36639065444558, 24.63178997478333], [121.36098649638274, 24.63379018242918], [121.3580789961384, 24.63354015647345], [121.35592997421868, 24.641072188389856], [121.35239040870383, 24.6435411947027], [121.35302247397433, 24.648791739773056], [121.35220078912268, 24.65276090182029], [121.35349652292722, 24.65566745355567], [121.35286445765671, 24.656230011956062], [121.35381255556247, 24.65904280395804], [121.3530856805014, 24.660199174003296], [121.35352812619075, 24.667793712408635], [121.3513475010075, 24.666074783962983], [121.34828198444553, 24.6678249656531], [121.3457537233635, 24.666481076141046], [121.34483722872126, 24.666731102096776], [121.34404714713313, 24.669325121387487], [121.34243538069333, 24.668856322720494], [121.34041277182772, 24.666418569652112], [121.33908543475964, 24.666731102096776], [121.33984391308425, 24.670137705743617], [121.33899062496907, 24.67907613366101], [121.32938323285735, 24.69132740549184], [121.32303097688875, 24.69535907402801], [121.31939660158332, 24.696359177850933], [121.31816407430584, 24.697984346563185], [121.31317075866882, 24.697640560874056], [121.30387939919235, 24.692921320959627], [121.3008138826304, 24.69395267802702], [121.29948654556233, 24.695577846739273], [121.30226763275256, 24.701922255365954], [121.30327893718538, 24.7083916769705], [121.30640766027439, 24.713079663640464], [121.30760858428836, 24.71989287093414], [121.30526994278748, 24.726112266582955], [121.29866486071067, 24.730737746763985], [121.29809600196721, 24.733238006321297], [121.30021342062341, 24.737707220279994], [121.30084548589392, 24.74139510312703], [121.30526994278748, 24.74627060926379], [121.30511192646985, 24.750208518066557], [121.30770339407893, 24.754990264469917], [121.30378458940179, 24.75792806944976], [121.30154075769148, 24.763022348297785], [121.29389276791834, 24.764053705365175], [121.29262863737732, 24.767522815500946], [121.29171214273508, 24.76802286741241], [121.28817257722024, 24.768522919323875], [121.28428537580662, 24.77036686074739], [121.2774274676216, 24.77089816590332], [121.27354026620799, 24.774586048750358], [121.27129643449769, 24.774804821461622], [121.27117002144358, 24.77786763941933], [121.26782007550989, 24.779930353554114], [121.26601868948894, 24.779805340576246], [121.26507059158318, 24.781242989821703], [121.26004567268264, 24.781930561199964], [121.2584971127699, 24.785087138891072], [121.25859192256047, 24.78639977515866], [121.26042491184495, 24.787931184137513], [121.26121499343309, 24.79030643071696], [121.26029849879085, 24.793212982452335], [121.25976124331092, 24.793681781119332], [121.25777023770881, 24.79283794351874], [121.25356700365994, 24.793650527874867], [121.24781520969832, 24.796619586099176], [121.24664588894788, 24.800182455968347], [121.24753078032658, 24.801088800057872], [121.24743597053602, 24.803495299881785], [121.24541336167039, 24.806964410017557], [121.24345395933182, 24.808683338463208], [121.24089409498626, 24.805870546461232], [121.23823942085012, 24.804651669927043], [121.22806316999495, 24.802745222014593], [121.2215212944452, 24.79952613783455], [121.22085762591117, 24.802995247970323], [121.21962509863367, 24.804089111526647], [121.2199095280054, 24.80746446192902], [121.21877181051848, 24.808527072240878], [121.2196567018972, 24.811683649931986], [121.21703363102459, 24.812433727799178], [121.21488460910486, 24.811964929132184], [121.20960686409612, 24.809527176063803], [121.20764746175755, 24.806995663262022], [121.20464515172263, 24.80727694246222], [121.20284376570169, 24.8099022149974], [121.20426591256033, 24.81190242264325], [121.2057196626825, 24.81218370184345], [121.20565645615545, 24.81305879268851], [121.20341262444514, 24.814121403000364], [121.20233811348528, 24.816715422291075], [121.20331781465457, 24.817309233935937], [121.20082115683606, 24.81784053909187], [121.19933580345037, 24.816090357401748], [121.19971504261267, 24.815184013312223], [121.19892496102453, 24.81493398735649], [121.1965231129966, 24.8178092858474], [121.18590441645208, 24.823809908784952], [121.17683427982028, 24.827279018920724], [121.1737371599948, 24.82765405785432], [121.17629702434036, 24.83199825883515], [121.17449563831941, 24.832310791279816], [121.17206218702796, 24.8341859859478], [121.16940751289182, 24.834779797592663], [121.1688702574119, 24.833967213236534], [121.16650001264749, 24.83618619359365], [121.1601793599424, 24.837342563638906], [121.15629215852879, 24.840842927019146], [121.15607093568411, 24.841905537331], [121.15474359861604, 24.842311829509065], [121.15423794639963, 24.844155770932584], [121.15208892447991, 24.843811985243455], [121.15006631561428, 24.844562063110647], [121.15284740280453, 24.846155978578434], [121.15379550071027, 24.84900002382488], [121.15547047367713, 24.84987511466994], [121.15607093568411, 24.852094095027052], [121.15708224011692, 24.85256289369405], [121.15632376179231, 24.853750516983773], [121.15673460421814, 24.856157016807686], [121.16134868069285, 24.859626126943457], [121.15986332730715, 24.8624701721899], [121.16077982194939, 24.863126490323694], [121.15961050119896, 24.868189515927252], [121.15626055526526, 24.874471418065003], [121.15790392496858, 24.874471418065003], [121.15787232170506, 24.87728421006698], [121.15566009325828, 24.880722066958285], [121.1523417505881, 24.880222015046822], [121.14927623402615, 24.881222118869747], [121.14453574449735, 24.880253268291288], [121.1426079454223, 24.88169091753674], [121.14105938550955, 24.88144089158101], [121.13884715706277, 24.882347235670537], [121.13679294493362, 24.880972092914014], [121.13562362418318, 24.878003034689705], [121.1335378087905, 24.879503190424092], [121.12971381390393, 24.879659456646426], [121.12813365072766, 24.880972092914014], [121.12396201994231, 24.879940735846624], [121.11625082364212, 24.88169091753674], [121.10781275228084, 24.886003865273107], [121.11097307863338, 24.890973131143266], [121.11008818725466, 24.896098663235758], [121.10907688282185, 24.89772383194801], [121.1013024799946, 24.895161065901764], [121.09125264219354, 24.89337963096718], [121.08941965290906, 24.895379838613028], [121.08344663610276, 24.8988489487488], [121.0808867717572, 24.898380150081806], [121.07361802114636, 24.89991155906066], [121.0710581568008, 24.89953652012706], [121.07033128173973, 24.90206803292884], [121.0680558467659, 24.90319314972963], [121.06243046585838, 24.90459954573062], [121.06141916142556, 24.903818214618962], [121.05759516653899, 24.90581842226481], [121.05914372645174, 24.907193565021334], [121.05813242201893, 24.91035014271244], [121.0582272318095, 24.91391301258161], [121.06085030268211, 24.92035118094169], [121.0600918243575, 24.920694966630823], [121.06075549289153, 24.924507862455723], [121.05756356327547, 24.93053973863774], [121.05832204160008, 24.932571199528056], [121.05772157959309, 24.933290024150786], [121.05832204160008, 24.936821640775488], [121.05544614461927, 24.936259082375095], [121.05178016605032, 24.938634328954542], [121.05023160613757, 24.938665582199008], [121.04808258421785, 24.93991571197766], [121.04795617116375, 24.94125960148972], [121.04612318187928, 24.94263474424624], [121.04631280146043, 24.943541088335767], [121.04239399678328, 24.944166153225094], [121.040813833607, 24.943291062380037], [121.0379379366262, 24.94638513358221], [121.03092201212357, 24.943916127269365], [121.02877299020383, 24.94510375055909], [121.02592869648655, 24.940572030111458], [121.02118820695775, 24.941384614467584], [121.01935521767327, 24.940415763889128], [121.0179014675511, 24.94175965340118], [121.01594206521253, 24.94160338717885], [121.0126553258059, 24.943134796157704], [121.01196005400833, 24.944791218114425], [121.0095582059804, 24.944259912958493], [121.0070615481619, 24.946197614115412], [121.00424885770813, 24.94310354291324], [121.00311114022122, 24.940259497666794], [120.99906592248998, 24.94091581580059], [120.99419901990706, 24.93916563411047], [120.99268206325785, 24.936884147264422], [120.99274526978489, 24.93507145908537], [120.98993257933114, 24.936040309663827], [120.98737271498558, 24.93907187437707], [120.98203176344978, 24.939978218466596], [120.98474964411297, 24.9436035948247], [120.98645622034334, 24.94829158149466], [120.99359855790007, 24.955479827721934], [120.99843385721947, 24.95857389892411], [121.00349037938352, 24.967606086574904], [121.00987423861565, 24.97504435875791], [121.01101195610256, 24.978357202671347], [121.01120157568371, 24.984107799653167], [121.01050630388616, 24.98748315005554], [121.01224448338006, 24.988733279834197], [121.01044309735911, 24.988827039567596], [121.00958980924392, 24.99035844854645], [121.0119284507448, 24.990827247213446], [121.01433029877273, 24.99260868214803], [121.01619489132074, 24.995358967661073], [121.0192604078827, 25.00689141486918], [121.0253598377431, 25.014610966252384], [121.0286149738862, 25.020580335945468], [121.03853839863318, 25.030893906619383], [121.04375293711487, 25.034675549199818], [121.05196978563147, 25.043551470628277], [121.05895410687059, 25.04742687294211], [121.06597003137323, 25.04927081436563], [121.07206946123362, 25.049895879254958], [121.08663856571883, 25.056427807348438], [121.09002011491604, 25.062990988686384], [121.09393891959319, 25.062834722464054], [121.10019636577123, 25.06764772211188], [121.12500492763866, 25.07680492274054], [121.14586308156541, 25.081086617232437], [121.16059020236824, 25.085649590924533], [121.16808017582376, 25.08983752568303], [121.17007118142585, 25.090243817861094], [121.17474846442761, 25.0936816747524], [121.1843242532758, 25.09586940186505], [121.18549357402625, 25.097275797866036], [121.18862229711526, 25.097963369244297], [121.1930151507453, 25.101807518313667], [121.19721838479417, 25.10230757022513], [121.19772403701057, 25.104089005159715], [121.20116879273483, 25.104557803826708], [121.21140825011706, 25.10874573858521], [121.21336765245564, 25.110777199475525], [121.22009914758655, 25.11187106303185], [121.22939050706302, 25.11518390694529], [121.23643803482918, 25.11602774454588], [121.23959836118172, 25.115652705612284], [121.23966156770877, 25.123059724550824], [121.24143135046619, 25.122028367483434], [121.24196860594611, 25.11952810792612], [121.24395961154822, 25.118559257347663], [121.24689871505608, 25.118934296281257], [121.24958499245574, 25.12024693254885], [121.24980621530041, 25.121403302594103], [121.25309295470706, 25.120778237704776], [121.25761222139118, 25.122090873972365], [121.25979284657444, 25.12362228295122], [121.26902099952385, 25.11993440010418], [121.27976610912249, 25.117809179480467], [121.28336888116438, 25.117809179480467], [121.28381132685374, 25.112121088987582], [121.28292643547502, 25.109370803474537], [121.28671882709807, 25.107026810139555], [121.29032159913997, 25.106745530939357], [121.29161733294451, 25.102620102669793], [121.29550453435813, 25.103026394847856], [121.29828562154836, 25.104495297337778], [121.3011931217927, 25.1016825053358], [121.30138274137386, 25.098494674400225], [121.30283649149602, 25.09674449271011], [121.31035806821507, 25.09655697324331], [121.31822728083289, 25.09299410337414], [121.32470594985558, 25.09261906444054], [121.32805589578928, 25.09099389572829], [121.33011010791843, 25.088243610215244], [121.3386429890703, 25.083649383278683], [121.34670182126926, 25.083555623545283], [121.34926168561482, 25.082399253500025], [121.35020978352058, 25.081149123721367], [121.34246698395685, 25.080117766653977], [121.34790274528322, 25.079148916075518], [121.34515326135651, 25.07833633171939], [121.34591173968113, 25.07680492274054], [121.34436317976838, 25.077961292785794], [121.34398394060608, 25.0773987343854], [121.34445798955896, 25.076054844873344], [121.3461329625258, 25.07555479296188], [121.34373111449787, 25.07505474105042], [121.34151888605109, 25.076648656518206], [121.34060239140886, 25.076336124073542], [121.3405391848818, 25.07408589047196], [121.34265660353802, 25.0732107996269], [121.34183491868635, 25.07267949447097], [121.34802915833733, 25.07383586451623], [121.3499885606759, 25.07652364354034], [121.34989375088533, 25.07355458531603], [121.35175834343332, 25.074460929405557], [121.3534649196637, 25.073367065849233], [121.35207437606857, 25.073679598293896], [121.34957771825007, 25.07130435171445], [121.34866122360783, 25.072116936070575], [121.34821877791848, 25.071085579003185], [121.34644899516105, 25.070304247891524], [121.34897725624309, 25.06989795571346], [121.35229559891326, 25.067929001312077], [121.35226399564974, 25.068772838912672], [121.35378095229895, 25.068585319445873], [121.35495027304938, 25.067241429933816], [121.35488706652234, 25.065178715799032], [121.36414682273528, 25.064959943087768], [121.37666171509133, 25.06608505988856], [121.3820974764177, 25.06433487819844], [121.38288755800583, 25.062928482197453], [121.3883233193322, 25.06295973544192], [121.3883233193322, 25.061522086196465], [121.39107280325891, 25.061522086196465], [121.39091478694128, 25.060803261573735], [121.38892378133919, 25.060709501840336], [121.38765965079817, 25.05961563828401], [121.38968225966379, 25.05911558637255], [121.3884497323863, 25.05814673579409], [121.38863935196746, 25.056990365748835], [121.38576345498664, 25.05814673579409], [121.38566864519606, 25.056896606015435], [121.38728041163586, 25.05467762565832], [121.38459413423621, 25.05252115179014], [121.38930302050149, 25.05345874912413], [121.38987187924495, 25.052864937479267], [121.39262136317166, 25.055083917836384], [121.39104119999539, 25.053583762101994], [121.39293739580691, 25.05395880103559], [121.39742505922752, 25.051521047967213], [121.40071179863415, 25.051396034989345], [121.39976370072839, 25.04936457409903], [121.39805712449802, 25.05111475578915], [121.39748826575456, 25.05039593116642], [121.39849957018738, 25.04848948325397], [121.39467557530081, 25.050364677921955], [121.39432793940202, 25.049583346810294], [121.3944227491926, 25.047489379431045], [121.3960345156324, 25.048551989742904], [121.39941606482961, 25.04780191187571], [121.3980255212345, 25.04677055480832], [121.39985851051897, 25.044957866629268], [121.40260799444567, 25.04570794449646], [121.3982783473427, 25.044082775784208], [121.40068019537063, 25.043238938183613], [121.39265296643518, 25.043395204405947], [121.39069356409661, 25.04186379542709], [121.3935378578139, 25.04198880840496], [121.39439114592908, 25.040113613736974], [121.39758307554514, 25.03848844502472], [121.39903682566731, 25.038550951513653], [121.39982690725545, 25.037488341201794], [121.40074340189769, 25.037925886624325], [121.40118584758703, 25.036363224401004], [121.39957408114724, 25.03595693222294], [121.40086981495178, 25.034238003777286], [121.39875239629558, 25.034800562177683], [121.39824674407917, 25.030175081996653], [121.40068019537063, 25.029174978173728], [121.40150188022228, 25.028174874350803], [121.4010278312694, 25.02701850430555], [121.40393533151375, 25.02517456288203], [121.40459900004778, 25.02376816688104], [121.40867582104255, 25.020861615145666], [121.41069842990818, 25.020955374879065], [121.41066682664466, 25.019892764567206], [121.41212057676682, 25.018861407499813], [121.41120408212458, 25.017986316654756], [121.40946590263069, 25.018423862077285], [121.40428296741253, 25.01723623878756], [121.40162829327639, 25.015798589542108], [121.39755147228162, 25.016236134964636], [121.39445435245612, 25.014673472741315], [121.39296899907043, 25.01557981683084], [121.39208410769172, 25.0125482521176], [121.3912940261036, 25.012266972917402], [121.3920525044282, 25.01098558989428], [121.39951087462019, 25.00698517460258], [121.4001429398907, 25.0044536618008], [121.40203913570222, 25.00254721388835], [121.40200753243869, 25.00104705815396], [121.40301883687151, 25.000578259486964], [121.40324005971618, 24.999328129708307], [121.39685620048405, 24.997327922062457], [121.39647696132175, 24.99554648712787], [121.39426473287497, 24.993515026237556], [121.3903143249343, 24.99348377299309], [121.38803888996047, 24.996390324728466], [121.38424649833742, 24.99573400659467], [121.38364603633045, 24.99288996134823], [121.38430970486448, 24.991764844547436], [121.38339321022224, 24.988639520100797], [121.3855738354055, 24.98651429947708], [121.3820974764177, 24.983920280186368], [121.38095975893079, 24.984295319119965], [121.37678812814544, 24.98129500765119], [121.3723952745154, 24.97991986489467], [121.36964579058869, 24.97704456640376], [121.36879250247351, 24.976794540448026], [121.36370437704592, 24.979576079205536], [121.36136573554505, 24.978794748093875], [121.36120771922742, 24.97779464427095], [121.35393896861657, 24.977857150759885], [121.35232720217678, 24.98085746222866], [121.3473654898033, 24.97885725458281], [121.34268820680154, 24.98232636471858], [121.34205614153103, 24.98095122196206], [121.34025475551009, 24.980076131117], [121.33658877694114, 24.98060743627293], [121.33396570606853, 24.978732241604945], [121.33159546130412, 24.978638481871545], [121.33099499929715, 24.979326053249807], [121.32739222725525, 24.978450962404747], [121.32713940114705, 24.977669631293086], [121.32862475453274, 24.976325741781032], [121.32742383051877, 24.97476307955771], [121.32366304215925, 24.972825378400792], [121.32404228132155, 24.97110644995514], [121.32786627620813, 24.972825378400792], [121.32859315126922, 24.971512742133203], [121.32887758064093, 24.969606294220753], [121.32755024357287, 24.967137287907907], [121.32881437411389, 24.9678873657751], [121.32979407528317, 24.966918515196642], [121.32808749905281, 24.96554337244012], [121.32913040674914, 24.960605359814426], [121.32811910231634, 24.95544857447747], [121.32811910231634, 24.948854139895058], [121.33159546130412, 24.945822575181815], [121.33042614055368, 24.94454119215869], [121.32309418341579, 24.942759757224106], [121.31579382954143, 24.93847806273221], [121.31832209062347, 24.934696420151774], [121.32069233538786, 24.93366506308438], [121.32091355823255, 24.93253994628359], [121.32318899320637, 24.931289816504936], [121.32205127571946, 24.92803947908043], [121.3343133419673, 24.929727154281615], [121.3397807065572, 24.928508277747422], [121.33551426598127, 24.92507042085612], [121.32736062399172, 24.924601622189122], [121.32461114006502, 24.923351492410465], [121.31756361229885, 24.91635076564999], [121.32309418341579, 24.911694032224496], [121.32350502584163, 24.91000635702331], [121.32619130324129, 24.909162519422715], [121.32552763470726, 24.90619346119841], [121.32179844961125, 24.90347442892983], [121.32189325940183, 24.90231805888457], [121.32031309622556, 24.900192838260857], [121.32666535219417, 24.89597365025789], [121.3278346729446, 24.895942397013425], [121.33064736339837, 24.897848844925875], [121.33191149393937, 24.899880305816193], [121.33358646690623, 24.899192734437932], [121.3334284505886, 24.89656746190275], [121.332069510257, 24.893598403678446], [121.33317562448039, 24.89322336474485], [121.3333020375345, 24.891785715499392], [121.33522983660954, 24.891785715499392], [121.33835855969856, 24.893348377722713], [121.34060239140886, 24.892317020655323], [121.34211934805808, 24.892598299855518], [121.34136086973348, 24.88744151451856], [121.34471081566716, 24.885753839317374], [121.3456273103094, 24.88006574882449], [121.34723907674919, 24.878690606067966], [121.35058902268288, 24.8785655930901], [121.35207437606857, 24.87675290491105], [121.35352812619075, 24.876471625710852], [121.35438141430593, 24.873221288286345], [121.35311728376492, 24.87109606766263], [121.34935649540539, 24.868783327572114], [121.34591173968113, 24.868158262682787], [121.34502684830241, 24.866939386148598], [121.34603815273523, 24.866033042059072], [121.34733388653977, 24.862095133256304], [121.34932489214187, 24.85978239316579], [121.35365453924484, 24.858407250409268], [121.35555073505637, 24.85506315325136], [121.3578261700302, 24.854438088362034], [121.35785777329373, 24.85315670533891], [121.35479225673176, 24.853375478050175], [121.35333850660959, 24.8505626860482], [121.35178994669685, 24.850156393870137], [121.35245361523089, 24.849062530313812], [121.34979894109475, 24.84940631600294], [121.35033619657469, 24.848749997869145], [121.34850320729021, 24.848562478402346], [121.34809236486439, 24.84978135493654], [121.34673342453279, 24.850218900359067], [121.34196133174045, 24.848562478402346], [121.33696801610344, 24.848218692713218], [121.33614633125178, 24.84687480320116], [121.33598831493416, 24.84393699822132], [121.33955948371252, 24.84340569306539], [121.34673342453279, 24.845874699378236], [121.35485546325882, 24.843968251465785], [121.35776296350315, 24.839530290751554], [121.3600700017405, 24.8381864012395], [121.36414682273528, 24.838155147995035], [121.37024625259568, 24.836123687104717], [121.37280611694123, 24.834998570303927], [121.37290092673182, 24.83356092105847], [121.37789424236882, 24.834498518392465], [121.38092815566726, 24.836498726038315], [121.38333000369519, 24.836998777949777], [121.38456253097267, 24.838030135017167], [121.38503657992555, 24.840811673774677], [121.38807049322399, 24.842405589242464], [121.39366427086799, 24.84399950471025], [121.39726704290989, 24.843718225510056], [121.3970458200652, 24.84278062817606], [121.39796231470744, 24.841780524353137], [121.39989011378249, 24.841561751641873], [121.40270280423626, 24.843593212532188], [121.40873902756961, 24.840686660796813], [121.41028758748234, 24.838686453150963], [121.41562853901814, 24.83549862221539], [121.41382715299719, 24.831967005590684], [121.41758794135671, 24.825247558030405], [121.42352935489949, 24.825497583986138], [121.4250463115487, 24.822809804962027], [121.42533074092043, 24.820028266204517], [121.42719533346843, 24.818746883181394], [121.42997642065866, 24.814902734112025], [121.43642348641785, 24.81218370184345], [121.4369923451613, 24.805433001038704], [121.43794044306706, 24.80421412450451], [121.43806685612117, 24.801120053302338], [121.43708715495188, 24.798182248322497], [121.43828807896584, 24.795338203076053], [121.44568324263078, 24.79011891125016], [121.45039212889607, 24.790931495606287], [121.45045533542311, 24.789993898272296], [121.44884356898332, 24.788243716582176], [121.44950723751735, 24.78596222973613], [121.44609408505661, 24.78186805471103], [121.44056351393967, 24.779149022442454], [121.43809845938469, 24.77489858119502], [121.43572821462028, 24.772960880038102], [121.43143017078083, 24.771929522970712], [121.42672128451555, 24.768241640123676], [121.42340294184538, 24.76308485478672], [121.42352935489949, 24.76167845878573], [121.42593120292742, 24.76030331602921], [121.42552036050158, 24.75905318625055], [121.4265316649344, 24.756146634515176], [121.42849106727297, 24.753458855491065], [121.42918633907053, 24.74992723886636], [121.42874389338118, 24.747895777976044], [121.43013443697629, 24.745551784641062], [121.43035565982098, 24.743457817261813], [121.43199902952429, 24.742238940727624], [121.43307354048416, 24.73920737601438], [121.43294712743005, 24.736832129434934], [121.43506454608625, 24.734113097166357], [121.43534897545798, 24.732894220632165], [121.43427446449812, 24.730018922141255], [121.43831968222936, 24.726581065249952], [121.4409743563655, 24.72608101333849], [121.44511438388733, 24.714798592086115], [121.44878036245628, 24.712204572795404], [121.44909639509153, 24.708547943192833], [121.45036052563255, 24.705578884968524], [121.45652316201999, 24.703234891633542], [121.46041036343361, 24.702609826744215], [121.46982813596418, 24.6962029116286], [121.47058661428879, 24.696765470028996], [121.47422098959422, 24.6961091518952], [121.47463183202004, 24.692671295003898], [121.47302006558024, 24.689670983535123], [121.47418938633069, 24.68479547739836], [121.47548512013523, 24.683295321663973], [121.47602237561516, 24.67916989339441], [121.47997278355584, 24.673856841835118]]]}}, {"type": "Feature", "properties": {"COUNTYID": "K", "name": "\u82d7\u6817\u7e23", "tree2pv_total": 1.1, "pv_new_total": 42.4, "tree_loss_total": 263.3, "tree_pct0": 72.34, "tree_pctN": 77.45, "pv_water": 8.2, "pv_farm": 22.9, "pv_bare": 10.2, "pv_tree": 1.1}, "geometry": {"type": "Polygon", "coordinates": [[[121.25893955845925, 24.44073889136017], [121.2588763519322, 24.427706288417674], [121.25761222139118, 24.425049762638032], [121.24999583488157, 24.4248934964157], [121.24914254676638, 24.42376837961491], [121.24563458451506, 24.42236198361392], [121.24389640502116, 24.420080496767874], [121.24361197564944, 24.416611386632102], [121.24200020920965, 24.41398611409692], [121.24339075280476, 24.410892042894748], [121.24291670385188, 24.409079354715697], [121.2435803723859, 24.405704004313325], [121.24013561666165, 24.40354753044514], [121.2382078175866, 24.401609829288223], [121.23801819800545, 24.40026593977617], [121.23466825207176, 24.397328134796325], [121.23463664880823, 24.39110873914751], [121.23157113224626, 24.387514616033872], [121.23213999098972, 24.384295531853834], [121.23134990940159, 24.383701720208972], [121.2181713485115, 24.38117020740719], [121.21589591353768, 24.37945127896154], [121.21343085898269, 24.382107804741185], [121.21333604919212, 24.384358038342764], [121.21125023379943, 24.388389706878932], [121.21042854894777, 24.391921323503638], [121.21061816852894, 24.39573421932854], [121.20717341280466, 24.397921946441187], [121.20069474378197, 24.397609413996523], [121.19715517826711, 24.396578056929133], [121.19693395542244, 24.39198382999257], [121.19111895493377, 24.383920492920236], [121.19023406355505, 24.381607752829723], [121.18328134557947, 24.380982687940392], [121.18166957913968, 24.378857467316678], [121.17696069287439, 24.37666974020403], [121.17329471430544, 24.373075617090393], [121.17304188819725, 24.370700370510946], [121.17414800242064, 24.36901269530976], [121.16899667046599, 24.364324708639796], [121.1688702574119, 24.361543169882285], [121.16798536603318, 24.36073058552616], [121.1594208816178, 24.360793092015093], [121.15553368020417, 24.359042910324973], [121.14927623402615, 24.357980300013114], [121.14409329880799, 24.35829283245778], [121.14093297245545, 24.359636721969835], [121.13796226568407, 24.356261371567463], [121.13774104283938, 24.35463620285521], [121.13644530903484, 24.353136047120824], [121.13356941205403, 24.351667144630902], [121.13119916728962, 24.349291898051455], [121.13018786285681, 24.344697671114893], [121.12810204746414, 24.341916132357383], [121.12528935701037, 24.341978638846314], [121.12412003625994, 24.340572242845326], [121.12203422086726, 24.33635305484236], [121.1215917751779, 24.33069621759394], [121.11855786187947, 24.330383685149275], [121.11489188331052, 24.32863350345916], [121.1086344371325, 24.331008750038606], [121.10225057790036, 24.32460183492299], [121.09823696343264, 24.323695490833465], [121.09523465339774, 24.32197656238781], [121.09434976201902, 24.319788835275162], [121.09191631072757, 24.318632465229907], [121.0866069624553, 24.317601108162513], [121.08155044029124, 24.324039276522594], [121.07886416289158, 24.32288290647734], [121.07308076566643, 24.322820399988405], [121.07390245051809, 24.319538809319432], [121.07020486868562, 24.315757166738997], [121.06562239547443, 24.315694660250063], [121.06151397121614, 24.313413173404015], [121.05841685139065, 24.312725602025754], [121.05759516653899, 24.311412965758166], [121.05528812830164, 24.310287848957376], [121.05490888913934, 24.307662576422196], [121.05257024763846, 24.304224719530893], [121.05209619868558, 24.299005427705], [121.04944152454944, 24.29613012921409], [121.04517508397352, 24.295317544857966], [121.03528326249007, 24.29719273952595], [121.03310263730681, 24.298817908238203], [121.03168049044817, 24.302005739173776], [121.02937345221082, 24.304693518197887], [121.02001888620731, 24.309256491889982], [121.0180278806052, 24.3112879527803], [121.01448831509036, 24.32010136771983], [121.01158081484603, 24.323976770033664], [121.00823086891234, 24.326852068524573], [121.00472290666102, 24.331946347372597], [121.00045646608508, 24.332665171995323], [120.99726453646902, 24.330039899460147], [120.99100709029099, 24.32975862025995], [120.985413312647, 24.331821334394732], [120.98386475273426, 24.33444660692991], [120.98196855692274, 24.33591550941983], [120.97994594805711, 24.334477860174378], [120.96623013168708, 24.333509009595918], [120.96016230509021, 24.33504041857477], [120.95678075589299, 24.339290859822203], [120.95409447849335, 24.33860328844394], [120.94492953207097, 24.339790911733665], [120.942464477516, 24.33913459359987], [120.93563817259451, 24.342916236180308], [120.92631520985452, 24.338634541688407], [120.91964692125066, 24.33713438595402], [120.91702385037806, 24.335727989953032], [120.91636018184403, 24.33419658097418], [120.92050020936585, 24.32010136771983], [120.92008936694002, 24.3111941930469], [120.9224280084409, 24.303599654641562], [120.92144830727162, 24.30203699241824], [120.91677102426985, 24.299005427705], [120.91174610536932, 24.29397365534591], [120.9020123002035, 24.292254726900257], [120.89158322324012, 24.294098668323773], [120.87489670009872, 24.294879999435434], [120.86573175367634, 24.292692272322785], [120.85723047578801, 24.28909814920915], [120.84945607296078, 24.288535590808753], [120.83814210461868, 24.289254415431483], [120.8335596314075, 24.29047329196567], [120.82531117962738, 24.296786447347888], [120.81952778240223, 24.303849680597295], [120.81756838006365, 24.307412550466466], [120.80745533573553, 24.315163355094136], [120.80549593339695, 24.31597593945026], [120.79614136739345, 24.31635097838386], [120.78773489929569, 24.318382439274174], [120.78381609461854, 24.31835118602971], [120.77458794166913, 24.321101471542754], [120.7674772073759, 24.325351912790186], [120.76327397332703, 24.32591447119058], [120.7585018805347, 24.32863350345916], [120.75221283109315, 24.33419658097418], [120.74861005905126, 24.336165535375564], [120.73037497599711, 24.351823410853232], [120.72316943191332, 24.354667456099676], [120.70730459362356, 24.35785528703525], [120.70746260994119, 24.361668182860154], [120.70341739220994, 24.361824449082484], [120.69336755440887, 24.366762461708177], [120.69197701081376, 24.36829387068703], [120.68976478236698, 24.374513266335846], [120.68853225508948, 24.374950811758378], [120.6856879613722, 24.378919973805612], [120.67724989001093, 24.3841392656315], [120.67864043360603, 24.38704581736688], [120.67228817763744, 24.391327511858776], [120.67134007973168, 24.391046232658578], [120.67010755245418, 24.391952576748103], [120.66754768810863, 24.396015498528737], [120.667389671791, 24.397828186707788], [120.66362888343149, 24.402297400666484], [120.65689738830056, 24.407172906803243], [120.64871214304749, 24.40954815338269], [120.64830130062167, 24.411173322094946], [120.64605746891137, 24.41217342591787], [120.64529899058675, 24.414548672497318], [120.64387684372811, 24.41486120494198], [120.64289714255882, 24.416892665832297], [120.64318157193055, 24.42173691872459], [120.64021086515916, 24.42436219125977], [120.63964200641571, 24.42776879490661], [120.63180439706142, 24.432769314021233], [120.62861246744535, 24.43805111233606], [120.6218493690509, 24.440301345937637], [120.62788559238426, 24.445676903985863], [120.63136195137206, 24.447645858387244], [120.63524915278568, 24.452490111279538], [120.63777741386771, 24.454209039725193], [120.63961040315218, 24.45667804603804], [120.63961040315218, 24.460022143195943], [120.643750430674, 24.462616162486654], [120.65266255098817, 24.47074200604792], [120.65948885590966, 24.478742836631323], [120.66182749741053, 24.483774608990416], [120.6653986661889, 24.483618342768082], [120.66498782376307, 24.484493433613142], [120.66609393798646, 24.488837634593974], [120.66530385639832, 24.489775231927965], [120.66773730768978, 24.49340060828607], [120.66843257948734, 24.49983877664615], [120.67127687320462, 24.5021202634922], [120.67424757997601, 24.509558535675204], [120.67762912917323, 24.514527801545363], [120.68467665693939, 24.52140351532797], [120.68808980940013, 24.530498209467698], [120.68869027140711, 24.536686351872046], [120.69106051617152, 24.539061598451493], [120.69336755440887, 24.548875117213946], [120.69583260896385, 24.55118785730446], [120.69557978285565, 24.553094305216913], [120.69665429381551, 24.553406837661576], [120.69823445699178, 24.5585011165096], [120.70120516376316, 24.56156393446731], [120.70202684861482, 24.569002206650314], [120.70455510969686, 24.572846355719683], [120.70392304442635, 24.575159095810196], [120.70499755538621, 24.575877920432923], [120.70806307194817, 24.582472355015337], [120.70976964817855, 24.591035743999132], [120.71264554515936, 24.593473497067514], [120.7158058715119, 24.60097427573945], [120.72026193166897, 24.604162106675023], [120.72373829065677, 24.608225028455657], [120.72996413357127, 24.610850300990837], [120.73268201423446, 24.613319307303684], [120.73495744920828, 24.617382229084317], [120.73818098208787, 24.62085133922009], [120.74582897186102, 24.62172643006515], [120.74889448842298, 24.625976871312577], [120.75237084741077, 24.627414520558034], [120.75401421711409, 24.63119616313847], [120.75594201618914, 24.631477442338667], [120.75635285861497, 24.632540052650526], [120.75771179894656, 24.64154098705685], [120.7608721252991, 24.643134902524636], [120.76359000596229, 24.649073018973255], [120.76776163674764, 24.650448161729777], [120.7692153868698, 24.653792258887684], [120.77869636592743, 24.662574420582743], [120.79159049744578, 24.6678249656531], [120.80277805273377, 24.669106348676223], [120.80938313481057, 24.67123156929994], [120.82306734791707, 24.672669218545394], [120.82407865234988, 24.673356789923655], [120.83257993023821, 24.682388977574448], [120.84038593632899, 24.68785829535607], [120.84610612702708, 24.69448398318295], [120.85615596482816, 24.702516067010816], [120.85773612800442, 24.70667274852485], [120.85830498674788, 24.712548358484533], [120.86133890004632, 24.72164305262426], [120.86478365577058, 24.727237383383745], [120.8745174609364, 24.73833228516932], [120.88102773322264, 24.733300512810228], [120.88368240735878, 24.734456882855486], [120.88478852158215, 24.732800460898765], [120.8875696087724, 24.73383181796616], [120.89095115796961, 24.731769103831375], [120.89234170156473, 24.733175499832363], [120.89360583210575, 24.732331662231772], [120.89720860414764, 24.733363019299162], [120.90583629509007, 24.740676278504303], [120.90779569742864, 24.741082570682366], [120.90855417575325, 24.740582518770903], [120.90899662144261, 24.735769519123075], [120.91206213800457, 24.732300408987303], [120.91417955666077, 24.727081117161415], [120.91373711097141, 24.72433083164837], [120.91626537205345, 24.72154929289086], [120.91370550770789, 24.71751762435469], [120.91490643172186, 24.716798799731965], [120.91784553522972, 24.71623624133157], [120.91958371472361, 24.7169550659543], [120.92388175856307, 24.71457981937485], [120.92520909563113, 24.715423656975442], [120.92884347093656, 24.715298643997578], [120.93036042758577, 24.716548773776235], [120.93067646022102, 24.71520488426418], [120.93304670498543, 24.71326718310726], [120.93541694974984, 24.712579611729], [120.93778719451424, 24.709766819727022], [120.94192722203607, 24.70736031990311], [120.94518235817918, 24.70795413154797], [120.94543518428738, 24.709735566482557], [120.94815306495056, 24.711235722216944], [120.94976483139037, 24.71120446897248], [120.9509341521408, 24.70770410559224], [120.95327279364167, 24.706078936879987], [120.95295676100642, 24.704109982478602], [120.9547897502909, 24.704360008434335], [120.95678075589299, 24.706547735546984], [120.95956184308324, 24.706860267991647], [120.96092078341482, 24.70926676781556], [120.96227972374642, 24.709673059993623], [120.96227972374642, 24.710891936527812], [120.96392309344974, 24.711548254661608], [120.96635654474119, 24.709673059993623], [120.96856877318797, 24.71120446897248], [120.97030695268187, 24.710860683283347], [120.97176070280403, 24.712423345506668], [120.97387812146023, 24.711829533861806], [120.97577431727176, 24.709298021060025], [120.97454178999426, 24.708641702926233], [120.97665920865047, 24.70648522905805], [120.9758375237988, 24.704953820079197], [120.97337246924383, 24.704547527901134], [120.97217154522987, 24.70326614487801], [120.97406774104138, 24.699390742564177], [120.97356208882498, 24.69679672327346], [120.97179230606756, 24.69673421678453], [120.96980130046546, 24.693765158560222], [120.96645135453177, 24.69126489900291], [120.96645135453177, 24.68932719784599], [120.96518722399075, 24.687983308333937], [120.96676738716702, 24.686233126643817], [120.96439714240262, 24.683607854108637], [120.9705913820536, 24.684232918997967], [120.97163428974993, 24.68548304877662], [120.9735936920885, 24.685795581221285], [120.97555309442708, 24.684576704687096], [120.97751249676566, 24.67820104281595], [120.97653279559637, 24.675450757302904], [120.9775757032927, 24.673981854812983], [120.97991434479358, 24.67341929641259], [120.98174733407805, 24.671794127700334], [120.98320108420022, 24.669793920054484], [120.98320108420022, 24.667199900763773], [120.985413312647, 24.666574835874446], [120.9867722529786, 24.663762043872467], [120.9888896716348, 24.663011966005275], [120.99065945439222, 24.66476214769539], [120.99062785112869, 24.660386693470095], [120.99154434577093, 24.659605362358434], [120.99467306885994, 24.659542855869503], [120.9961268189821, 24.65807395337958], [120.99552635697512, 24.657230115778987], [120.99710652015139, 24.654667349732744], [121.00026684650393, 24.654761109466143], [121.00434366749872, 24.65641753142286], [121.00605024372908, 24.655261161377606], [121.0101902712509, 24.65626126520053], [121.01075912999437, 24.65260463559796], [121.00810445585823, 24.650385655240843], [121.00895774397341, 24.647572863238867], [121.00819926564881, 24.64432252581436], [121.01012706472386, 24.643947486880766], [121.01439350529978, 24.64085341567859], [121.01847032629456, 24.64075965594519], [121.02276837013402, 24.641791013012583], [121.02532823447957, 24.64125970785665], [121.0257390769054, 24.636165429008628], [121.02937345221082, 24.63285258509519], [121.03357668625969, 24.632008747494595], [121.03698983872044, 24.62978976713748], [121.03926527369427, 24.62935222171495], [121.04052940423529, 24.626945721891037], [121.04324728489847, 24.627227001091235], [121.04937831802239, 24.61863235886297], [121.05171695952328, 24.61725721610645], [121.05152733994211, 24.6151632487272], [121.05317070964544, 24.615413274682933], [121.05844845465418, 24.61997624837503], [121.06255687891247, 24.621757683309614], [121.06808745002942, 24.614850716282536], [121.07380764072752, 24.61319429432582], [121.07545101043084, 24.6112565931689], [121.07608307570135, 24.608631320633723], [121.07522978758617, 24.605537249431546], [121.07557742348494, 24.60384957423036], [121.0812660109195, 24.600567983561387], [121.08281457083226, 24.594661120357237], [121.08303579367693, 24.58975436097601], [121.07936981510798, 24.587785406574625], [121.07895897268216, 24.584253789949923], [121.07545101043084, 24.58103470576988], [121.07058410784792, 24.563345369401894], [121.06767660760359, 24.561907720156437], [121.06252527564895, 24.557407252953276], [121.06141916142556, 24.560001272243987], [121.05841685139065, 24.560626337133318], [121.05819562854597, 24.557907304864738], [121.0622092430137, 24.556157123174618], [121.06280970502068, 24.555063259618294], [121.06998364584095, 24.550562792415132], [121.07346000482873, 24.549437675614342], [121.07605147243783, 24.544030864321652], [121.08057073912195, 24.54084303338608], [121.0801282934326, 24.537905228406235], [121.07782125519525, 24.534248598803668], [121.0786429400469, 24.532498417113548], [121.0783901139387, 24.529216826444575], [121.06701293906956, 24.522966177551293], [121.06666530317078, 24.520778450438645], [121.06852989571878, 24.516434249457813], [121.06931997730692, 24.509339762963936], [121.06821386308353, 24.506839503406624], [121.07033128173973, 24.506089425539432], [121.0720378579701, 24.503464153004252], [121.07187984165247, 24.49836987415623], [121.07519818432263, 24.499432484468088], [121.0788957661551, 24.49905744553449], [121.08556405475896, 24.50130767913607], [121.09043095734188, 24.4978385690003], [121.09773131121624, 24.496400919754844], [121.09981712660891, 24.497963581978166], [121.10247180074505, 24.498244861178364], [121.10531609446234, 24.500588854513342], [121.10917169261243, 24.501182666158204], [121.11331172013425, 24.506464464473027], [121.11732533460199, 24.50846467211888], [121.12073848706272, 24.50837091238548], [121.1237091938341, 24.510058587586666], [121.12560538964563, 24.50837091238548], [121.12746998219363, 24.508245899407612], [121.12965060737689, 24.506683237184294], [121.1370141677783, 24.506651983939825], [121.14500979345023, 24.51193378225465], [121.14570506524778, 24.510152347320066], [121.15057196783069, 24.506089425539432], [121.15449077250784, 24.50680825016216], [121.1619175394363, 24.50349540624872], [121.16934430636478, 24.50262031540366], [121.17057683364226, 24.504120471138048], [121.17433762200179, 24.504745536027375], [121.17794039404367, 24.50765208776275], [121.18287050315364, 24.507995873451883], [121.18672610130373, 24.505370600916702], [121.19175102020428, 24.507464568295955], [121.19529058571912, 24.507027022873423], [121.2005051242008, 24.511464983587654], [121.20319140160046, 24.512527593899513], [121.20695218995999, 24.512840126344177], [121.20802670091985, 24.511715009543384], [121.20992289673137, 24.511621249809984], [121.21396811446262, 24.514777827501092], [121.21652797880817, 24.515215372923624], [121.21757088650452, 24.5140277496339], [121.21734966365985, 24.509871068119867], [121.22338588699319, 24.506683237184294], [121.21867700072791, 24.498244861178364], [121.22351230004729, 24.49436945886453], [121.22860042547488, 24.492494264196544], [121.23055982781345, 24.48852510214931], [121.23343572479426, 24.48746249183745], [121.23466825207176, 24.48774377103765], [121.23463664880823, 24.483837115479346], [121.24329594301419, 24.477305187385866], [121.24437045397404, 24.47005443466966], [121.24904773697581, 24.466022766133495], [121.25808627034407, 24.463241227375985], [121.25811787360759, 24.45733436417183], [121.26263714029173, 24.455115383814718], [121.26093056406135, 24.452490111279538], [121.26067773795315, 24.45005235821116], [121.26137300975071, 24.44820841678764], [121.26216309133885, 24.44811465705424], [121.26086735753431, 24.445645650741394], [121.26159423259539, 24.444051735273607], [121.25893955845925, 24.44073889136017]]]}}, {"type": "Feature", "properties": {"COUNTYID": "I", "name": "\u5609\u7fa9\u5e02", "tree2pv_total": 0.0, "pv_new_total": 3.3, "tree_loss_total": 12.9, "tree_pct0": 8.62, "tree_pctN": 20.47, "pv_water": 0.1, "pv_farm": 2.0, "pv_bare": 1.1, "pv_tree": 0.0}, "geometry": {"type": "Polygon", "coordinates": [[[120.44758897397192, 23.518174367956224], [120.45327756140648, 23.515861627865707], [120.45631147470492, 23.51601789408804], [120.45735438240126, 23.515267816220845], [120.45631147470492, 23.511798706085074], [120.45776522482709, 23.5088921543497], [120.46007226306445, 23.50704821292618], [120.46383305142396, 23.49942242127638], [120.46550802439081, 23.498734849898117], [120.46926881275033, 23.499453674520844], [120.47012210086551, 23.500203752388035], [120.47081737266308, 23.50382912874614], [120.4734720467992, 23.506829440214915], [120.47966628645018, 23.504422940391002], [120.48314264543798, 23.505360537724993], [120.48469120535071, 23.501360122433294], [120.48459639556015, 23.49885986287598], [120.4836799009179, 23.498234797986655], [120.48390112376258, 23.49573453842934], [120.48608174894584, 23.49335929184989], [120.489400091616, 23.491359084204042], [120.49360332566488, 23.491109058248313], [120.49426699419891, 23.490202714158787], [120.50017680447816, 23.49067151282578], [120.50128291870155, 23.48982767522519], [120.5009668860663, 23.488608798691], [120.50188338070853, 23.486327311844953], [120.50336873409422, 23.485420967755424], [120.50188338070853, 23.480920500552262], [120.50409560915531, 23.480983007041196], [120.50368476672948, 23.478889039661947], [120.5049488972705, 23.478795279928548], [120.50924694110995, 23.47485737112578], [120.50921533784643, 23.472107085612734], [120.50855166931238, 23.471388260990008], [120.50728753877138, 23.47179455316807], [120.50374797325652, 23.46716907298704], [120.50175696765443, 23.46691904703131], [120.49960794573471, 23.465137612096726], [120.50046123384989, 23.460543385160165], [120.49755373360556, 23.457855606136054], [120.49707968465268, 23.455355346578738], [120.49489905946942, 23.452792580532492], [120.489400091616, 23.452355035109964], [120.48168889531581, 23.458074378847318], [120.48077240067357, 23.459855813781903], [120.47698000905052, 23.461918527916684], [120.46866835074334, 23.46160599547202], [120.46452832322151, 23.458230645069648], [120.46446511669447, 23.455574119290006], [120.46105196423373, 23.455355346578738], [120.45469970826512, 23.45032357421965], [120.45460489847454, 23.448323366573796], [120.45286671898066, 23.444854256438024], [120.45024364810804, 23.443447860437036], [120.44714652828256, 23.44341660719257], [120.43956174503646, 23.439541204878736], [120.43595897299457, 23.44419793830423], [120.43826601123192, 23.444854256438024], [120.43855044060365, 23.44569809403862], [120.43779196227904, 23.446698197861544], [120.43703348395444, 23.44644817190581], [120.43447361960888, 23.450667359908778], [120.43283024990555, 23.45013605475285], [120.4301439725059, 23.452542554576763], [120.42929068439071, 23.461043437071627], [120.4260355482476, 23.46073090462696], [120.42407614590903, 23.46135596951629], [120.41516402559486, 23.460262105959966], [120.41301500367514, 23.462449833072615], [120.41304660693866, 23.46363745636234], [120.41127682418124, 23.464793826407593], [120.40653633465243, 23.46360620311787], [120.394179458614, 23.462543592806014], [120.39424266514105, 23.466200222408585], [120.39664451316898, 23.467762884631902], [120.39797185023706, 23.470356903922617], [120.3992675840416, 23.471075728545344], [120.39847750245346, 23.474013533525184], [120.39907796446043, 23.47842024099495], [120.3980350567641, 23.47954535779574], [120.39689733927719, 23.47954535779574], [120.39692894254071, 23.480451701885265], [120.3944322847222, 23.48076423432993], [120.39338937702587, 23.48251441602005], [120.39471671409393, 23.490734019314715], [120.38978660498397, 23.491359084204042], [120.389186142977, 23.49714093443033], [120.3899446213016, 23.497953518786456], [120.38931255603109, 23.49860983692025], [120.39149318121434, 23.50026625887697], [120.39496954020214, 23.500703804299498], [120.40021568194736, 23.498766103142582], [120.40100576353548, 23.50189142758922], [120.40385005725277, 23.50373536901274], [120.40568304653725, 23.503704115768276], [120.40881176962625, 23.506579414259186], [120.40783206845697, 23.50261025221195], [120.40846413372748, 23.49845357069792], [120.41225652535053, 23.49920364856511], [120.41339424283744, 23.502422732745153], [120.41661777571703, 23.505298031236062], [120.42499264055125, 23.506423148036852], [120.42625677109227, 23.508767141371834], [120.42786853753206, 23.50923594003883], [120.43317788580433, 23.5088921543497], [120.43371514128427, 23.51142366715148], [120.43254582053383, 23.513455128041794], [120.43352552170312, 23.51436147213132], [120.43377834781131, 23.51723677062223], [120.43504247835233, 23.517268023866695], [120.43734951658969, 23.51514280324298], [120.437128293745, 23.514048939686656], [120.43905609282005, 23.512236251507606], [120.44050984294222, 23.511954972307407], [120.44212160938201, 23.51333011506393], [120.44063625599632, 23.518268127689623], [120.44449185414642, 23.51733053035563], [120.44515552268045, 23.518143114711755], [120.44758897397192, 23.518174367956224]]]}}, {"type": "Feature", "properties": {"COUNTYID": "Q", "name": "\u5609\u7fa9\u7e23", "tree2pv_total": 2.5, "pv_new_total": 477.8, "tree_loss_total": 286.7, "tree_pct0": 48.22, "tree_pctN": 55.7, "pv_water": 123.3, "pv_farm": 284.9, "pv_bare": 67.1, "pv_tree": 2.5}, "geometry": {"type": "MultiPolygon", "coordinates": [[[[120.15190884042836, 23.392723844668055], [120.15099234578612, 23.392192539512124], [120.15244609590829, 23.3910986759558], [120.15159280779311, 23.389473507243547], [120.15017066093446, 23.389160974798884], [120.14770560637949, 23.398536948138805], [120.14388161149292, 23.402881149119636], [120.14179579610024, 23.408287960412327], [120.14081609493095, 23.411444538103435], [120.14151136672851, 23.412382135437426], [120.1447348996081, 23.403787493209162], [120.14982302503569, 23.39850569489434], [120.15190884042836, 23.392723844668055]]], [[[120.73084902494999, 23.610808984554662], [120.73587394385052, 23.609558854776004], [120.73903427020306, 23.610152666420866], [120.74175215086625, 23.612434153266914], [120.74437522173885, 23.612684179222644], [120.74633462407742, 23.61249665975585], [120.74747234156433, 23.61115277024379], [120.75047465159925, 23.614059321979166], [120.75293970615424, 23.614840653090827], [120.75809103810887, 23.61249665975585], [120.76428527775985, 23.612246633800115], [120.76962622929564, 23.608058699041617], [120.77022669130262, 23.605964731662368], [120.7745563384056, 23.605214653795173], [120.77958125730613, 23.60158927743707], [120.78372128482796, 23.60071418659201], [120.7908636223847, 23.60096421254774], [120.79490884011595, 23.59724507645624], [120.80372615063953, 23.596838784278177], [120.80514829749818, 23.598620219212762], [120.80979397723641, 23.598682725701693], [120.8112793306221, 23.600151628191615], [120.81390240149472, 23.60096421254774], [120.81763158659071, 23.599589069791218], [120.81861128775999, 23.598245180279164], [120.8168731082661, 23.59558865449952], [120.81867449428704, 23.593713459831534], [120.81987541830101, 23.59043186916256], [120.82537438615442, 23.58652521360426], [120.82467911435687, 23.584212473513745], [120.8237310164511, 23.584118713780345], [120.82129756515965, 23.581243415289435], [120.82161359779491, 23.580118298488646], [120.81987541830101, 23.577461772709], [120.81959098892928, 23.57486775341829], [120.82189802716664, 23.570898591371055], [120.82107634231497, 23.570023500525995], [120.82145558147728, 23.56824206559141], [120.81993862482805, 23.564491676255443], [120.82069710315267, 23.562616481587458], [120.8140288145488, 23.55599079376058], [120.81589340709681, 23.553678053670065], [120.81459767329227, 23.551834112246546], [120.81146895020325, 23.551052781134885], [120.81131093388562, 23.549427612422633], [120.80881427606712, 23.545833489308993], [120.80818221079662, 23.542145606461958], [120.80859305322244, 23.53620749001334], [120.8125118578996, 23.532550860410772], [120.81813723880711, 23.523456166271046], [120.82041267378094, 23.521237185913932], [120.8191169399764, 23.519549510712743], [120.81955938566576, 23.51558034866551], [120.82319376097118, 23.510954868484482], [120.82278291854534, 23.509017167327563], [120.82404704908636, 23.504141661190804], [120.82281452180887, 23.498922369364916], [120.82543759268148, 23.494828194339814], [120.82531117962738, 23.48973391549179], [120.82619607100608, 23.4885150389576], [120.8270809623848, 23.48338950686511], [120.82989365283855, 23.480732981085463], [120.83264313676527, 23.474732358147914], [120.83599308269896, 23.472544631035266], [120.83899539273386, 23.471231994767674], [120.84256656151224, 23.473263455657992], [120.84654857271644, 23.473075936191194], [120.84876080116321, 23.472138338857203], [120.85299563847562, 23.473138442680128], [120.86358273175662, 23.473482228369257], [120.87309531407776, 23.468544215743563], [120.88077490711443, 23.467637871654038], [120.88191262460136, 23.468294189787834], [120.88425126610223, 23.47432606596985], [120.88712716308304, 23.47560744899297], [120.89961045217557, 23.47535742303724], [120.90194909367645, 23.476076247659968], [120.91019754545657, 23.4762325138823], [120.91465360561365, 23.474732358147914], [120.91749789933094, 23.475669955481905], [120.92072143221053, 23.474982384103644], [120.9307712700116, 23.470700689611746], [120.93465847142522, 23.47310718943566], [120.93794521083187, 23.47291966996886], [120.94157958613728, 23.469825598766686], [120.94752099968005, 23.46710656649811], [120.95750763095408, 23.469481813077557], [120.95599067430486, 23.467325339209374], [120.95027048360677, 23.464793826407593], [120.94442387985457, 23.463418683651074], [120.93664947702733, 23.463762469340203], [120.9345004551076, 23.46144972924969], [120.93510091711458, 23.45891821644791], [120.93118211243743, 23.457043021779924], [120.92830621545662, 23.456761742579726], [120.92846423177424, 23.45551161280107], [120.92685246533445, 23.456011664712534], [120.9264100196451, 23.457324300980122], [120.92249121496795, 23.45813688533625], [120.92154311706219, 23.459043229425774], [120.91588613289115, 23.45882445671451], [120.91515925783006, 23.458011872358384], [120.91269420327508, 23.45848067102538], [120.90994471934837, 23.45779309964712], [120.90564667550892, 23.45319887271056], [120.90447735475848, 23.452948846754825], [120.9023915393658, 23.45413647004455], [120.90033732723666, 23.453730177866486], [120.90059015334485, 23.452417541598898], [120.89885197385095, 23.451136158575775], [120.89676615845828, 23.45088613262004], [120.89515439201848, 23.445916866749883], [120.89287895704466, 23.445198042127156], [120.89177284282127, 23.446604438128144], [120.8906983318614, 23.442416503369646], [120.88709555981951, 23.435197003897905], [120.88523096727151, 23.43497823118664], [120.88380882041287, 23.436259614209764], [120.88200743439192, 23.43332180922992], [120.87891031456644, 23.432134185940196], [120.8753707490516, 23.432759250829523], [120.87556036863275, 23.431571627539803], [120.8737589826118, 23.429821445849683], [120.87173637374617, 23.42960267313842], [120.86930292245472, 23.426258575980512], [120.86623740589276, 23.426071056513713], [120.86434121008124, 23.423883329401065], [120.86228699795208, 23.424570900779326], [120.85975873687005, 23.42391458264553], [120.85931629118069, 23.42497719295739], [120.85852620959255, 23.42488343322399], [120.85729368231507, 23.422133147710944], [120.85365930700965, 23.423008238556005], [120.85309044826619, 23.421945628244146], [120.85018294802185, 23.420601738732092], [120.84917164358905, 23.419507875175768], [120.849108437062, 23.4117570705481], [120.84474718669549, 23.408225453923393], [120.84392550184383, 23.403943759431495], [120.83842653399041, 23.39825566893861], [120.83845813725394, 23.397005539159952], [120.84095479507245, 23.39616170155936], [120.8410180015995, 23.39494282502517], [120.83684637081414, 23.393380162801847], [120.83570865332723, 23.390036065643944], [120.83409688688744, 23.38962977346588], [120.8349185717391, 23.387723325553427], [120.83434971299563, 23.386598208752638], [120.83292756613699, 23.3871920203975], [120.83096816379842, 23.386598208752638], [120.82938800062215, 23.383129098616866], [120.82941960388568, 23.377409754879512], [120.82853471250696, 23.37494074856667], [120.82606965795199, 23.373721872032476], [120.82524797310032, 23.371627904653227], [120.82338338055233, 23.37197169034236], [120.82117115210555, 23.370534041096903], [120.81586180383329, 23.37134662545303], [120.81298590685248, 23.369315164562714], [120.80982558049993, 23.369565190518443], [120.80849824343187, 23.36837756722872], [120.80495867791703, 23.370940333274966], [120.80328370495018, 23.369471430785044], [120.80470585180882, 23.367221197183465], [120.80085025365872, 23.36331454162516], [120.80078704713168, 23.360970548290183], [120.79911207416482, 23.361126814512513], [120.79743710119799, 23.35968916526706], [120.79623617718401, 23.356845120020616], [120.79222256271629, 23.357438931665477], [120.79165370397284, 23.356595094064886], [120.79203294313514, 23.353969821529706], [120.78846177435678, 23.352813451484447], [120.78868299720145, 23.349438101082075], [120.78757688297806, 23.346156510413103], [120.78555427411243, 23.345625205257175], [120.78321563261156, 23.342218601610337], [120.77856995287333, 23.34268740027733], [120.77711620275116, 23.343531237877926], [120.7749355775679, 23.343187452188793], [120.77335541439163, 23.34184356267674], [120.7684569085452, 23.343875023567055], [120.76488573976683, 23.341687296454406], [120.76068250571795, 23.343906276811524], [120.75809103810887, 23.344250062500652], [120.75752217936541, 23.342999932721998], [120.75847027727117, 23.34087471209828], [120.75723774999368, 23.338124426585235], [120.75853348379823, 23.337280588984644], [120.75840707074413, 23.33549915405006], [120.75644766840556, 23.332811375025948], [120.75284489636365, 23.331342472536026], [120.7521496245661, 23.330186102490767], [120.75325573878949, 23.328185894844918], [120.75262367351898, 23.326716992354996], [120.75047465159925, 23.325498115820807], [120.75006380917343, 23.324060466575354], [120.74785158072665, 23.32190399270717], [120.74225780308265, 23.321497700529108], [120.74039321053465, 23.32043509021725], [120.7400771778994, 23.317778564437603], [120.73874984083133, 23.31640342168108], [120.73631638953988, 23.315997129503018], [120.73230277507216, 23.313871908879303], [120.73015375315242, 23.31074658443266], [120.7306278021053, 23.30562105234017], [120.72196850789935, 23.30815256514195], [120.71627992046479, 23.30762125998602], [120.71217149620648, 23.308715123542346], [120.70676733814364, 23.304714708250646], [120.70439709337923, 23.3019644227376], [120.70281693020296, 23.297557715267835], [120.70256410409476, 23.29102578717436], [120.70354380526405, 23.289463124951038], [120.70139478334433, 23.28690035890479], [120.70117356049964, 23.285556469392734], [120.69953019079632, 23.284431352591945], [120.68989119542108, 23.285306443437005], [120.67838760749784, 23.288869313306176], [120.6773446998015, 23.287837956238782], [120.67617537905106, 23.288588034105977], [120.67595415620639, 23.29030696255163], [120.67371032449608, 23.29108829366329], [120.67140328625872, 23.2899631768625], [120.66988632960951, 23.292025890997284], [120.66840097622381, 23.29196338450835], [120.66729486200042, 23.294026098643133], [120.66561988903358, 23.2940573518876], [120.6653986661889, 23.29318226104254], [120.66268078552572, 23.293557299976136], [120.66182749741053, 23.294994949221593], [120.65967847549081, 23.29474492326586], [120.65873037758504, 23.29590129331112], [120.6574346437805, 23.295244975177322], [120.6553172251243, 23.291932131263884], [120.65199888245414, 23.291150800152224], [120.64905977894627, 23.29343228699827], [120.64732159945238, 23.297213929578707], [120.643750430674, 23.296120066022382], [120.64210706097069, 23.292463436419812], [120.64365562088344, 23.290088189840365], [120.64340279477523, 23.28890056655064], [120.64185423486248, 23.287494170549653], [120.64302355561293, 23.286619079704593], [120.64406646330926, 23.281931093034633], [120.64191744138954, 23.27855574263226], [120.64314996866703, 23.27596172334155], [120.64055850105794, 23.273992768940165], [120.6412537728555, 23.271523762627318], [120.6390099411452, 23.270429899070994], [120.63853589219232, 23.268835983603207], [120.64068491411204, 23.266491990268225], [120.64213866423421, 23.26061638030854], [120.64210706097069, 23.256834737728106], [120.64915458873685, 23.247083725454587], [120.64861733325692, 23.24305205691842], [120.6513352139201, 23.235801304202212], [120.65045032254139, 23.234863706868218], [120.6494706213721, 23.228644311219405], [120.6534526325763, 23.224550136194303], [120.65139842044715, 23.22408133752731], [120.64691075702655, 23.22711290224055], [120.64419287636336, 23.225331467305963], [120.63891513135462, 23.227956739841144], [120.63436426140697, 23.229144363130867], [120.63338456023769, 23.228644311219405], [120.6310459187368, 23.22951940206446], [120.62820162501951, 23.22945689557553], [120.62497809213993, 23.227269168462882], [120.6185942329078, 23.225769012728495], [120.61676124362333, 23.223518779126913], [120.61284243894617, 23.22395632454944], [120.61164151493222, 23.22283120774865], [120.60971371585717, 23.222737448015252], [120.60604773728822, 23.22589402570636], [120.60272939461805, 23.22608154517316], [120.59745164960931, 23.228894337175134], [120.59571347011541, 23.236895167758536], [120.59378567104037, 23.239426680560314], [120.5923319209182, 23.239739213004977], [120.59169985564769, 23.236113836646876], [120.59011969247142, 23.233894856289762], [120.58993007289027, 23.231425849976915], [120.58654852369305, 23.22408133752731], [120.57965901224452, 23.218987058679282], [120.57817365885883, 23.21483037716525], [120.57469729987103, 23.217768182145093], [120.57103132130209, 23.21820572756762], [120.56527952734046, 23.22098726632513], [120.56136072266331, 23.217393143211495], [120.55807398325668, 23.216830584811103], [120.55485045037709, 23.21754940943383], [120.55241699908564, 23.22029969494687], [120.54979392821302, 23.221331052014264], [120.54871941725315, 23.22380005832711], [120.54151387316936, 23.227831726863275], [120.5319696875847, 23.22964441504233], [120.53117960599657, 23.23183214215498], [120.52940982323915, 23.232550966777705], [120.52681835563007, 23.230925798065453], [120.5257438446702, 23.23155086295478], [120.51904395280282, 23.239239161093515], [120.52429009454804, 23.242114459584425], [120.52792446985346, 23.245364797008932], [120.52994707871908, 23.24792756305518], [120.53228572021996, 23.25514706252692], [120.52925180692152, 23.25799110777336], [120.52843012206986, 23.262241549020793], [120.52669194257597, 23.26402298395538], [120.52609148056898, 23.266491990268225], [120.52040289313442, 23.271773788583047], [120.52223588241888, 23.2739615156957], [120.5211297681955, 23.279930885388783], [120.52270993137176, 23.28143104112317], [120.52293115421644, 23.284618872058743], [120.52185664325658, 23.28793171597218], [120.52444811086566, 23.29152583908582], [120.52602827404193, 23.292213410464083], [120.5262494968866, 23.295838786822184], [120.5238792521222, 23.30240196816013], [120.52261512158118, 23.31190295447792], [120.53149563863182, 23.31790357741547], [120.5319696875847, 23.321153914839975], [120.53377107360565, 23.3219664991961], [120.5370578130123, 23.326529472888197], [120.53999691652015, 23.32784210915579], [120.53680498690409, 23.333280173692945], [120.5337078670786, 23.336468004628518], [120.53152724189535, 23.336843043562112], [120.52691316542064, 23.33940580960836], [120.52454292065623, 23.338311946052034], [120.52308917053406, 23.340655939387016], [120.52122457798608, 23.340562179653617], [120.52065571924261, 23.34193732241014], [120.51860150711346, 23.341968575654604], [120.51550438728798, 23.34375001058919], [120.51025824554276, 23.34403128978939], [120.5076983811972, 23.34306243921093], [120.5050753103246, 23.34481262090105], [120.50554935927748, 23.345718964990574], [120.50444324505409, 23.3465315493467], [120.50466446789876, 23.349094315392946], [120.50368476672948, 23.34950060757101], [120.5035899569389, 23.351032016549865], [120.50479088095287, 23.3548136591303], [120.50567577233159, 23.355376217530694], [120.50801441383246, 23.352750944995517], [120.51082710428622, 23.35400107477417], [120.51234406093543, 23.355657496730892], [120.51243887072602, 23.35984543148939], [120.51123794671204, 23.36056425611212], [120.51051107165097, 23.36437715193702], [120.50889930521117, 23.364595924648285], [120.5066870767644, 23.367096184205597], [120.50485408747991, 23.367502476383663], [120.50482248421639, 23.36890887238465], [120.50257865250609, 23.369533937273978], [120.50137772849213, 23.367721249094927], [120.4994815326806, 23.36803378153959], [120.49616319001044, 23.369908976207576], [120.49442501051654, 23.369471430785044], [120.49145430374516, 23.372471742253822], [120.49009536341356, 23.3710965994973], [120.48943169487953, 23.372846781187416], [120.48826237412909, 23.37300304740975], [120.48709305337864, 23.371034093008365], [120.48393272702612, 23.369565190518443], [120.48298462912035, 23.373065553898684], [120.484406775979, 23.379503722258764], [120.48930528182542, 23.381878968838212], [120.49028498299471, 23.383066592127932], [120.491264684164, 23.38266029994987], [120.49451982030712, 23.38431672190659], [120.49682685854447, 23.384254215417656], [120.4992287065724, 23.387848338531295], [120.4971112879162, 23.389379747510148], [120.49752213034203, 23.391254942178133], [120.4937613419825, 23.394974078269637], [120.48996895035945, 23.3953803704477], [120.48864161329139, 23.393598935513115], [120.48917886877132, 23.392536325201256], [120.4852916673577, 23.39275509791252], [120.48567090652001, 23.39144246164493], [120.48380631397201, 23.391286195422598], [120.48263699322158, 23.389442253999082], [120.48074079741005, 23.38919222804335], [120.47941346034197, 23.387598312575562], [120.4774540580034, 23.390723637022205], [120.47527343282016, 23.391379955155998], [120.47603191114476, 23.394036480935643], [120.473219220691, 23.398193162449676], [120.46952163885854, 23.399412038983865], [120.46749902999291, 23.40113096742952], [120.46493916564735, 23.400787181740387], [120.46218968172064, 23.40216232449691], [120.46083074138905, 23.40372498672023], [120.46092555117963, 23.40469383729869], [120.45909256189515, 23.404662584054222], [120.45545818658974, 23.40666279170007], [120.4526770993995, 23.40678780467794], [120.45008563179042, 23.409225557746318], [120.44439704435585, 23.411069499169837], [120.43981457114467, 23.413726024949483], [120.43940372871883, 23.412944693837822], [120.4383608210225, 23.413413492504816], [120.43706508721796, 23.412382135437426], [120.43608538604867, 23.41278842761549], [120.4345052228724, 23.412194615970627], [120.43460003266297, 23.4112882718811], [120.432134978108, 23.41069446023624], [120.43159772262807, 23.40772540201193], [120.43049160840468, 23.40660028521114], [120.42881663543783, 23.407319109833868], [120.42761571142387, 23.406412765744342], [120.42208514030692, 23.407100337122603], [120.4203153575495, 23.403849999698096], [120.41958848248842, 23.403787493209162], [120.41813473236624, 23.408131694189994], [120.41630174308177, 23.41044443428051], [120.41399470484443, 23.411132005658768], [120.41048674259311, 23.410194408324777], [120.40808489456518, 23.413444745749285], [120.40470334536796, 23.410288168058177], [120.39636008379725, 23.407350363078333], [120.38103250098744, 23.403443707520033], [120.35963709158075, 23.402631123163907], [120.35344285192977, 23.40122472716292], [120.34952404725263, 23.401349740140784], [120.34633211763656, 23.400380889562324], [120.3430137749664, 23.398193162449676], [120.34291896517581, 23.39669300671529], [120.33318516001, 23.385816877640977], [120.32891871943407, 23.384879280306986], [120.32866589332586, 23.386098156841175], [120.32357776789829, 23.38362915052833], [120.32168157208676, 23.383597897283863], [120.31943774037646, 23.38606690359671], [120.31988018606582, 23.38675447497497], [120.31782597393666, 23.388442150176157], [120.31485526716527, 23.388504656665088], [120.31099966901517, 23.385566851685248], [120.31118928859632, 23.3833791245726], [120.31030439721762, 23.3830978453724], [120.31093646248813, 23.37544080047813], [120.30796575571674, 23.37494074856667], [120.30290923355267, 23.375940852389594], [120.29295420554217, 23.375378293989197], [120.28568545493134, 23.366939917983267], [120.28375765585629, 23.36178313264631], [120.28382086238334, 23.358657808199666], [120.28596988430307, 23.35421984748544], [120.2861279006207, 23.350219432193736], [120.27851151411107, 23.34768791939196], [120.27626768240077, 23.348219224547886], [120.27389743763636, 23.352438412550853], [120.27048428517563, 23.353688542329508], [120.26827205672885, 23.353594782596108], [120.26564898585625, 23.352250893084054], [120.26068727348276, 23.344468835211917], [120.26365798025414, 23.345093900101247], [120.26751357840423, 23.34471886116765], [120.26707113271489, 23.34068719263148], [120.25743213733963, 23.331686258225155], [120.24921528882304, 23.328935972712113], [120.2465606146869, 23.327060778044128], [120.23805933679857, 23.327092031288593], [120.23451977128373, 23.32024757075045], [120.23132784166766, 23.31630966194768], [120.22810430878808, 23.309558961142937], [120.22766186309872, 23.30674616914096], [120.22263694419819, 23.29830779313503], [120.22086716144076, 23.295995053044518], [120.21233428028891, 23.29168210530815], [120.21192343786308, 23.292713462375545], [120.20860509519291, 23.29127581313009], [120.20427544808993, 23.291900878019415], [120.20092550215624, 23.293463540242737], [120.19087566435516, 23.300714292958943], [120.18841060980019, 23.301245598114875], [120.18578753892758, 23.296995156867442], [120.18635639767103, 23.295213721932857], [120.18935870770595, 23.292338423441947], [120.1890426750707, 23.29021320281823], [120.183828136589, 23.290338215796098], [120.17867680463436, 23.291713358552617], [120.17564289133593, 23.294432390821196], [120.17393631510556, 23.299932961847283], [120.16941704842142, 23.306089851007165], [120.16353884140571, 23.309683974120805], [120.16031530852611, 23.31065282469926], [120.15674413974774, 23.30999650656547], [120.15551161247025, 23.310465305232466], [120.15427908519277, 23.312996818034243], [120.14998104135331, 23.313059324523177], [120.14855889449467, 23.314465720524165], [120.14852729123115, 23.319747518838987], [120.13661286088207, 23.328123388355987], [120.13228321377909, 23.32974855706824], [120.1180933484562, 23.340155887475554], [120.11973671815952, 23.34784418561429], [120.12801677320317, 23.363564567580895], [120.12943892006182, 23.368783859406783], [120.13089267018398, 23.370471534607972], [120.13190397461679, 23.376253384834257], [120.13165114850858, 23.384785520573587], [120.14824286185942, 23.385598104929713], [120.15067631315087, 23.388348390442758], [120.15206685674599, 23.388598416398487], [120.155195579835, 23.384723014084653], [120.15592245489609, 23.384723014084653], [120.15642810711249, 23.37978500145896], [120.1584191127146, 23.38119139745995], [120.15819788986991, 23.384785520573587], [120.15399465582104, 23.388129617731494], [120.15778704744409, 23.385816877640977], [120.15927240082978, 23.387692072308962], [120.15570123205141, 23.39006731888841], [120.15408946561162, 23.389160974798884], [120.15551161247025, 23.39094240973347], [120.16072615095194, 23.38881718910975], [120.16353884140571, 23.392911364134854], [120.16176905864829, 23.394380266624776], [120.15996767262733, 23.406131486544144], [120.15412106887514, 23.404287545120624], [120.15380503623989, 23.399162013028135], [120.15301495465175, 23.39859945462774], [120.15222487306362, 23.39963081169513], [120.1513399816849, 23.398568201383274], [120.14941218260985, 23.40616273978861], [120.14928576955576, 23.41313221330462], [120.14824286185942, 23.415101167706002], [120.15124517189433, 23.41828899864158], [120.14953859566396, 23.41982040762043], [120.14950699240043, 23.422820719089206], [120.15560642226083, 23.427164920070037], [120.15573283531494, 23.428571316071025], [120.1535838133952, 23.428415049848695], [120.15124517189433, 23.426133563002647], [120.14931737281928, 23.425508498113317], [120.14846408470409, 23.426039803269248], [120.14903294344755, 23.427696225225965], [120.14549337793271, 23.428602569315494], [120.14716835089955, 23.43882238025601], [120.14830606838646, 23.43872862052261], [120.14979142177216, 23.44185394496925], [120.15560642226083, 23.448260860084865], [120.1509607425226, 23.44897968470759], [120.15260411222592, 23.453917697333285], [120.15115036210375, 23.45569913226787], [120.14969661198158, 23.454261483022414], [120.13907791543706, 23.449729762574787], [120.13993120355224, 23.450667359908778], [120.1387618828018, 23.452667567554627], [120.13538033360459, 23.451104905331306], [120.13642324130092, 23.44847963279613], [120.13538033360459, 23.44769830168447], [120.13326291494838, 23.451573703998303], [120.13433742590824, 23.45404271031115], [120.13898310564647, 23.458011872358384], [120.14457688329047, 23.459730800804035], [120.14691552479135, 23.46520011858566], [120.1448613126622, 23.46707531325364], [120.14407123107407, 23.470106877966884], [120.14514574203393, 23.472044579123803], [120.14783201943358, 23.473857267302854], [120.14707354110898, 23.474732358147914], [120.14900134018403, 23.47476361139238], [120.14903294344755, 23.478107708550287], [120.15393144929399, 23.482108123841986], [120.15472153088211, 23.48407707824337], [120.15579604184198, 23.48407707824337], [120.15661772669364, 23.487514935134676], [120.15522718309853, 23.491077805003844], [120.16217990107411, 23.49145284393744], [120.16935384189438, 23.48989018171412], [120.16966987452963, 23.492202921804637], [120.16072615095194, 23.49295299967183], [120.15870354208631, 23.49357806456116], [120.15895636819452, 23.494546915139615], [120.15785025397113, 23.495046967051078], [120.13357894758363, 23.488140000024003], [120.12738470793266, 23.48792122731274], [120.12466682726948, 23.488733811668865], [120.12043198995707, 23.492984252916298], [120.11942068552426, 23.49548451247361], [120.11891503330786, 23.51504904350958], [120.11942068552426, 23.517205517377764], [120.12153810418046, 23.519487004223812], [120.12403476199897, 23.520424601557803], [120.12722669161504, 23.52020582884654], [120.14245946463427, 23.517455543333494], [120.14264908421542, 23.518486900400887], [120.14584101383149, 23.518486900400887], [120.14584101383149, 23.520830893735866], [120.14637826931141, 23.520768387246935], [120.14878011733934, 23.51914321853468], [120.15813468334287, 23.51592413435464], [120.16455014583852, 23.515830374621242], [120.1654034339537, 23.517205517377764], [120.16657275470415, 23.51723677062223], [120.18098384287173, 23.509861004928158], [120.18717808252269, 23.51054857630642], [120.1899275664494, 23.510048524394957], [120.19507889840405, 23.51264254368567], [120.19852365412831, 23.51304883586373], [120.20127313805502, 23.512423770974404], [120.20095710541976, 23.51142366715148], [120.20500232315102, 23.511829959329543], [120.22304778662401, 23.504329180657603], [120.2308853959783, 23.505454297458392], [120.23910224449492, 23.507704531059975], [120.24475922866596, 23.511642439862744], [120.24665542447748, 23.513830166975392], [120.24706626690332, 23.51620541355484], [120.24403235360488, 23.532613366899703], [120.24204134800277, 23.538707749570655], [120.2420729512663, 23.541551794817096], [120.24336868507083, 23.54361450895188], [120.24889925618778, 23.545739729575597], [120.25610480027157, 23.546083515264726], [120.25809580587367, 23.543739521929744], [120.26135094201679, 23.536363756235673], [120.26343675740947, 23.53351971098923], [120.26890412199936, 23.53020686707579], [120.27190643203427, 23.530738172231718], [120.27636249219135, 23.54345824272955], [120.28018648707791, 23.545864742553462], [120.28258833510586, 23.546021008775792], [120.28669675936415, 23.547833696954847], [120.29089999341302, 23.550771501934687], [120.2891302106556, 23.5574596962505], [120.2892566237097, 23.561178832342], [120.29001510203432, 23.562272695898326], [120.2953560535701, 23.564585435988842], [120.30654360885809, 23.562866507543188], [120.31058882658934, 23.56452292949991], [120.31020958742704, 23.56721070852402], [120.30673322843924, 23.571523656260382], [120.30635398927694, 23.573242584706037], [120.30755491329091, 23.57468023395149], [120.31188456039389, 23.57496151315169], [120.32038583828222, 23.572398747105442], [120.32699092035902, 23.574148928795562], [120.33312195348294, 23.57921195439912], [120.33365920896289, 23.59177575867462], [120.33501814929447, 23.592994635208807], [120.34332980760165, 23.591900771652483], [120.35246315076049, 23.593088394942207], [120.35862578714794, 23.594838576632327], [120.3651676626977, 23.60168303717047], [120.36649499976576, 23.607808673085884], [120.36810676620556, 23.607464887396755], [120.371140679504, 23.60949634828707], [120.37976837044643, 23.609933893709602], [120.38074807161571, 23.61177783513312], [120.38321312617069, 23.612715432467112], [120.3827390772178, 23.614090575223635], [120.38662627863144, 23.621028795495178], [120.39240967585658, 23.622403938251697], [120.39225165953896, 23.623560308296955], [120.39310494765414, 23.62421662643075], [120.39427426840457, 23.623997853719487], [120.40264913323881, 23.626935658699328], [120.40087935048139, 23.63215495052522], [120.40460853557738, 23.634217664660003], [120.40640992159832, 23.632529989458817], [120.40659954117947, 23.625310489987076], [120.40960185121439, 23.62524798349814], [120.41279378083046, 23.62396660047502], [120.41579609086537, 23.621372581184307], [120.4200625314413, 23.625216730253676], [120.42094742282, 23.624779184831144], [120.42202193377987, 23.619278613805058], [120.42565630908528, 23.61805973727087], [120.4266676135181, 23.61918485407166], [120.42992274966122, 23.618372269715532], [120.43153451610101, 23.619841172205454], [120.43178734220922, 23.621466340917706], [120.43393636412894, 23.622872736918694], [120.43684386437327, 23.621810126606835], [120.4370018806909, 23.62381033425269], [120.43507408161585, 23.62518547700921], [120.43804478838724, 23.626529366521265], [120.44114190821273, 23.625966808120868], [120.44420742477469, 23.630373515590634], [120.4506860937974, 23.62962343772344], [120.45220305044661, 23.63074855452423], [120.4541624527852, 23.629904716923637], [120.45337237119706, 23.62849832092265], [120.4510653329597, 23.62709192492166], [120.45400443646757, 23.626279340565535], [120.45846049662464, 23.627685736566523], [120.46067272507142, 23.629404665012174], [120.46614008966131, 23.630279755857234], [120.4739776990156, 23.63109234021336], [120.47631634051649, 23.62952967799004], [120.47748566126693, 23.629904716923637], [120.47922384076082, 23.63293628163688], [120.48728267295981, 23.630561035057433], [120.48813596107499, 23.631467379146958], [120.48734587948685, 23.63499899577166], [120.48905245571723, 23.63587408661672], [120.49354011913783, 23.63318630759261], [120.4967320487539, 23.634530197104667], [120.50355835367537, 23.63528027497186], [120.50586539191274, 23.633905132215336], [120.50716112571727, 23.631904924569486], [120.50763517467016, 23.63024850261277], [120.50640264739266, 23.626091821098736], [120.5076983811972, 23.62299774989656], [120.50946816395462, 23.62177887336237], [120.51025824554276, 23.619372373538457], [120.51506194159862, 23.61515318553549], [120.51961281154628, 23.609058802864542], [120.52808248617109, 23.602745647482326], [120.52950463302972, 23.599870348991416], [120.53228572021996, 23.59871397894616], [120.53304419854457, 23.597026303744975], [120.53693139995819, 23.594744816898928], [120.55191134686922, 23.593963485787267], [120.55658862987099, 23.592838368986474], [120.55778955388494, 23.589212992628372], [120.55952773337884, 23.58868168747244], [120.56183477161619, 23.58877544720584], [120.56306729889369, 23.589619284806435], [120.5656903697663, 23.589431765339636], [120.56736534273314, 23.587712836893985], [120.57090490824798, 23.587962862849714], [120.57668830547313, 23.583556155379952], [120.58139719173842, 23.582149759378964], [120.58591645842255, 23.582587304801493], [120.58983526309969, 23.585681376003667], [120.5910993936407, 23.585025057869874], [120.59482857873671, 23.585431350047937], [120.59975868784666, 23.58330612942422], [120.6065217862411, 23.584212473513745], [120.60980852564774, 23.582587304801493], [120.61546550981879, 23.585337590314538], [120.61900507533363, 23.58418122026928], [120.62292388001077, 23.587994116094183], [120.6232083093825, 23.589994323740033], [120.62523091824814, 23.590650641873825], [120.63060347304744, 23.5899318172511], [120.63980002273334, 23.59252583654181], [120.64744801250647, 23.59321340792007], [120.64905977894627, 23.59252583654181], [120.64716358313476, 23.587869103116315], [120.64725839292532, 23.58599390844833], [120.64924939852743, 23.585681376003667], [120.64902817568274, 23.582743571023826], [120.64615227870193, 23.579524486843784], [120.64473013184329, 23.579461980354854], [120.64346600130229, 23.578211850576196], [120.64346600130229, 23.575711591018884], [120.64416127309984, 23.57530529884082], [120.64656312112777, 23.576742948086274], [120.64782725166879, 23.57633665590821], [120.64928100179095, 23.57480524692936], [120.64950222463563, 23.573305091194968], [120.6508295617037, 23.57243000034991], [120.6556964642866, 23.572211227638643], [120.65803510578749, 23.572898799016905], [120.66068977992362, 23.576305402663746], [120.6652722531348, 23.577680545420268], [120.66859059580497, 23.577774305153667], [120.66982312308245, 23.578743155732123], [120.67263581353622, 23.576305402663746], [120.67487964524652, 23.571242377060187], [120.6762385855781, 23.570711071904256], [120.68088426531634, 23.571492403015917], [120.68682567885911, 23.575024019640622], [120.69403122294291, 23.576492922130544], [120.69889812552582, 23.576367909152676], [120.70433388685218, 23.575024019640622], [120.70910597964452, 23.575617831285484], [120.71005407755028, 23.571179870571253], [120.71609030088362, 23.57105485759339], [120.71675396941765, 23.569398435636668], [120.7179232901681, 23.56905464994754], [120.7242755461367, 23.571867441949514], [120.72816274755033, 23.570304779726193], [120.73366171540374, 23.570992351104454], [120.73615837322225, 23.570429792704058], [120.73593715037757, 23.573586370395166], [120.73489424268124, 23.57536780532975], [120.73217636201805, 23.57711798701987], [120.73388293824843, 23.584712525425207], [120.73233437833568, 23.58783784987185], [120.73271361749798, 23.589181739383907], [120.73204994896395, 23.590775654851694], [120.72996413357127, 23.593432180631336], [120.7327452207615, 23.597026303744975], [120.72854198671263, 23.59915152436869], [120.72781511165155, 23.601370504725804], [120.72459157877195, 23.60365199157185], [120.72674060069168, 23.60740238090782], [120.73084902494999, 23.610808984554662]], [[120.44758897397192, 23.518174367956224], [120.44515552268045, 23.518143114711755], [120.44449185414642, 23.51733053035563], [120.44063625599632, 23.518268127689623], [120.44212160938201, 23.51333011506393], [120.44050984294222, 23.511954972307407], [120.43905609282005, 23.512236251507606], [120.437128293745, 23.514048939686656], [120.43734951658969, 23.51514280324298], [120.43504247835233, 23.517268023866695], [120.43377834781131, 23.51723677062223], [120.43352552170312, 23.51436147213132], [120.43254582053383, 23.513455128041794], [120.43371514128427, 23.51142366715148], [120.43317788580433, 23.5088921543497], [120.42786853753206, 23.50923594003883], [120.42625677109227, 23.508767141371834], [120.42499264055125, 23.506423148036852], [120.41661777571703, 23.505298031236062], [120.41339424283744, 23.502422732745153], [120.41225652535053, 23.49920364856511], [120.40846413372748, 23.49845357069792], [120.40783206845697, 23.50261025221195], [120.40881176962625, 23.506579414259186], [120.40568304653725, 23.503704115768276], [120.40385005725277, 23.50373536901274], [120.40100576353548, 23.50189142758922], [120.40021568194736, 23.498766103142582], [120.39496954020214, 23.500703804299498], [120.39149318121434, 23.50026625887697], [120.38931255603109, 23.49860983692025], [120.3899446213016, 23.497953518786456], [120.389186142977, 23.49714093443033], [120.38978660498397, 23.491359084204042], [120.39471671409393, 23.490734019314715], [120.39338937702587, 23.48251441602005], [120.3944322847222, 23.48076423432993], [120.39692894254071, 23.480451701885265], [120.39689733927719, 23.47954535779574], [120.3980350567641, 23.47954535779574], [120.39907796446043, 23.47842024099495], [120.39847750245346, 23.474013533525184], [120.3992675840416, 23.471075728545344], [120.39797185023706, 23.470356903922617], [120.39664451316898, 23.467762884631902], [120.39424266514105, 23.466200222408585], [120.394179458614, 23.462543592806014], [120.40653633465243, 23.46360620311787], [120.41127682418124, 23.464793826407593], [120.41304660693866, 23.46363745636234], [120.41301500367514, 23.462449833072615], [120.41516402559486, 23.460262105959966], [120.42407614590903, 23.46135596951629], [120.4260355482476, 23.46073090462696], [120.42929068439071, 23.461043437071627], [120.4301439725059, 23.452542554576763], [120.43283024990555, 23.45013605475285], [120.43447361960888, 23.450667359908778], [120.43703348395444, 23.44644817190581], [120.43779196227904, 23.446698197861544], [120.43855044060365, 23.44569809403862], [120.43826601123192, 23.444854256438024], [120.43595897299457, 23.44419793830423], [120.43956174503646, 23.439541204878736], [120.44714652828256, 23.44341660719257], [120.45024364810804, 23.443447860437036], [120.45286671898066, 23.444854256438024], [120.45460489847454, 23.448323366573796], [120.45469970826512, 23.45032357421965], [120.46105196423373, 23.455355346578738], [120.46446511669447, 23.455574119290006], [120.46452832322151, 23.458230645069648], [120.46866835074334, 23.46160599547202], [120.47698000905052, 23.461918527916684], [120.48077240067357, 23.459855813781903], [120.48168889531581, 23.458074378847318], [120.489400091616, 23.452355035109964], [120.49489905946942, 23.452792580532492], [120.49707968465268, 23.455355346578738], [120.49755373360556, 23.457855606136054], [120.50046123384989, 23.460543385160165], [120.49960794573471, 23.465137612096726], [120.50175696765443, 23.46691904703131], [120.50374797325652, 23.46716907298704], [120.50728753877138, 23.47179455316807], [120.50855166931238, 23.471388260990008], [120.50921533784643, 23.472107085612734], [120.50924694110995, 23.47485737112578], [120.5049488972705, 23.478795279928548], [120.50368476672948, 23.478889039661947], [120.50409560915531, 23.480983007041196], [120.50188338070853, 23.480920500552262], [120.50336873409422, 23.485420967755424], [120.50188338070853, 23.486327311844953], [120.5009668860663, 23.488608798691], [120.50128291870155, 23.48982767522519], [120.50017680447816, 23.49067151282578], [120.49426699419891, 23.490202714158787], [120.49360332566488, 23.491109058248313], [120.489400091616, 23.491359084204042], [120.48608174894584, 23.49335929184989], [120.48390112376258, 23.49573453842934], [120.4836799009179, 23.498234797986655], [120.48459639556015, 23.49885986287598], [120.48469120535071, 23.501360122433294], [120.48314264543798, 23.505360537724993], [120.47966628645018, 23.504422940391002], [120.4734720467992, 23.506829440214915], [120.47081737266308, 23.50382912874614], [120.47012210086551, 23.500203752388035], [120.46926881275033, 23.499453674520844], [120.46550802439081, 23.498734849898117], [120.46383305142396, 23.49942242127638], [120.46007226306445, 23.50704821292618], [120.45776522482709, 23.5088921543497], [120.45631147470492, 23.511798706085074], [120.45735438240126, 23.515267816220845], [120.45631147470492, 23.51601789408804], [120.45327756140648, 23.515861627865707], [120.44758897397192, 23.518174367956224]]]]}}, {"type": "Feature", "properties": {"COUNTYID": "W", "name": "\u91d1\u9580\u7e23", "tree2pv_total": 0.0, "pv_new_total": 2.3, "tree_loss_total": 39.6, "tree_pct0": 27.3, "tree_pctN": 27.15, "pv_water": 0.2, "pv_farm": 1.2, "pv_bare": 0.8, "pv_tree": 0.0}, "geometry": {"type": "MultiPolygon", "coordinates": [[[[118.16036598284884, 24.378544934872014], [118.15717405323278, 24.377951123227152], [118.156826417334, 24.377201045359957], [118.15135905274411, 24.38232657745245], [118.1543297595155, 24.383764226697902], [118.16324187982966, 24.38129522038506], [118.16036598284884, 24.378544934872014]]], [[[118.16260981455915, 24.394921634972413], [118.16422158099894, 24.39526542066154], [118.16362111899197, 24.39373401168269], [118.16523288543176, 24.390108635324584], [118.17098467939338, 24.38963983665759], [118.17190117403561, 24.38760837576727], [118.17253323930612, 24.3882334406566], [118.17329171763073, 24.387170830344743], [118.17278606541433, 24.386358245988617], [118.16896207052775, 24.384201772120434], [118.16624418986457, 24.386545765455413], [118.16181973297101, 24.387327096567073], [118.16175652644397, 24.38998362234672], [118.15938628167956, 24.39248388190403], [118.15932307515251, 24.39423406359415], [118.16099804811935, 24.395609206350674], [118.16260981455915, 24.394921634972413]]], [[[118.24885512071994, 24.456365513593372], [118.25805167040583, 24.45405277350286], [118.26579446996955, 24.446770767542187], [118.26914441590324, 24.445989436430526], [118.26819631799748, 24.43967628104831], [118.26980808443727, 24.438269885047323], [118.26965006811965, 24.437613566913527], [118.26636332871301, 24.434675761933686], [118.26727982335524, 24.433894430822026], [118.26601569281422, 24.43098787908665], [118.26630012218595, 24.42811258059574], [118.26506759490847, 24.425362295082696], [118.26307658930637, 24.424487204237636], [118.26307658930637, 24.422549503080717], [118.26029550211614, 24.422674516058585], [118.26004267600793, 24.424237178281903], [118.25846251283166, 24.425081015882498], [118.25463851794508, 24.4248934964157], [118.2499296316798, 24.42158065250226], [118.24869710440231, 24.419424178634078], [118.25005604473391, 24.418236555344354], [118.24534715846862, 24.413642328407793], [118.24364058223826, 24.413361049207595], [118.24149156031852, 24.411267081828345], [118.24098590810212, 24.411985906451072], [118.24168117989967, 24.414111127074786], [118.23937414166232, 24.414892458186447], [118.23542373372165, 24.414329899786054], [118.23226340736912, 24.412735984318267], [118.2292610973342, 24.408298023604036], [118.2275229178403, 24.407860478181505], [118.22594275466403, 24.40504768617953], [118.22502626002179, 24.405078939423994], [118.22366731969021, 24.40642282893605], [118.22350930337258, 24.407797971692574], [118.22107585208113, 24.409141861204628], [118.21352267209855, 24.40976692609396], [118.21162647628704, 24.412048412940006], [118.21191090565875, 24.412798490807198], [118.21374389494324, 24.41182964022874], [118.21636696581584, 24.413079770007396], [118.21466038958548, 24.41357982191886], [118.2145655797949, 24.414829951697516], [118.21737827024866, 24.420736814901666], [118.2168094115052, 24.428081327351272], [118.22385693927136, 24.436613463090602], [118.22423617843366, 24.439707534292776], [118.22730169499563, 24.447895884342977], [118.23052522787522, 24.45205256585701], [118.2333695215925, 24.45367773456926], [118.24136514726442, 24.45605298114871], [118.24341935939357, 24.454990370836853], [118.2459476204756, 24.456177994126573], [118.24885512071994, 24.456365513593372]]], [[[118.27767729705509, 24.453834000791595], [118.27676080241287, 24.452458858035072], [118.27173588351232, 24.453333948880132], [118.26882838326799, 24.452490111279538], [118.27123023129592, 24.457365617416297], [118.27268398141808, 24.458021935550093], [118.27767729705509, 24.453834000791595]]], [[[118.41129589524044, 24.532154631424415], [118.4108534495511, 24.53056071595663], [118.41445622159299, 24.52831048235505], [118.4191967111218, 24.530435702978764], [118.42175657546736, 24.529623118622638], [118.42412682023175, 24.52768541746572], [118.4258017931986, 24.528341735599515], [118.42930975544992, 24.527404138265524], [118.42949937503107, 24.525278917641806], [118.43357619602585, 24.525028891686077], [118.43341817970823, 24.52271615159556], [118.43155358716022, 24.52196607372837], [118.43269130464714, 24.518465710348128], [118.43563040815499, 24.514496548300894], [118.45010470284963, 24.510996184920657], [118.45064195832956, 24.509902321364333], [118.44956744736969, 24.504651776293976], [118.45073676812014, 24.501026399935874], [118.45171646928942, 24.49940123122362], [118.45446595321613, 24.498151101444964], [118.45579329028419, 24.495869614598917], [118.45509801848664, 24.492806796641208], [118.45860598073796, 24.48702494641492], [118.46195592667165, 24.484274660901878], [118.46894024791075, 24.483680849257016], [118.46900345443781, 24.480461765076974], [118.46555869871354, 24.478617823653458], [118.46432617143606, 24.476461349785275], [118.46340967679382, 24.47658636276314], [118.4640101388008, 24.467679188090212], [118.46619076398405, 24.461147259996736], [118.47033079150587, 24.455209143548117], [118.47314348195964, 24.453583974835862], [118.47617739525808, 24.4532714423912], [118.47816840086017, 24.450271130922424], [118.47747312906262, 24.44952105305523], [118.47418638965597, 24.449552306299697], [118.47412318312892, 24.446364475364124], [118.47229019384444, 24.443051631450682], [118.47263782974323, 24.44148896922736], [118.47093125351286, 24.441301449760566], [118.4709944600399, 24.44045761215997], [118.46976193276242, 24.440113826470842], [118.46808695979557, 24.440488865404436], [118.46840299243082, 24.441301449760566], [118.46751810105212, 24.44195776789436], [118.46391532901022, 24.441301449760566], [118.46242997562453, 24.43967628104831], [118.46318845394914, 24.43864492398092], [118.46277761152331, 24.43801985909159], [118.46145027445525, 24.438488657758587], [118.46062858960359, 24.437519807180127], [118.46047057328596, 24.436269677401473], [118.46211394298928, 24.435425839800878], [118.46344128005734, 24.43586338522341], [118.46378891595612, 24.433456885399494], [118.4665067966193, 24.431581690731512], [118.46609595419348, 24.43036281419732], [118.4640101388008, 24.429800255796927], [118.46533747586886, 24.429206444152065], [118.46306204089504, 24.42679994432815], [118.46233516583395, 24.427112476772812], [118.46189272014459, 24.425174775615897], [118.45993331780602, 24.424580963971035], [118.45731024693342, 24.42601861321649], [118.45772108935924, 24.424049658815107], [118.45677299145348, 24.420393029212537], [118.455540464176, 24.419767964323206], [118.4560461163924, 24.417767756677357], [118.45494000216901, 24.41626760094297], [118.45475038258786, 24.417080185299096], [118.45282258351281, 24.416548880143168], [118.45301220309396, 24.415361256853444], [118.44969386042379, 24.415955068498306], [118.44833492009221, 24.41548626983131], [118.44593307206428, 24.414048620585856], [118.44577505574665, 24.412110919428937], [118.44485856110441, 24.412485958362534], [118.44470054478678, 24.41157961427301], [118.4433416044552, 24.411110815606012], [118.44103456621784, 24.411235828583877], [118.43743179417595, 24.410079458538622], [118.43442948414103, 24.40754794573684], [118.43164839695079, 24.408047997648303], [118.43051067946388, 24.40679786786965], [118.42934135871344, 24.40729791978111], [118.4261810323609, 24.40676661462518], [118.42719233679372, 24.408204263870637], [118.4261810323609, 24.409110607960162], [118.430036630511, 24.408548049559766], [118.4322804622213, 24.409798179338424], [118.42905692934171, 24.41036073773882], [118.43300733728239, 24.416486373654234], [118.43054228272742, 24.4209868408574], [118.42744516290192, 24.423893392592774], [118.41818540668898, 24.427018717039417], [118.41366614000485, 24.42714373001728], [118.41265483557204, 24.428518872773804], [118.40905206353014, 24.42776879490661], [118.4105058136523, 24.42914393766313], [118.41009497122648, 24.430487827175185], [118.41097986260519, 24.43142542450918], [118.4098737483818, 24.431800463442777], [118.40902046026662, 24.43036281419732], [118.40772472646208, 24.432331768598704], [118.40320545977795, 24.433613151621827], [118.40260499777096, 24.43498829437835], [118.39599991569416, 24.435113307356215], [118.39533624716013, 24.43586338522341], [118.38797268675872, 24.434488242466887], [118.38715100190704, 24.435269573578548], [118.38579206157546, 24.43514456060068], [118.37030646244801, 24.43095662584218], [118.35709629829441, 24.424956002904633], [118.3538727654148, 24.423018301747714], [118.35276665119143, 24.421393133035462], [118.35093366190695, 24.4209868408574], [118.34827898777083, 24.41836156832222], [118.34771012902736, 24.41495496467538], [118.34612996585109, 24.414111127074786], [118.34508705815476, 24.411548361028544], [118.34119985674113, 24.408735569026565], [118.33870319892263, 24.404547634268067], [118.33424713876555, 24.391077485903043], [118.33127643199416, 24.38970234314652], [118.33073917651423, 24.388452213367867], [118.32915901333796, 24.387764641989605], [118.32874817091212, 24.388420960123398], [118.32757885016169, 24.38695205763348], [118.32501898581613, 24.388045921189804], [118.32362844222101, 24.38595195381055], [118.3222378986259, 24.385608168121422], [118.31993086038854, 24.385764434343756], [118.31980444733445, 24.38692080438901], [118.31822428415818, 24.388420960123398], [118.31635969161017, 24.388295947145533], [118.31594884918434, 24.38945231719079], [118.31323096852115, 24.390358661280317], [118.30921735405343, 24.390202395057983], [118.30883811489113, 24.391765057281305], [118.30640466359968, 24.39320270652676], [118.3063098538091, 24.394452836305415], [118.30514053305866, 24.39476536875008], [118.30485610368693, 24.395827979061938], [118.29591238010924, 24.395859232306403], [118.29629161927156, 24.397859439952256], [118.29559634747399, 24.399172076219845], [118.2906346351005, 24.402016121466286], [118.29126670037101, 24.40329750448941], [118.28997096656647, 24.404922673201664], [118.28481963461184, 24.40764170547024], [118.28437718892248, 24.408641809293165], [118.28023716140065, 24.410923296139213], [118.27815134600797, 24.413017263518462], [118.27837256885266, 24.414579925741783], [118.28086922667116, 24.41520499063111], [118.28039517771828, 24.416330107431904], [118.28096403646174, 24.41704893205463], [118.29088746120871, 24.418830366989216], [118.29205678195915, 24.421424386279927], [118.29844064119128, 24.429612736330128], [118.3029599078754, 24.438488657758587], [118.3022014295508, 24.44620820914179], [118.29945194562409, 24.45127123474535], [118.29644963558918, 24.453990267013925], [118.29553314094694, 24.455990474659778], [118.29591238010924, 24.46058470159634], [118.2953435213658, 24.462366136530925], [118.2911402873169, 24.468179240001675], [118.28870683602545, 24.469648142491597], [118.28845400991726, 24.47067949955899], [118.28908607518777, 24.470898272270254], [118.28621017820696, 24.474836181073023], [118.28655781410573, 24.47893035609812], [118.28968653719474, 24.485962336103064], [118.29272045049318, 24.4899314981503], [118.29452183651414, 24.491337894151286], [118.30283349482131, 24.494713244553658], [118.31044988133092, 24.496025880821247], [118.31285172935885, 24.495525828909784], [118.31816107763112, 24.493150582330337], [118.32255393126115, 24.489587712461166], [118.3269783881547, 24.48302453112322], [118.33137124178474, 24.47902411583152], [118.3386715956591, 24.474992447295353], [118.34650920501339, 24.474086103205828], [118.35042800969055, 24.471648350137446], [118.35665385260505, 24.47102328524812], [118.36310091836422, 24.471679603381915], [118.37902896318103, 24.48505599201354], [118.38073553941139, 24.491275387662352], [118.38481236040617, 24.492212984996346], [118.38569725178488, 24.49358812775287], [118.3837378494463, 24.50271407513706], [118.38405388208156, 24.508089633185282], [118.39201790448996, 24.511621249809984], [118.39685320380934, 24.519528320659987], [118.40074040522296, 24.522216099684098], [118.39966589426311, 24.52543518386414], [118.39653717117409, 24.525716463064338], [118.397674888661, 24.52812296288825], [118.39934986162785, 24.528623014799713], [118.40374271525788, 24.52724787204319], [118.40560730780588, 24.527466644754455], [118.40766151993503, 24.530091917289635], [118.40734548729978, 24.53143580680169], [118.40570211759645, 24.531748339246352], [118.40728228077272, 24.534248598803668], [118.40927328637483, 24.533998572847935], [118.41129589524044, 24.532154631424415]]], [[[119.47405044107227, 24.98598299432115], [119.47749519679654, 24.98642053974368], [119.47888574039165, 24.985857981343287], [119.4792017730269, 24.984857877520362], [119.47755840332358, 24.980888715473128], [119.476199462992, 24.979388559738737], [119.4736079953829, 24.977607124804152], [119.46652886435322, 24.97945106622767], [119.46535954360279, 24.981420020629056], [119.46779299489424, 24.984389078853365], [119.4727231040042, 24.98723312409981], [119.47405044107227, 24.98598299432115]]], [[[119.45799598320137, 24.992358656192298], [119.45834361910015, 24.987326883833205], [119.45688986897798, 24.985264169698425], [119.45116967827988, 24.987576909788938], [119.44769331929209, 24.987514403300004], [119.44668201485928, 24.988420747389533], [119.44544948758178, 24.99364003921542], [119.44326886239854, 24.99670285717313], [119.44345848197969, 24.99870306481898], [119.44475421578423, 24.999609408908505], [119.45578375475459, 24.99495267548301], [119.45799598320137, 24.992358656192298]]]]}}, {"type": "Feature", "properties": {"COUNTYID": "E", "name": "\u9ad8\u96c4\u5e02", "tree2pv_total": 1.9, "pv_new_total": 315.4, "tree_loss_total": 554.0, "tree_pct0": 54.08, "tree_pctN": 64.5, "pv_water": 81.0, "pv_farm": 147.7, "pv_bare": 84.8, "pv_tree": 1.9}, "geometry": {"type": "Polygon", "coordinates": [[[120.95750763095408, 23.469481813077557], [120.9613948323677, 23.47076319610068], [120.96518722399075, 23.470700689611746], [120.96670418063997, 23.47170079343467], [120.96784189812688, 23.47154452721234], [120.97065458858064, 23.46901301441056], [120.9805464100641, 23.46920053387736], [120.98354872009901, 23.46701280676471], [120.99966638449695, 23.462168553872417], [121.00712475468895, 23.462856125250678], [121.01464633140799, 23.45463652195601], [121.01584725542195, 23.45160495724277], [121.01556282605023, 23.450542346930913], [121.01063271694026, 23.446510678394745], [121.0105695104132, 23.441260133324388], [121.01414067919158, 23.43794728941095], [121.01524679341497, 23.435384523364704], [121.01287654865057, 23.43307178327419], [121.0141722824551, 23.430946562650472], [121.01657413048304, 23.43097781589494], [121.02109339716716, 23.429352647182686], [121.02270516360696, 23.424820926735055], [121.02924703915672, 23.42278946584474], [121.02937345221082, 23.420226699798494], [121.02776168577103, 23.41625753775126], [121.02488578879021, 23.41460111579454], [121.027098017237, 23.41278842761549], [121.02741404987225, 23.409694356413315], [121.02665557154764, 23.406037726810744], [121.02833054451447, 23.403756239964697], [121.02596029975008, 23.40294365560857], [121.02264195707991, 23.400287129828925], [121.021504239593, 23.400037103873196], [121.0191339948286, 23.401443499874183], [121.01464633140799, 23.396567993737424], [121.01047470062264, 23.395099091247502], [121.00879972765578, 23.39553663667003], [121.00804124933119, 23.39659924698189], [121.00642948289139, 23.396567993737424], [121.00320595001179, 23.39478655880284], [121.00112013461911, 23.391754994089595], [121.00371160222821, 23.38894220208762], [121.00769361343241, 23.38666071524157], [121.00772521669593, 23.384660507595722], [121.005323368668, 23.3833791245726], [121.00007722692278, 23.382379020749674], [120.9938829872718, 23.375940852389594], [120.99116510660862, 23.371409131941963], [120.98809959004666, 23.370690307319236], [120.9867722529786, 23.365752294693543], [120.98708828561385, 23.3587203146886], [120.99467306885994, 23.35637632135362], [121.00004562365926, 23.356532587575952], [121.00285831411301, 23.355032431841565], [121.0075672003783, 23.35203212037279], [121.00753559711478, 23.349188075126346], [121.01009546146034, 23.345906484457373], [121.01521519015145, 23.346312776635436], [121.01755383165232, 23.34809421157002], [121.01828070671341, 23.350250685438205], [121.02005048947083, 23.35037569841607], [121.02226271791761, 23.34828173103682], [121.02472777247259, 23.339874608275355], [121.02700320744641, 23.337624374673773], [121.03149087086702, 23.336405498139584], [121.03278660467156, 23.333936491826737], [121.0364525832405, 23.333530199648674], [121.0394232900119, 23.329123492178912], [121.04561752966286, 23.327498323466656], [121.04817739400842, 23.325873154754404], [121.04903068212361, 23.32468553146468], [121.0487778560154, 23.322904096530095], [121.04713448631209, 23.31999754479472], [121.04811418748137, 23.31459073350203], [121.04577554598049, 23.308183818386418], [121.04169872498572, 23.30702744834116], [121.03623136039583, 23.303745857672187], [121.03427195805726, 23.304214656339184], [121.03190171329285, 23.303652097938787], [121.03136445781291, 23.300433013758745], [121.02991070769075, 23.298370299623965], [121.02558106058777, 23.296026306288983], [121.0237480713033, 23.29371356619847], [121.02011369599788, 23.29455740379906], [121.01720619575354, 23.29283847535341], [121.00984263535213, 23.292494689664277], [121.00838888522996, 23.291244559885623], [121.00567100456678, 23.290619494996292], [121.00137296072732, 23.287400410816254], [120.99400940032591, 23.28446260583641], [120.99034342175696, 23.283900047436017], [120.98775195414788, 23.28083722947831], [120.98607698118103, 23.280337177566846], [120.97899785015134, 23.282243625479296], [120.97261399091921, 23.282181118990362], [120.97027534941834, 23.280618456767044], [120.96866358297855, 23.277868171254], [120.966103718633, 23.276586788230876], [120.96335423470627, 23.27211757427218], [120.9596566528738, 23.270836191249057], [120.95738121789998, 23.264147996933247], [120.95109216845843, 23.259522516752217], [120.94666771156487, 23.2531156016366], [120.94126355350203, 23.251927978346878], [120.93832444999417, 23.24755252412158], [120.93788200430481, 23.244927251586404], [120.93175097118089, 23.242583258251422], [120.92957034599763, 23.242802030962686], [120.92723170449676, 23.244645972386206], [120.92609398700985, 23.244395946430473], [120.92369213898192, 23.24180192713976], [120.91939409514247, 23.240989342783635], [120.91718186669569, 23.23833281700399], [120.91544368720179, 23.237520232647864], [120.91430596971487, 23.232550966777705], [120.91155648578817, 23.227175408729483], [120.91212534453162, 23.225143947839165], [120.91139846947054, 23.20889226071663], [120.90763768111101, 23.20707957253758], [120.90656317015116, 23.20536064409193], [120.90716363215813, 23.201141456088962], [120.90574148529949, 23.199547540621175], [120.90643675709705, 23.196703495374734], [120.91089281725414, 23.192171774927104], [120.91244137716687, 23.186733710389948], [120.91127205641644, 23.182827054831648], [120.90902822470613, 23.179795490118405], [120.90589950161711, 23.180576821230066], [120.89844113142513, 23.176263873493703], [120.89831471837103, 23.17313854904706], [120.89588126707957, 23.17141962060141], [120.89499637570086, 23.160731010993896], [120.89202566892948, 23.15904333579271], [120.88734838592771, 23.15826200468105], [120.88652670107605, 23.155824251612668], [120.88333477145999, 23.153417751788755], [120.87669808611966, 23.15154255712077], [120.88105933648616, 23.146542038006146], [120.88561020643382, 23.144604336849227], [120.88782243488059, 23.137072304932822], [120.88586303254202, 23.12950901977195], [120.88782243488059, 23.123227117634205], [120.88772762509002, 23.121789468388748], [120.88504134769036, 23.120008033454162], [120.8851045542174, 23.118539130964244], [120.88674792392074, 23.11360111833855], [120.88940259805686, 23.110444540647443], [120.88813846751584, 23.10419389175416], [120.88914977194867, 23.100506008907125], [120.88554699990677, 23.092630191301588], [120.88576822275145, 23.089629879832813], [120.8835875975682, 23.086567061875105], [120.88260789639891, 23.083316724450597], [120.87805702645124, 23.07825369884704], [120.87533914578806, 23.068533939817986], [120.86930292245472, 23.059939297589725], [120.87157835742855, 23.054720005763834], [120.87372737934827, 23.05343862274071], [120.87445425440936, 23.051125882650197], [120.87976360268162, 23.04778178549229], [120.88137536912141, 23.04193742877707], [120.8801112385804, 23.036093072061853], [120.87947917330989, 23.0346554228164], [120.87265286838841, 23.034499156594066], [120.86620580262922, 23.032311429481418], [120.863424715439, 23.032280176236952], [120.86162332941805, 23.030748767258096], [120.86067523151229, 23.025998274099205], [120.86197096531683, 23.022060365296436], [120.86067523151229, 23.008058911775485], [120.85824178022084, 23.005058600306707], [120.85100463287351, 23.005027347062242], [120.85201593730633, 23.003339671861056], [120.85207914383338, 22.99990181496975], [120.85015134475833, 22.996401451589513], [120.84702262166932, 22.99286983496481], [120.84218732234993, 22.99121341300809], [120.84136563749827, 22.989932029984967], [120.84193449624173, 22.987869315850183], [120.84117601791712, 22.98399391353635], [120.83223229433943, 22.98005600473358], [120.83068373442669, 22.975836816730617], [120.82929319083158, 22.97511799210789], [120.8289455549328, 22.97355532988457], [120.83014647894676, 22.969992460015398], [120.82218245653836, 22.96464815521164], [120.82230886959246, 22.96371055787765], [120.8208551194703, 22.962366668365593], [120.82306734791707, 22.954928396182588], [120.82474232088391, 22.95245938986974], [120.82177161411254, 22.945114877420135], [120.82192963043016, 22.93498882621302], [120.82663851669544, 22.928613164341872], [120.82916677777747, 22.920768599980804], [120.83153702254188, 22.91954972344661], [120.8333068052993, 22.91226771748594], [120.82998846262913, 22.909548685217363], [120.82866112556107, 22.90398560770234], [120.83352802814397, 22.89982892618831], [120.83321199550872, 22.89823501072052], [120.83520300111083, 22.892734439694433], [120.83823691440926, 22.88989039444799], [120.83883737641624, 22.88463984937763], [120.83988028411258, 22.882608388487316], [120.84199770276878, 22.881233245730794], [120.8521107470969, 22.878107921284155], [120.85517626365886, 22.878732986173482], [120.85972713360653, 22.878357947239884], [120.86497327535174, 22.872232311324467], [120.8655421340952, 22.86966954527822], [120.86421479702713, 22.866669233809446], [120.85915827486306, 22.863450149629408], [120.86162332941805, 22.861387435494624], [120.86942933550883, 22.857980831847787], [120.86930292245472, 22.856605689091264], [120.86661664505506, 22.853355351666757], [120.86826001475838, 22.850511306420312], [120.86557373735872, 22.84707344952901], [120.86459403618943, 22.843073034237307], [120.86250822079676, 22.846823423573277], [120.85972713360653, 22.848761124730196], [120.85991675318768, 22.85148015699877], [120.85700925294334, 22.853011565977628], [120.85618756809168, 22.855105533356877], [120.85318525805677, 22.857637046158654], [120.84838156200091, 22.851917702421304], [120.84718063798694, 22.85194895566577], [120.84297740393806, 22.854230442511817], [120.84120762118064, 22.857293260469525], [120.84161846360648, 22.858887175937312], [120.84095479507245, 22.8603873316717], [120.83725721323997, 22.86423148074107], [120.83485536521204, 22.86482529238593], [120.83305397919109, 22.86629419487585], [120.82831348966229, 22.865794142964386], [120.82433147845809, 22.866356701364783], [120.81908533671287, 22.862356286073084], [120.81589340709681, 22.86210626011735], [120.81418683086643, 22.860449838160633], [120.81380759170413, 22.85766829940312], [120.80707609657323, 22.85488676064561], [120.80110307976693, 22.851042611576244], [120.79332867693968, 22.8520114621547], [120.79171691049989, 22.848386085796598], [120.79266500840565, 22.841104079835922], [120.79019995385066, 22.840135229257466], [120.78583870348416, 22.839885203301733], [120.78207791512465, 22.836478599654896], [120.77872796919095, 22.835197216631773], [120.77439832208798, 22.837634969700154], [120.77291296870227, 22.841104079835922], [120.77152242510716, 22.841885410947583], [120.76991065866737, 22.844573189971694], [120.76852011507225, 22.845198254861025], [120.76592864746317, 22.848729871485727], [120.76400084838812, 22.849261176641658], [120.76213625584012, 22.85682446180253], [120.7587547066429, 22.860949890072096], [120.75657408145965, 22.862231273095215], [120.7552783476551, 22.864419000207867], [120.74924212432177, 22.86566912998652], [120.74658745018563, 22.86776309736577], [120.74633462407742, 22.86916949336676], [120.74266864550847, 22.87354494759206], [120.73094383474056, 22.876263979860635], [120.72503402446131, 22.88082695355273], [120.72051475777718, 22.882014576842455], [120.71713320857997, 22.880983219775064], [120.70825269152932, 22.881639537908857], [120.70455510969686, 22.880670687330397], [120.70253250083124, 22.87926429132941], [120.70139478334433, 22.8764827525719], [120.69791842435653, 22.873076148925062], [120.69200861407728, 22.868450668744032], [120.69055486395511, 22.864856545630396], [120.68622521685214, 22.864669026163597], [120.68404459166888, 22.86351265611834], [120.6792092923495, 22.862950097717945], [120.67671263453099, 22.857262007225057], [120.67213016131981, 22.85635566313553], [120.66988632960951, 22.856886968291462], [120.66855899254143, 22.858699656470513], [120.6609110027683, 22.859668507048973], [120.65948885590966, 22.86191874065055], [120.65863556779446, 22.866075422164585], [120.65967847549081, 22.86995082447842], [120.65841434494979, 22.874326278703716], [120.65803510578749, 22.87970183675194], [120.65648654587474, 22.88135825870866], [120.65487477943495, 22.881483271686527], [120.65234651835291, 22.879483064040674], [120.65105078454837, 22.877201577194626], [120.64842771367577, 22.877139070705695], [120.64649991460071, 22.88379601177704], [120.64504616447854, 22.885202407778028], [120.63436426140697, 22.88073319381933], [120.62602099983627, 22.87829544075095], [120.62061684177343, 22.875576408482374], [120.61508627065648, 22.876732778527632], [120.60582651444354, 22.873232415147392], [120.59523942116253, 22.863668922340672], [120.57482371292514, 22.848229819574264], [120.57068368540331, 22.8443856705049], [120.56670167419911, 22.83835379432288], [120.56357295111009, 22.835290976365172], [120.55756833104027, 22.8321031454296], [120.55421838510658, 22.828821554760626], [120.54805574871912, 22.82844651582703], [120.54407373751492, 22.82982165858355], [120.53642574774179, 22.829259100183155], [120.53402389971386, 22.830540483206278], [120.53102158967894, 22.830821762406476], [120.52975745913793, 22.831696853251536], [120.53057914398958, 22.833009489519124], [120.52432169781156, 22.83197813245173], [120.52343680643285, 22.83288447654126], [120.52008686049916, 22.83235317138533], [120.51992884418154, 22.831446827295803], [120.5156624036056, 22.831571840273668], [120.51000541943456, 22.82850902231596], [120.50896251173822, 22.829602885872287], [120.50343194062127, 22.831728106496], [120.49771174992318, 22.831728106496], [120.49638441285511, 22.832540690852127], [120.49395096156366, 22.836759878855094], [120.49265522775912, 22.837291184011022], [120.49148590700868, 22.836947398321893], [120.49278164081322, 22.835697268543235], [120.4854180804118, 22.835541002320902], [120.48225775405926, 22.835978547743434], [120.48168889531581, 22.837322437255487], [120.48036155824774, 22.83772872943355], [120.4790658244432, 22.836759878855094], [120.47622153072591, 22.838197528100547], [120.47416731859677, 22.83688489183296], [120.46876316053392, 22.830665496184142], [120.46920560622328, 22.825008658935722], [120.46753063325643, 22.822352133156077], [120.46734101367528, 22.815476419373468], [120.46550802439081, 22.81275738710489], [120.46402267100511, 22.800287342562793], [120.45744919219183, 22.78550455793018], [120.45599544206966, 22.78019150637089], [120.45574261596147, 22.775097227522867], [120.45409924625814, 22.771221825209032], [120.45372000709584, 22.75659530679875], [120.45599544206966, 22.730561354158233], [120.45574261596147, 22.718497601794198], [120.4528035124536, 22.704183615828583], [120.4488215012494, 22.691182266130557], [120.44752576744486, 22.688306967639647], [120.44262726159843, 22.684556578303678], [120.43965655482704, 22.67855595536613], [120.44000419072582, 22.67305538434004], [120.4366226415286, 22.66502330051217], [120.43605378278514, 22.6613666709096], [120.43618019583924, 22.64814654850031], [120.43532690772406, 22.640239477650308], [120.43580095667694, 22.630457212132324], [120.43371514128427, 22.62464410866157], [120.43368353802074, 22.617612128656628], [120.43463163592651, 22.61342419389813], [120.43757073943436, 22.607267304738247], [120.442722071389, 22.60332939593548], [120.44578758795096, 22.598828928732317], [120.44702011522845, 22.58617136472342], [120.44199519632792, 22.560074905593968], [120.43902448955653, 22.55501187999041], [120.43659103826508, 22.547573607807404], [120.43128168999282, 22.544698309316495], [120.43068122798583, 22.543479432782306], [120.42515065686888, 22.52847787543843], [120.42284361863153, 22.51844558396471], [120.42366530348319, 22.506538097823007], [120.42575111887587, 22.498193481550476], [120.42394973285492, 22.479972840026562], [120.4244237818078, 22.468721672018653], [120.4208210097659, 22.468471646062923], [120.41092918828245, 22.47075313290897], [120.3984142959264, 22.475566132556796], [120.38488809913754, 22.484879599407787], [120.37325809816019, 22.491224008034468], [120.35988991768896, 22.501068780041386], [120.35872059693851, 22.50069374110779], [120.3589418197832, 22.50216264359771], [120.35094619411127, 22.509538409291785], [120.33375401875345, 22.52141464218902], [120.336914345106, 22.525102525036058], [120.33334317632763, 22.528790407883093], [120.3253475506557, 22.523477356323802], [120.32626404529793, 22.529946777928348], [120.32989842060336, 22.53297834264159], [120.3314469805161, 22.532853329663727], [120.32948757817753, 22.533790926997717], [120.32525274086512, 22.530071790906216], [120.32424143643232, 22.52278978494554], [120.31245341913734, 22.514851460851073], [120.2886245584392, 22.543854471715903], [120.29342825449505, 22.538447660423213], [120.2969678200099, 22.540947919980525], [120.30373091840434, 22.532697063441393], [120.30761811981796, 22.53544734895444], [120.31681466950384, 22.524227434190998], [120.32183958840439, 22.52779030406017], [120.30752331002738, 22.545229614472426], [120.30177151606576, 22.545823426117284], [120.29854798318617, 22.547511101318474], [120.30344648903261, 22.55432430861215], [120.30284602702562, 22.557762165503455], [120.28578026472191, 22.577858001695354], [120.2845161341809, 22.57807677440662], [120.27838510105697, 22.584389929788834], [120.27130597002729, 22.5927970525503], [120.26678670334316, 22.60001655202204], [120.26378439330824, 22.60192299993449], [120.26302591498363, 22.601391694778563], [120.26368958351766, 22.605142084114533], [120.26526974669393, 22.60661098660445], [120.2659650184915, 22.60882996696157], [120.26561738259271, 22.610767668118484], [120.26419523573408, 22.611392733007815], [120.26318393130126, 22.61036137594042], [120.26324713782832, 22.612830382253268], [120.26226743665903, 22.613986752298526], [120.2561364035351, 22.617705888390027], [120.25667365901504, 22.62092497257007], [120.26331034435536, 22.624112803505643], [120.26343675740947, 22.62620677088489], [120.25935993641468, 22.633926322268096], [120.2561364035351, 22.636270315603074], [120.25509349583876, 22.639676919249915], [120.25398738161537, 22.640458250361576], [120.25168034337801, 22.645177490276], [120.25111148463456, 22.6492716653011], [120.24991056062059, 22.65170941836948], [120.2505426258911, 22.652553255970076], [120.25114308789809, 22.661929229309997], [120.25297607718255, 22.66502330051217], [120.25635762637978, 22.668617423625808], [120.25926512662411, 22.66905496904834], [120.26362637699062, 22.673242903806837], [120.26444806184227, 22.675211858208222], [120.26441645857875, 22.680868695456642], [120.26312072477421, 22.683994019903285], [120.26283629540248, 22.689057045506843], [120.25806420261014, 22.689307071462572], [120.25806420261014, 22.695557720355854], [120.26100330611801, 22.69627654497858], [120.26226743665903, 22.698245499379965], [120.26160376812498, 22.701464583560007], [120.25683167533266, 22.712434472367715], [120.25708450144086, 22.7143096670357], [120.25585197416336, 22.7141221475689], [120.25680007206913, 22.714872225436096], [120.25651564269741, 22.7184038420608], [120.25496708278466, 22.719591465350522], [120.2527864576014, 22.724123185798152], [120.24984735409355, 22.724216945531552], [120.24943651166771, 22.72606088695507], [120.25035300630995, 22.726842218066732], [120.24362151117904, 22.74318766492266], [120.2339825158038, 22.76037694937919], [120.23290800484394, 22.759970657201126], [120.23126463514062, 22.76072073506832], [120.23094860250536, 22.761939611602507], [120.23243395589105, 22.76253342324737], [120.23218112978286, 22.766440078805672], [120.22061433533256, 22.790536330289275], [120.21539979685087, 22.804162744876628], [120.21233428028891, 22.8076318550124], [120.1978915888578, 22.805256608432952], [120.19334071891015, 22.8074443355456], [120.19014878929408, 22.813601224705483], [120.19049642519286, 22.81528889990667], [120.2059820243203, 22.82016440604343], [120.20718294833426, 22.821070750132957], [120.20724615486132, 22.822914691556473], [120.2062348504285, 22.825446204358254], [120.20516033946865, 22.825227431646987], [120.20045145320336, 22.838478807300746], [120.20130474131855, 22.83869758001201], [120.19902930634471, 22.84351057965984], [120.19814441496601, 22.84357308614877], [120.19817601822953, 22.844573189971694], [120.19653264852622, 22.844760709438493], [120.19292987648431, 22.848479845529997], [120.1952685179852, 22.85001125450885], [120.19277186016669, 22.857136994247192], [120.19157093615273, 22.858324617536915], [120.18920069138832, 22.85838712402585], [120.19327751238309, 22.85932472135984], [120.19305628953842, 22.859981039493636], [120.18973794686825, 22.860699864116363], [120.19030680561171, 22.8640127080298], [120.19286666995727, 22.864762785896996], [120.19011718603056, 22.87326366839186], [120.18019376128359, 22.89535971222961], [120.17466319016664, 22.91033001632902], [120.17475799995722, 22.911705159085543], [120.17674900555932, 22.91236147721934], [120.18657762051572, 22.91964348318001], [120.19204498510561, 22.921206145403332], [120.20177879027143, 22.91573682762171], [120.20389620892763, 22.91486173677665], [120.20806783971298, 22.915236775710248], [120.21438849241805, 22.91045502930689], [120.21811767751406, 22.90964244495076], [120.22010868311615, 22.909611191706293], [120.2225421344076, 22.911330120151945], [120.22665055866591, 22.916299386022107], [120.22867316753154, 22.91698695740037], [120.23041134702542, 22.9166744249557], [120.23167547756644, 22.915393041932578], [120.23154906451235, 22.908673594372303], [120.23319243421567, 22.90539200370333], [120.24286303285443, 22.903516809035345], [120.24760352238324, 22.89817250423159], [120.254145397933, 22.894265848673285], [120.25648403943387, 22.894015822717556], [120.25856985482655, 22.894984673296015], [120.2588858874618, 22.896641095252733], [120.25692648512323, 22.898985088587715], [120.25793778955604, 22.90164161436736], [120.26052925716513, 22.90173537410076], [120.27272811688593, 22.895484725207478], [120.27949121528036, 22.896297309563604], [120.27800586189467, 22.901329081922697], [120.27800586189467, 22.904391899880405], [120.28457934070795, 22.90470443232507], [120.29911684192963, 22.901079055966964], [120.31349632683369, 22.899922685921705], [120.31567695201693, 22.899141354810048], [120.32006980564697, 22.894984673296015], [120.32487350170283, 22.900485244322102], [120.32705412688607, 22.898453783431787], [120.33078331198207, 22.890702978804118], [120.33248988821244, 22.88926532955866], [120.34513119362259, 22.889421595780995], [120.34889198198212, 22.89057796582625], [120.35094619411127, 22.889140316580797], [120.35154665611824, 22.88754640111301], [120.35211551486171, 22.887671414090875], [120.35205230833466, 22.88935908929206], [120.35451736288964, 22.890015407425857], [120.35458056941668, 22.890984258004313], [120.35337964540273, 22.89110927098218], [120.35337964540273, 22.89242190724977], [120.35518103142367, 22.891828095604907], [120.35464377594374, 22.89251566698317], [120.35511782489662, 22.89379705000629], [120.35644516196469, 22.892734439694433], [120.3579621186139, 22.895859764141075], [120.3610592384394, 22.897953731520325], [120.36134366781113, 22.9006727637889], [120.36045877643241, 22.899672659965976], [120.35922624915491, 22.900235218366372], [120.35947907526312, 22.901422841656096], [120.36197573308164, 22.9009540429891], [120.36333467341322, 22.902297932501153], [120.36415635826488, 22.901766627345225], [120.36598934754936, 22.902235426012222], [120.36573652144115, 22.90451691285827], [120.36731668461742, 22.905173230992062], [120.36823317925966, 22.903954354457873], [120.36896005432074, 22.905704536147994], [120.37107747297694, 22.90720469188238], [120.37161472845688, 22.906485867259654], [120.37256282636264, 22.90676714645985], [120.37313168510609, 22.909329912506095], [120.37117228276752, 22.91226771748594], [120.37174114151098, 22.912799022641867], [120.37294206552494, 22.91236147721934], [120.37382695690366, 22.914142912153924], [120.37676606041151, 22.914892990021116], [120.37645002777626, 22.91611186655531], [120.37752453873613, 22.918205833934557], [120.38036883245341, 22.91861212611262], [120.38052684877103, 22.920081028602542], [120.38182258257558, 22.919893509135743], [120.38191739236615, 22.921112385669932], [120.38691070800316, 22.918299593667957], [120.38861728423353, 22.920643587002935], [120.38924934950404, 22.92033105455827], [120.39215684974837, 22.922300008959656], [120.39901475793339, 22.922300008959656], [120.40046850805555, 22.91904967153515], [120.40192225817772, 22.91817458069009], [120.40533541063847, 22.91817458069009], [120.40631511180776, 22.914642964065386], [120.40868535657215, 22.91236147721934], [120.40975986753202, 22.91379912646479], [120.41649136266292, 22.916361892511038], [120.42208514030692, 22.927550554030013], [120.42274880884095, 22.93095715767685], [120.42489783076068, 22.933176138033968], [120.42613035803817, 22.939364280438316], [120.428405793012, 22.940489397239105], [120.42843739627553, 22.942145819195826], [120.43267223358792, 22.95255314960314], [120.43295666295965, 22.955959753249978], [120.43728631006263, 22.96230416187666], [120.44218481590907, 22.973930368818166], [120.44262726159843, 22.977336972465004], [120.44518712594399, 22.979493446333187], [120.44964318610106, 22.977243212731604], [120.45179220802079, 22.978618355488127], [120.45302473529829, 22.977774517887532], [120.45463650173808, 22.980649816378442], [120.45476291479217, 22.982556264290896], [120.45318275161591, 22.984806497892475], [120.45530017027211, 22.991150906519156], [120.45962981737509, 22.989932029984967], [120.4611467740243, 22.990869627318958], [120.45909256189515, 22.995870146433585], [120.46146280665955, 22.998120380035168], [120.46051470875379, 23.000308107147816], [120.45962981737509, 23.00068314608141], [120.46083074138905, 23.003933483505918], [120.46266373067353, 23.00321465888319], [120.46721460062118, 23.00355844457232], [120.46819430179046, 23.00262084723833], [120.47053294329135, 23.002370821282597], [120.4783073461186, 23.003527191327855], [120.48004552561248, 23.00296463292746], [120.47938185707845, 23.00496484057331], [120.48036155824774, 23.0062774768409], [120.4826685964851, 23.01555969044742], [120.48576571631058, 23.018341229204932], [120.49755373360556, 23.02409182618675], [120.503716369993, 23.028654799878847], [120.50867808236649, 23.0348429422832], [120.51051107165097, 23.03559302015039], [120.51629446887611, 23.041843669043672], [120.52015006702621, 23.045312779179444], [120.52220427915536, 23.045625311624107], [120.52365802927753, 23.047656772514426], [120.52302596400702, 23.049563220426876], [120.53019990482728, 23.055907629053557], [120.5376898782828, 23.0588454340334], [120.53800591091806, 23.060720628701386], [120.53974409041194, 23.061939505235575], [120.55279623824794, 23.06781511519526], [120.55709428208739, 23.071440491553364], [120.55921170074359, 23.07390949786621], [120.55864284200013, 23.075347147111664], [120.56268805973139, 23.078409965069373], [120.563446538056, 23.080035133781625], [120.56704931009789, 23.08200408818301], [120.5747921096616, 23.0914113147674], [120.574033631337, 23.09463039894744], [120.57561379451327, 23.09556799628143], [120.57722556095307, 23.09947465183973], [120.58816029013285, 23.114319942961277], [120.58891876845746, 23.119976780209697], [120.58841311624106, 23.12241453327808], [120.59049893163373, 23.12719627968144], [120.59479697547317, 23.131821759862465], [120.59628232885888, 23.136884785466027], [120.5975464593999, 23.137416090621954], [120.60111762817826, 23.1441667914267], [120.60380390557792, 23.14491686929389], [120.60573170465297, 23.146698304228476], [120.60547887854476, 23.148385979429662], [120.6074066776198, 23.148292219696266], [120.61183113451337, 23.151698823343104], [120.61233678672977, 23.153605271255554], [120.61110425945228, 23.1558867581016], [120.61344290095316, 23.15923085525951], [120.61492825433885, 23.159480881215238], [120.61663483056923, 23.16313751081781], [120.62049042871932, 23.162824978373145], [120.6229554832743, 23.163950095173934], [120.62523091824814, 23.16776299099884], [120.62700070100556, 23.167981763710102], [120.6310459187368, 23.170419516778484], [120.62914972292528, 23.17420115935892], [120.63616564742792, 23.175107503448444], [120.63746138123246, 23.178514107095282], [120.63730336491483, 23.180389301763267], [120.64109575653788, 23.182983321053978], [120.63840947913822, 23.185702353322558], [120.63654488659022, 23.19010906079232], [120.63695572901605, 23.19132793732651], [120.6390099411452, 23.1927343333275], [120.64096934348377, 23.198797462753983], [120.6431183654035, 23.20107894960003], [120.64330798498466, 23.20332918320161], [120.64618388196547, 23.20707957253758], [120.64836450714871, 23.208579728271967], [120.65143002371067, 23.208454715294103], [120.65395828479271, 23.21554920178798], [120.65626532303007, 23.21764316916723], [120.65515920880668, 23.22345627263798], [120.6494706213721, 23.228644311219405], [120.65045032254139, 23.234863706868218], [120.6513352139201, 23.235801304202212], [120.64861733325692, 23.24305205691842], [120.64915458873685, 23.247083725454587], [120.64210706097069, 23.256834737728106], [120.64213866423421, 23.26061638030854], [120.64068491411204, 23.266491990268225], [120.63853589219232, 23.268835983603207], [120.6390099411452, 23.270429899070994], [120.6412537728555, 23.271523762627318], [120.64055850105794, 23.273992768940165], [120.64314996866703, 23.27596172334155], [120.64191744138954, 23.27855574263226], [120.64406646330926, 23.281931093034633], [120.64302355561293, 23.286619079704593], [120.64185423486248, 23.287494170549653], [120.64340279477523, 23.28890056655064], [120.64365562088344, 23.290088189840365], [120.64210706097069, 23.292463436419812], [120.643750430674, 23.296120066022382], [120.64732159945238, 23.297213929578707], [120.64905977894627, 23.29343228699827], [120.65199888245414, 23.291150800152224], [120.6553172251243, 23.291932131263884], [120.6574346437805, 23.295244975177322], [120.65873037758504, 23.29590129331112], [120.65967847549081, 23.29474492326586], [120.66182749741053, 23.294994949221593], [120.66268078552572, 23.293557299976136], [120.6653986661889, 23.29318226104254], [120.66561988903358, 23.2940573518876], [120.66729486200042, 23.294026098643133], [120.66840097622381, 23.29196338450835], [120.66988632960951, 23.292025890997284], [120.67140328625872, 23.2899631768625], [120.67371032449608, 23.29108829366329], [120.67595415620639, 23.29030696255163], [120.67617537905106, 23.288588034105977], [120.6773446998015, 23.287837956238782], [120.67838760749784, 23.288869313306176], [120.68989119542108, 23.285306443437005], [120.69953019079632, 23.284431352591945], [120.70117356049964, 23.285556469392734], [120.70139478334433, 23.28690035890479], [120.70354380526405, 23.289463124951038], [120.70256410409476, 23.29102578717436], [120.70281693020296, 23.297557715267835], [120.70439709337923, 23.3019644227376], [120.70676733814364, 23.304714708250646], [120.71217149620648, 23.308715123542346], [120.71627992046479, 23.30762125998602], [120.72196850789935, 23.30815256514195], [120.7306278021053, 23.30562105234017], [120.73015375315242, 23.31074658443266], [120.73230277507216, 23.313871908879303], [120.73631638953988, 23.315997129503018], [120.73874984083133, 23.31640342168108], [120.7400771778994, 23.317778564437603], [120.74039321053465, 23.32043509021725], [120.74225780308265, 23.321497700529108], [120.74785158072665, 23.32190399270717], [120.75006380917343, 23.324060466575354], [120.75047465159925, 23.325498115820807], [120.75262367351898, 23.326716992354996], [120.75325573878949, 23.328185894844918], [120.7521496245661, 23.330186102490767], [120.75284489636365, 23.331342472536026], [120.75644766840556, 23.332811375025948], [120.75840707074413, 23.33549915405006], [120.75853348379823, 23.337280588984644], [120.75723774999368, 23.338124426585235], [120.75847027727117, 23.34087471209828], [120.75752217936541, 23.342999932721998], [120.75809103810887, 23.344250062500652], [120.76068250571795, 23.343906276811524], [120.76488573976683, 23.341687296454406], [120.7684569085452, 23.343875023567055], [120.77335541439163, 23.34184356267674], [120.7749355775679, 23.343187452188793], [120.77711620275116, 23.343531237877926], [120.77856995287333, 23.34268740027733], [120.78321563261156, 23.342218601610337], [120.78555427411243, 23.345625205257175], [120.78757688297806, 23.346156510413103], [120.78868299720145, 23.349438101082075], [120.78846177435678, 23.352813451484447], [120.79203294313514, 23.353969821529706], [120.79165370397284, 23.356595094064886], [120.79222256271629, 23.357438931665477], [120.79623617718401, 23.356845120020616], [120.79743710119799, 23.35968916526706], [120.79911207416482, 23.361126814512513], [120.80078704713168, 23.360970548290183], [120.80085025365872, 23.36331454162516], [120.80470585180882, 23.367221197183465], [120.80328370495018, 23.369471430785044], [120.80495867791703, 23.370940333274966], [120.80849824343187, 23.36837756722872], [120.80982558049993, 23.369565190518443], [120.81298590685248, 23.369315164562714], [120.81586180383329, 23.37134662545303], [120.82117115210555, 23.370534041096903], [120.82338338055233, 23.37197169034236], [120.82524797310032, 23.371627904653227], [120.82606965795199, 23.373721872032476], [120.82853471250696, 23.37494074856667], [120.82941960388568, 23.377409754879512], [120.82938800062215, 23.383129098616866], [120.83096816379842, 23.386598208752638], [120.83292756613699, 23.3871920203975], [120.83434971299563, 23.386598208752638], [120.8349185717391, 23.387723325553427], [120.83409688688744, 23.38962977346588], [120.83570865332723, 23.390036065643944], [120.83684637081414, 23.393380162801847], [120.8410180015995, 23.39494282502517], [120.84095479507245, 23.39616170155936], [120.83845813725394, 23.397005539159952], [120.83842653399041, 23.39825566893861], [120.84392550184383, 23.403943759431495], [120.84474718669549, 23.408225453923393], [120.849108437062, 23.4117570705481], [120.84917164358905, 23.419507875175768], [120.85018294802185, 23.420601738732092], [120.85309044826619, 23.421945628244146], [120.85365930700965, 23.423008238556005], [120.85729368231507, 23.422133147710944], [120.85852620959255, 23.42488343322399], [120.85931629118069, 23.42497719295739], [120.85975873687005, 23.42391458264553], [120.86228699795208, 23.424570900779326], [120.86434121008124, 23.423883329401065], [120.86623740589276, 23.426071056513713], [120.86930292245472, 23.426258575980512], [120.87173637374617, 23.42960267313842], [120.8737589826118, 23.429821445849683], [120.87556036863275, 23.431571627539803], [120.8753707490516, 23.432759250829523], [120.87891031456644, 23.432134185940196], [120.88200743439192, 23.43332180922992], [120.88380882041287, 23.436259614209764], [120.88523096727151, 23.43497823118664], [120.88709555981951, 23.435197003897905], [120.8906983318614, 23.442416503369646], [120.89177284282127, 23.446604438128144], [120.89287895704466, 23.445198042127156], [120.89515439201848, 23.445916866749883], [120.89676615845828, 23.45088613262004], [120.89885197385095, 23.451136158575775], [120.90059015334485, 23.452417541598898], [120.90033732723666, 23.453730177866486], [120.9023915393658, 23.45413647004455], [120.90447735475848, 23.452948846754825], [120.90564667550892, 23.45319887271056], [120.90994471934837, 23.45779309964712], [120.91269420327508, 23.45848067102538], [120.91515925783006, 23.458011872358384], [120.91588613289115, 23.45882445671451], [120.92154311706219, 23.459043229425774], [120.92249121496795, 23.45813688533625], [120.9264100196451, 23.457324300980122], [120.92685246533445, 23.456011664712534], [120.92846423177424, 23.45551161280107], [120.92830621545662, 23.456761742579726], [120.93118211243743, 23.457043021779924], [120.93510091711458, 23.45891821644791], [120.9345004551076, 23.46144972924969], [120.93664947702733, 23.463762469340203], [120.94442387985457, 23.463418683651074], [120.95027048360677, 23.464793826407593], [120.95599067430486, 23.467325339209374], [120.95750763095408, 23.469481813077557]]]}}, {"type": "Feature", "properties": {"COUNTYID": "V", "name": "\u53f0\u6771\u7e23", "tree2pv_total": 2.6, "pv_new_total": 16.1, "tree_loss_total": 615.3, "tree_pct0": 80.43, "tree_pctN": 83.29, "pv_water": 0.0, "pv_farm": 11.7, "pv_bare": 1.7, "pv_tree": 2.6}, "geometry": {"type": "MultiPolygon", "coordinates": [[[[121.61178999572023, 21.942917087115777], [121.60799760409719, 21.942823327382378], [121.60613301154919, 21.94804261920827], [121.60354154394011, 21.95157423583297], [121.61295931647068, 21.955043345968743], [121.6148555122822, 21.954887079746413], [121.61482390901867, 21.953043138322894], [121.61621445261379, 21.952293060455702], [121.61596162650558, 21.94454225582803], [121.61178999572023, 21.942917087115777]]], [[[121.50225308434123, 22.084025485881618], [121.50604547596429, 22.084744310504345], [121.51119680791892, 22.080837654946045], [121.52557629282298, 22.081087680901774], [121.52892623875667, 22.07965003165632], [121.53025357582473, 22.081087680901774], [121.53293985322439, 22.08174399903557], [121.53707988074622, 22.081462719835372], [121.54425382156647, 22.08261908988063], [121.55446167568518, 22.082462823658297], [121.55812765425412, 22.080462616012447], [121.55996064353859, 22.080368856279048], [121.56647091582482, 22.084306765081816], [121.57010529113025, 22.082400317169363], [121.5704213237655, 22.080712641968177], [121.56782985615642, 22.07546209689782], [121.56782985615642, 22.07318061005177], [121.57013689439377, 22.070117792094063], [121.57086376945486, 22.06474223404584], [121.57592029161891, 22.05996048764248], [121.57506700350373, 22.059304169508685], [121.57095857924543, 22.059710461686752], [121.56764023657526, 22.05814779946343], [121.56387944821574, 22.054022371193863], [121.5640690677969, 22.048709319634575], [121.56722939414944, 22.042427417496825], [121.56618648645309, 22.041489820162834], [121.5680510790011, 22.040864755273507], [121.56729260067648, 22.03952086576145], [121.57051613355607, 22.038927054116588], [121.57870137880916, 22.032426379267573], [121.59674684228214, 22.025113120062436], [121.60268825582492, 22.01983132174761], [121.60208779381794, 22.015174588322118], [121.59857983156662, 22.01192425089761], [121.59788455976906, 22.0093302316069], [121.5930808637132, 22.001798199690494], [121.59080542873937, 22.00017303097824], [121.58745548280568, 21.999766738800176], [121.58097681378298, 22.00382966058081], [121.58214613453342, 22.00436096573674], [121.57968107997844, 22.004954777381602], [121.57961787345138, 22.003985926803143], [121.57816412332922, 22.003235848935947], [121.57133781840774, 22.00357963462508], [121.57026330744787, 22.00217323862409], [121.5694100193327, 22.008736419962037], [121.56226768177595, 22.017268555701367], [121.55692673024016, 22.02167526317113], [121.55341876798884, 22.023019152683187], [121.55329235493474, 22.02411301623951], [121.54883629477766, 22.025706931707298], [121.54355854976892, 22.025706931707298], [121.54223121270086, 22.024738081128838], [121.53872325044954, 22.02436304219524], [121.53749072317204, 22.024863094106703], [121.52737767884392, 22.034426586913426], [121.52494422755247, 22.038520761938525], [121.5239961296467, 22.03917708007232], [121.5208990098212, 22.038708281405324], [121.52007732496955, 22.04136480718497], [121.51748585736047, 22.04402133296461], [121.51716982472522, 22.04577151465473], [121.51521042238664, 22.04689663145552], [121.51065955243898, 22.047490443100383], [121.50866854683689, 22.046427832788527], [121.51081756875661, 22.049553157235167], [121.50860534030984, 22.056866416440307], [121.50683555755242, 22.057053935907106], [121.50721479671472, 22.059147903286355], [121.50879495989099, 22.059335422753154], [121.51069115570252, 22.063304584800388], [121.51002748716847, 22.06764878578122], [121.503201182247, 22.077337291565804], [121.49994604610387, 22.079274992722723], [121.4993455840969, 22.080525122501378], [121.50225308434123, 22.084025485881618]]], [[[121.49157118126965, 22.677462091809804], [121.49346737708117, 22.675086845230357], [121.49602724142673, 22.67646198798688], [121.49865031229933, 22.67577441660862], [121.50253751371297, 22.676305721764546], [121.50708838366062, 22.678649715099528], [121.50955343821559, 22.677899637232333], [121.51002748716847, 22.67705579963174], [121.50911099252625, 22.67280535838431], [121.50971145453322, 22.670430111804862], [121.5111652046554, 22.6697425404266], [121.50904778599919, 22.664835781045372], [121.50876335662747, 22.660210300864346], [121.50693036734299, 22.657178736151103], [121.50876335662747, 22.653834638993196], [121.50588745964666, 22.65274077543687], [121.50601387270075, 22.65170941836948], [121.50218987781417, 22.652209470280944], [121.49953520367805, 22.645896314898728], [121.50206346476008, 22.64389610725288], [121.50212667128713, 22.641395847695566], [121.50462332910564, 22.638270523248927], [121.50500256826794, 22.63570775720268], [121.50772044893112, 22.634582640401888], [121.50636150859954, 22.63433261444616], [121.50623509554543, 22.63258243275604], [121.50579264985608, 22.634113841734894], [121.49969321999568, 22.63508269231335], [121.49801824702882, 22.634082588490426], [121.49877672535344, 22.632363660044774], [121.4977338176571, 22.631832354888846], [121.49520555657507, 22.63248867302264], [121.49384661624347, 22.634895172846555], [121.49343577381765, 22.638395536226792], [121.48879009407942, 22.64180213987363], [121.48879009407942, 22.642614724229755], [121.48047843577224, 22.6454587694762], [121.47349411453312, 22.646458873299125], [121.47485305486472, 22.651396885924818], [121.4753271038176, 22.65867889188549], [121.46467680400954, 22.671461468872252], [121.46432916811077, 22.673336663540237], [121.46575131496941, 22.67636822825348], [121.46967011964655, 22.67633697500901], [121.47276723947205, 22.674930579008024], [121.47984637050173, 22.674055488162963], [121.48499770245637, 22.67730582558747], [121.48999101809338, 22.676962039898342], [121.4917608008508, 22.678899741055258], [121.49157118126965, 22.677462091809804]]], [[[120.86399357418246, 22.839447657879205], [120.86557373735872, 22.84707344952901], [120.86826001475838, 22.850511306420312], [120.86661664505506, 22.853355351666757], [120.86930292245472, 22.856605689091264], [120.86942933550883, 22.857980831847787], [120.86162332941805, 22.861387435494624], [120.85915827486306, 22.863450149629408], [120.86421479702713, 22.866669233809446], [120.8655421340952, 22.86966954527822], [120.86497327535174, 22.872232311324467], [120.85972713360653, 22.878357947239884], [120.85517626365886, 22.878732986173482], [120.8521107470969, 22.878107921284155], [120.84199770276878, 22.881233245730794], [120.83988028411258, 22.882608388487316], [120.83883737641624, 22.88463984937763], [120.83823691440926, 22.88989039444799], [120.83520300111083, 22.892734439694433], [120.83321199550872, 22.89823501072052], [120.83352802814397, 22.89982892618831], [120.82866112556107, 22.90398560770234], [120.82998846262913, 22.909548685217363], [120.8333068052993, 22.91226771748594], [120.83153702254188, 22.91954972344661], [120.82916677777747, 22.920768599980804], [120.82663851669544, 22.928613164341872], [120.82192963043016, 22.93498882621302], [120.82177161411254, 22.945114877420135], [120.82474232088391, 22.95245938986974], [120.82306734791707, 22.954928396182588], [120.8208551194703, 22.962366668365593], [120.82230886959246, 22.96371055787765], [120.82218245653836, 22.96464815521164], [120.83014647894676, 22.969992460015398], [120.8289455549328, 22.97355532988457], [120.82929319083158, 22.97511799210789], [120.83068373442669, 22.975836816730617], [120.83223229433943, 22.98005600473358], [120.84117601791712, 22.98399391353635], [120.84193449624173, 22.987869315850183], [120.84136563749827, 22.989932029984967], [120.84218732234993, 22.99121341300809], [120.84702262166932, 22.99286983496481], [120.85015134475833, 22.996401451589513], [120.85207914383338, 22.99990181496975], [120.85201593730633, 23.003339671861056], [120.85100463287351, 23.005027347062242], [120.85824178022084, 23.005058600306707], [120.86067523151229, 23.008058911775485], [120.86197096531683, 23.022060365296436], [120.86067523151229, 23.025998274099205], [120.86162332941805, 23.030748767258096], [120.863424715439, 23.032280176236952], [120.86620580262922, 23.032311429481418], [120.87265286838841, 23.034499156594066], [120.87947917330989, 23.0346554228164], [120.8801112385804, 23.036093072061853], [120.88137536912141, 23.04193742877707], [120.87976360268162, 23.04778178549229], [120.87445425440936, 23.051125882650197], [120.87372737934827, 23.05343862274071], [120.87157835742855, 23.054720005763834], [120.86930292245472, 23.059939297589725], [120.87533914578806, 23.068533939817986], [120.87805702645124, 23.07825369884704], [120.88260789639891, 23.083316724450597], [120.8835875975682, 23.086567061875105], [120.88576822275145, 23.089629879832813], [120.88554699990677, 23.092630191301588], [120.88914977194867, 23.100506008907125], [120.88813846751584, 23.10419389175416], [120.88940259805686, 23.110444540647443], [120.88674792392074, 23.11360111833855], [120.8851045542174, 23.118539130964244], [120.88504134769036, 23.120008033454162], [120.88772762509002, 23.121789468388748], [120.88782243488059, 23.123227117634205], [120.88586303254202, 23.12950901977195], [120.88782243488059, 23.137072304932822], [120.88561020643382, 23.144604336849227], [120.88105933648616, 23.146542038006146], [120.87669808611966, 23.15154255712077], [120.88333477145999, 23.153417751788755], [120.88652670107605, 23.155824251612668], [120.88734838592771, 23.15826200468105], [120.89202566892948, 23.15904333579271], [120.89499637570086, 23.160731010993896], [120.89588126707957, 23.17141962060141], [120.89831471837103, 23.17313854904706], [120.89844113142513, 23.176263873493703], [120.90589950161711, 23.180576821230066], [120.90902822470613, 23.179795490118405], [120.91127205641644, 23.182827054831648], [120.91244137716687, 23.186733710389948], [120.91089281725414, 23.192171774927104], [120.90643675709705, 23.196703495374734], [120.90574148529949, 23.199547540621175], [120.90716363215813, 23.201141456088962], [120.90656317015116, 23.20536064409193], [120.90763768111101, 23.20707957253758], [120.91139846947054, 23.20889226071663], [120.91212534453162, 23.225143947839165], [120.91155648578817, 23.227175408729483], [120.91430596971487, 23.232550966777705], [120.91544368720179, 23.237520232647864], [120.91718186669569, 23.23833281700399], [120.91939409514247, 23.240989342783635], [120.92369213898192, 23.24180192713976], [120.92609398700985, 23.244395946430473], [120.92723170449676, 23.244645972386206], [120.92957034599763, 23.242802030962686], [120.93175097118089, 23.242583258251422], [120.93788200430481, 23.244927251586404], [120.93832444999417, 23.24755252412158], [120.94126355350203, 23.251927978346878], [120.94666771156487, 23.2531156016366], [120.95109216845843, 23.259522516752217], [120.95738121789998, 23.264147996933247], [120.9596566528738, 23.270836191249057], [120.96335423470627, 23.27211757427218], [120.966103718633, 23.276586788230876], [120.96866358297855, 23.277868171254], [120.97027534941834, 23.280618456767044], [120.97261399091921, 23.282181118990362], [120.97899785015134, 23.282243625479296], [120.98607698118103, 23.280337177566846], [120.98775195414788, 23.28083722947831], [120.99034342175696, 23.283900047436017], [120.99400940032591, 23.28446260583641], [121.00137296072732, 23.287400410816254], [121.00567100456678, 23.290619494996292], [121.00838888522996, 23.291244559885623], [121.00984263535213, 23.292494689664277], [121.01720619575354, 23.29283847535341], [121.02011369599788, 23.29455740379906], [121.0237480713033, 23.29371356619847], [121.02558106058777, 23.296026306288983], [121.03405073521257, 23.29955792291369], [121.03891763779549, 23.300651786470013], [121.04308926858084, 23.29630758548918], [121.048272203799, 23.294682416776926], [121.05105329098923, 23.292400929930878], [121.05629943273445, 23.29030696255163], [121.05750035674842, 23.287400410816254], [121.05936494929641, 23.286244040770995], [121.05990220477635, 23.283306235791155], [121.06208282995959, 23.27939958023285], [121.06066068310095, 23.27655553498641], [121.06072388962801, 23.27289890538384], [121.06173519406082, 23.272055067783246], [121.06198802016903, 23.269398542003604], [121.0628413082842, 23.268710970625342], [121.06186160711492, 23.26802339924708], [121.06239886259485, 23.265835672134433], [121.0642002486158, 23.263085386621388], [121.06615965095438, 23.257272283150634], [121.06922516751634, 23.255178315771385], [121.070046852368, 23.248740147411304], [121.0711845698549, 23.24661492678759], [121.0740288635722, 23.24442719967494], [121.0785165269928, 23.237426472914464], [121.07794766824935, 23.23442616144569], [121.07933821184446, 23.232644726511104], [121.08091837502073, 23.23373859006743], [121.08363625568391, 23.232957258955768], [121.08654375592825, 23.233863603045293], [121.0924535662075, 23.233894856289762], [121.09384410980262, 23.233176031667032], [121.09640397414817, 23.22964441504233], [121.09886902870315, 23.228050499574543], [121.10332508886023, 23.227081648996084], [121.10566373036112, 23.22414384401624], [121.1088872632407, 23.223487525882447], [121.11552394858103, 23.2250189348613], [121.12443606889519, 23.2250189348613], [121.12939778126868, 23.22330000641565], [121.13135718360725, 23.219862149524342], [121.1324000913036, 23.215486695299045], [121.13518117849382, 23.210611189162286], [121.13808867873816, 23.208079676360505], [121.13897357011687, 23.202797878045683], [121.13985846149558, 23.201547748267025], [121.14557865219368, 23.199485034132245], [121.15006631561428, 23.19857869004272], [121.15471199535251, 23.199141248443112], [121.1609062350035, 23.20595445573679], [121.16896506720246, 23.207642130937977], [121.16969194226355, 23.20707957253758], [121.1756017525428, 23.210204896984223], [121.17936254090232, 23.2086422347609], [121.18441906306639, 23.204923098669397], [121.18950718849398, 23.203704222135208], [121.19089773208908, 23.202266572889755], [121.1944056943404, 23.192515560616233], [121.1982612924905, 23.1884526388356], [121.19791365659172, 23.185952379278287], [121.1997466458762, 23.17792029545042], [121.19917778713274, 23.17507625020398], [121.20575126594602, 23.166669127442514], [121.2060989018448, 23.16338753677354], [121.21030213589368, 23.1598871733933], [121.21251436434045, 23.154761641300812], [121.21064977179246, 23.148042193740533], [121.211945505597, 23.144229297915633], [121.2145685764696, 23.1438855122265], [121.22509246322356, 23.139853843690332], [121.23106548002986, 23.139166272312075], [121.23846064369481, 23.12872768866029], [121.24500251924455, 23.128352649726693], [121.2482892586512, 23.129571526260886], [121.24939537287459, 23.131415467684402], [121.25777023770881, 23.12597740314725], [121.25957162372976, 23.121008137277087], [121.26383806430569, 23.118070332297247], [121.26421730346799, 23.115538819495466], [121.26712480371233, 23.114319942961277], [121.26737762982053, 23.109381930335584], [121.26434371652209, 23.103912612553962], [121.27098040186243, 23.100912301085188], [121.27233934219402, 23.09784948312748], [121.27470958695842, 23.098505801261275], [121.27862839163558, 23.101099820551987], [121.28109344619055, 23.104037625531827], [121.2828948322115, 23.103787599576098], [121.28441178886072, 23.106569138333608], [121.28735089236858, 23.106725404555938], [121.29139611009983, 23.109381930335584], [121.2969582844803, 23.109319423846653], [121.29790638238606, 23.10994448873598], [121.29999219777874, 23.10925691735772], [121.30343695350301, 23.11116336527017], [121.31241228034422, 23.110944592558905], [121.31576222627791, 23.109725716024716], [121.3219880691924, 23.117226494696652], [121.32293616709816, 23.123758422790132], [121.32151402023952, 23.129665285994285], [121.32214608551003, 23.132071785818198], [121.32034469948908, 23.137728623066618], [121.32382105847688, 23.14329170058164], [121.32337861278752, 23.144979375782825], [121.32448472701091, 23.14660454449508], [121.32438991722033, 23.148979791074524], [121.3272026076741, 23.152198875254566], [121.32499037922732, 23.154386602367214], [121.32227249856413, 23.15513668023441], [121.32132440065837, 23.15923085525951], [121.3175004057718, 23.164356387351997], [121.31870132978577, 23.168231789665835], [121.32189325940183, 23.169450666200024], [121.32205127571946, 23.172419724424334], [121.32391586826745, 23.174763717759312], [121.32378945521336, 23.178389094117417], [121.32846673821511, 23.179326691451408], [121.32969926549261, 23.1803580485188], [121.33124782540534, 23.178857892784414], [121.33494540723781, 23.17792029545042], [121.3352930431366, 23.181295645852792], [121.33680999978581, 23.18254577563145], [121.33636755409646, 23.183795905410104], [121.33788451074568, 23.18532731438896], [121.33823214664446, 23.190671619192717], [121.3400335326654, 23.194078222839554], [121.34211934805808, 23.195734644796275], [121.3436363047073, 23.2007351639109], [121.34373111449787, 23.20395424809094], [121.34521646788357, 23.208079676360505], [121.34689144085041, 23.209204793161298], [121.34569051683646, 23.213580247386595], [121.34657540821516, 23.21717437050023], [121.3499885606759, 23.217861941878493], [121.35169513690627, 23.220268441702405], [121.35330690334607, 23.220018415746676], [121.35716250149616, 23.223768805082642], [121.3559615774822, 23.22389381806051], [121.35438141430593, 23.225518986772762], [121.35419179472478, 23.22858180473047], [121.35318049029196, 23.229144363130867], [121.35261163154851, 23.231300836999047], [121.3534649196637, 23.23336355113383], [121.35779456676667, 23.23833281700399], [121.3578261700302, 23.240551797361107], [121.36089168659217, 23.244364693186007], [121.36152375186266, 23.246896205987788], [121.35921671362532, 23.249146439589367], [121.35950114299705, 23.252803069191938], [121.36139733880857, 23.253553147059133], [121.3629458987213, 23.25686599097257], [121.36446285537053, 23.25802236101783], [121.36575858917507, 23.25799110777336], [121.36692790992551, 23.260210088130478], [121.37037266564978, 23.26202277630953], [121.37236367125188, 23.267804626535813], [121.37381742137404, 23.268929743336606], [121.37792584563235, 23.2695860614704], [121.3786211174299, 23.274524074096092], [121.37685133467248, 23.282087359256963], [121.37732538362536, 23.28752542379412], [121.3765036987737, 23.289025579528506], [121.37716736730773, 23.291338319619022], [121.37628247592903, 23.29577628033325], [121.37817867174056, 23.29937040344689], [121.37783103584177, 23.300714292958943], [121.38415168854685, 23.308402591097682], [121.38784927037932, 23.310621571454796], [121.38895538460271, 23.31468449323543], [121.39012470535314, 23.315872116525153], [121.39025111840725, 23.320622609684047], [121.39211571095525, 23.321685219995906], [121.39770948859925, 23.321653966751438], [121.39995332030955, 23.323185375730294], [121.39960568441076, 23.326373206665867], [121.40118584758703, 23.331686258225155], [121.40317685318914, 23.33624923191725], [121.40665321217692, 23.34003087449769], [121.40978193526594, 23.34593773770184], [121.41401677257835, 23.347437893436226], [121.41679785976858, 23.349438101082075], [121.41834641968133, 23.35218838659512], [121.42258125699372, 23.35584501619769], [121.4228024798384, 23.36003295095619], [121.41796718051901, 23.36056425611212], [121.41319508772668, 23.363845846781093], [121.406115956697, 23.36550226873781], [121.40425136414899, 23.367564982872594], [121.40482022289245, 23.36925265807378], [121.40365090214202, 23.375815839411725], [121.4000165268366, 23.386473195774773], [121.40159669001287, 23.388785935865286], [121.4036192988785, 23.389379747510148], [121.4124682126656, 23.402287337474775], [121.41322669099021, 23.405193889210153], [121.41569174554519, 23.408162947434462], [121.41758794135671, 23.411944590014897], [121.4172087021944, 23.412569654904225], [121.41850443599895, 23.413851037927348], [121.41831481641779, 23.415601219617468], [121.41995818612112, 23.416882602640587], [121.41957894695881, 23.41941411544237], [121.42574158334627, 23.424852179979524], [121.42564677355568, 23.426196069491578], [121.42890190969881, 23.42938390042715], [121.4331367470112, 23.4317591470066], [121.43338957311941, 23.432853010562923], [121.43825647570232, 23.43325930274099], [121.43952060624333, 23.432696744340593], [121.4411007694196, 23.434134393586046], [121.44236489996062, 23.437197211543754], [121.44410307945452, 23.438509847811343], [121.44435590556272, 23.440947600879724], [121.44603087852957, 23.443541620170436], [121.45083457458543, 23.443197834481307], [121.45235153123464, 23.441728931991385], [121.4550378086343, 23.441135120346523], [121.45674438486468, 23.442135224169448], [121.46167449397463, 23.441478906035652], [121.46205373313694, 23.439541204878736], [121.46344427673205, 23.438853633500475], [121.46391832568493, 23.439541204878736], [121.47055501102527, 23.44079133465739], [121.47330449495198, 23.44063506843506], [121.47971995744763, 23.431259095095136], [121.48240623484729, 23.430165231538812], [121.48474487634816, 23.43097781589494], [121.48705191458552, 23.433603088430118], [121.49112873558029, 23.43525951038684], [121.49207683348605, 23.434446926030713], [121.49416264887873, 23.43532201687577], [121.49609044795378, 23.434821964964307], [121.49248767591189, 23.42682113438091], [121.48923253976878, 23.423320771000668], [121.48623022973386, 23.412882187348888], [121.48408120781413, 23.410725713480705], [121.48338593601657, 23.40581895409948], [121.48401800128708, 23.404131278898294], [121.4818057728403, 23.402099818007976], [121.48205859894851, 23.39728681836015], [121.47820300079842, 23.395505383425565], [121.47709688657503, 23.393255149823982], [121.47674925067625, 23.389504760488013], [121.47485305486472, 23.386598208752638], [121.47222998399211, 23.371534144919828], [121.47365213085075, 23.364220885714687], [121.47080783713346, 23.356657600553817], [121.47188234809333, 23.355720003219826], [121.47222998399211, 23.352407159306384], [121.4682479727879, 23.347969198592157], [121.46764751078094, 23.345625205257175], [121.4677423205715, 23.331936284180887], [121.46650979329402, 23.329811063557173], [121.46568810844235, 23.321841486218236], [121.46293862451564, 23.317778564437603], [121.4620221298734, 23.312528019367246], [121.46157968418406, 23.312965564789778], [121.46006272753483, 23.312027967455784], [121.4576608795069, 23.31374689590144], [121.45405810746502, 23.313496869945705], [121.44701057969885, 23.308902643009144], [121.44776905802345, 23.306683662652027], [121.44659973727302, 23.30490222771744], [121.44347101418401, 23.303902123894517], [121.44242810648767, 23.30249572789353], [121.44151161184543, 23.299870455358352], [121.44166962816305, 23.297151423089772], [121.4405951172032, 23.29771398149017], [121.43917297034456, 23.296870143889574], [121.43825647570232, 23.294119858376533], [121.43617066030964, 23.292463436419812], [121.43408484491697, 23.28786920948325], [121.43285231763947, 23.28811923543898], [121.42972359455047, 23.28143104112317], [121.42744815957663, 23.272648879428107], [121.4274165563131, 23.265991938356763], [121.42406661037941, 23.264241756666646], [121.42194919172321, 23.25861617266269], [121.4208114742363, 23.257616068839766], [121.4208114742363, 23.250052783678893], [121.4186940555801, 23.246927459232253], [121.41901008821536, 23.24530229052], [121.41490166395705, 23.234926213357152], [121.41512288680173, 23.230175720198257], [121.41607098470749, 23.22745668792968], [121.41796718051901, 23.228269272285807], [121.42033742528342, 23.22770671388541], [121.42036902854694, 23.22633157112889], [121.41117247886106, 23.215111656365448], [121.41016117442824, 23.214861630409718], [121.40978193526594, 23.213486487653196], [121.40282921729036, 23.212236357874538], [121.39995332030955, 23.208579728271967], [121.39830995060622, 23.20814218284944], [121.3970458200652, 23.20507936489173], [121.39609772215945, 23.199172501687578], [121.39837315713328, 23.185702353322558], [121.39932125503904, 23.18313958727631], [121.40358769561496, 23.17870162656208], [121.40396693477727, 23.176482646204967], [121.40270280423626, 23.174232412603384], [121.40295563034445, 23.171794659535003], [121.40684283175808, 23.170294503800616], [121.40775932640031, 23.166825393664844], [121.40756970681916, 23.16226241997275], [121.4050098424736, 23.154105323167016], [121.40308204339856, 23.15129253116504], [121.4003957659989, 23.15066746627571], [121.39935285830256, 23.14841723267413], [121.40109103779646, 23.146041986094684], [121.39979530399192, 23.13510335053144], [121.40295563034445, 23.12872768866029], [121.4064951958593, 23.125633617458117], [121.41114087559754, 23.123977195501396], [121.41366913667956, 23.124070955234796], [121.41635541407922, 23.126758734258907], [121.42090628402688, 23.126852493992306], [121.42315011573719, 23.127758838081835], [121.42403500711589, 23.127446305637168], [121.42460386585935, 23.125633617458117], [121.41850443599895, 23.122664559233808], [121.41543891943698, 23.123383383856535], [121.4140799791054, 23.122727065722742], [121.41313188119963, 23.123664663056733], [121.41167813107747, 23.123289624123135], [121.4124682126656, 23.12232077354468], [121.40703245133923, 23.1158826051846], [121.40292402708093, 23.11375738456088], [121.40093302147883, 23.113476105360686], [121.39755147228162, 23.11456996891701], [121.39514962425369, 23.11341359887175], [121.39161005873883, 23.10828806677926], [121.38772285732522, 23.10506898259922], [121.38705918879118, 23.101724885441314], [121.3864587267842, 23.102131177619377], [121.38528940603376, 23.100849794596254], [121.38430970486448, 23.098505801261275], [121.38503657992555, 23.097599457171746], [121.38465734076325, 23.09678687281562], [121.38295076453288, 23.095474236548032], [121.37508155191506, 23.096505593615422], [121.37103633418381, 23.09575551574823], [121.36730714908782, 23.09653684685989], [121.36348315420125, 23.09400533405811], [121.35953274626057, 23.088911055210087], [121.3578261700302, 23.08537943858538], [121.35801578961136, 23.08253539333894], [121.35507668610349, 23.07962884160356], [121.3567200558068, 23.073753231643877], [121.35412858819772, 23.071409238308895], [121.35283285439318, 23.071346731819965], [121.35267483807556, 23.07022161501917], [121.34812396812791, 23.06459603101522], [121.34651220168811, 23.05890794052233], [121.3457537233635, 23.050969616427864], [121.34373111449787, 23.048344343892687], [121.3441419569237, 23.046375389491303], [121.34328866880853, 23.043656357222726], [121.34161369584167, 23.04240622744407], [121.33873779886086, 23.034092864416003], [121.33823214664446, 23.02924861152371], [121.33924345107727, 23.029123598545844], [121.3391486412867, 23.025904514365806], [121.33662038020466, 23.025216942987544], [121.33535624966365, 23.023904306719952], [121.33513502681897, 23.021810339340703], [121.33718923894811, 23.020122664139517], [121.3344397550214, 23.018278722716], [121.33036293402664, 23.016997339692878], [121.32875116758684, 23.015184651513827], [121.32742383051877, 23.009652827243272], [121.32837192842453, 23.00921528182074], [121.32641252608596, 23.005683665196038], [121.32499037922732, 23.004496041906314], [121.3232205964699, 23.004871080839912], [121.32192486266536, 23.001777009637735], [121.3216088300301, 22.99715152945671], [121.32375785194984, 22.993869938787736], [121.32066073212434, 22.989682004029234], [121.31367641088524, 22.976805667309076], [121.3114009759114, 22.974867966152157], [121.31080051390443, 22.972899011750773], [121.29939173577175, 22.959553876363618], [121.29597858331101, 22.95674108436164], [121.2952201049864, 22.95458461049346], [121.29335551243841, 22.953615759915], [121.29370314833719, 22.95439709102666], [121.29139611009983, 22.955459701338516], [121.28659241404397, 22.951646805513615], [121.28706646299685, 22.949927877067964], [121.28798295763909, 22.950427928979426], [121.28804616416613, 22.949646597867766], [121.28681363688865, 22.948771507022705], [121.28706646299685, 22.94967785111223], [121.28586553898289, 22.950146649779228], [121.28428537580662, 22.94958409137883], [121.28257879957624, 22.94708383182152], [121.27979771238601, 22.939083001238117], [121.27888121774377, 22.931550969321712], [121.27486760327605, 22.9249565347393], [121.2728133911469, 22.91783079500096], [121.26870496688859, 22.911080094196215], [121.26219469460237, 22.906454614015185], [121.25916078130393, 22.898266263964988], [121.25558961252557, 22.895140939518345], [121.25094393278734, 22.886046245378623], [121.24711993790076, 22.881295752219728], [121.2399459970805, 22.879608077018542], [121.23811300779602, 22.87735784341696], [121.2352371108152, 22.870950928301344], [121.23507909449758, 22.86960703878929], [121.23612200219392, 22.86788811034364], [121.23337251826722, 22.864481506696798], [121.23207678446268, 22.86413772100767], [121.22556651217644, 22.867106779231978], [121.22357550657433, 22.866950513009645], [121.22025716390418, 22.86498155860826], [121.20906960861619, 22.863106363940275], [121.20445553214148, 22.860231065449366], [121.20139001557952, 22.857105741002727], [121.19879854797044, 22.85673070206913], [121.19731319458474, 22.854074176289483], [121.19146659083255, 22.84966746881972], [121.18925436238577, 22.84629211841735], [121.19001284071038, 22.843010527748376], [121.18884351995993, 22.837884995655884], [121.18789542205418, 22.835384736098572], [121.18641006866848, 22.834322125786713], [121.18625205235085, 22.832915729785725], [121.18849588406115, 22.828040223648966], [121.19241468873831, 22.82557121733612], [121.1919090365219, 22.82269591884521], [121.19358400948875, 22.82128952284422], [121.19408966170515, 22.817664146486116], [121.19772403701057, 22.815445166129003], [121.19671273257777, 22.812569867638093], [121.1975028141659, 22.81231984168236], [121.19687074889539, 22.811507257326234], [121.19712357500359, 22.809757075636114], [121.19996786872088, 22.80281885536457], [121.20088436336312, 22.795693115626232], [121.1999994719844, 22.79456799882544], [121.19870373817986, 22.794943037759037], [121.19791365659172, 22.792974083357652], [121.1952589824556, 22.791880219801328], [121.19516417266502, 22.790505077044806], [121.19273072137356, 22.789911265399944], [121.19159300388665, 22.79075510300054], [121.18789542205418, 22.790630090022674], [121.18141675303147, 22.78291053863947], [121.17939414416584, 22.767065143695], [121.17620221454978, 22.758814287155868], [121.1719989805009, 22.75481387186417], [121.16596275716755, 22.7511572422616], [121.16106425132112, 22.749750846260607], [121.15676620748167, 22.747344346436694], [121.14333482048337, 22.732780334515347], [121.13960563538738, 22.731342685269894], [121.13691935798772, 22.72909245166831], [121.12810204746414, 22.719372692639258], [121.1237091938341, 22.71624736819262], [121.11764136723724, 22.7141221475689], [121.10114446367697, 22.705152466407043], [121.0924535662075, 22.703402284716923], [121.08136082071009, 22.6982142461355], [121.07311236892996, 22.69177607777542], [121.06426345514285, 22.6820250655019], [121.05705791105906, 22.67721206585407], [121.03932848022131, 22.670336352071462], [121.03525165922655, 22.667492306825018], [121.02921543589319, 22.660897872242607], [121.0257390769054, 22.65583484663905], [121.02226271791761, 22.649240412056635], [121.01720619575354, 22.635676503958212], [121.01259211927884, 22.619518576569078], [121.00914736355458, 22.58895290348093], [121.00718796121599, 22.58617136472342], [120.99799141153011, 22.578139280895552], [120.99005899238523, 22.573263774758793], [120.98560293222815, 22.569450878933893], [120.9810520622805, 22.56257516515128], [120.97716486086688, 22.554105535900884], [120.9683475503433, 22.526883959970643], [120.95934062023855, 22.504756662888422], [120.94638328219314, 22.456876692365885], [120.94176920571844, 22.4466256281809], [120.93310991151247, 22.42321694807556], [120.92884347093656, 22.417185071893545], [120.92520909563113, 22.40896546859888], [120.92211197580565, 22.39840187196923], [120.91487482845834, 22.384931723604208], [120.90880700186146, 22.359210303408354], [120.90261276221048, 22.35255336233701], [120.89660814214065, 22.33733303228187], [120.89490156591029, 22.334645253257754], [120.8923100983012, 22.31579954684451], [120.8916780330307, 22.282952386910313], [120.89303697336229, 22.266669446543315], [120.89452232674797, 22.265138037564462], [120.89524920180907, 22.26185644689549], [120.89449072348445, 22.26088759631703], [120.8962921095054, 22.246448597373547], [120.89224689177415, 22.245511000039556], [120.89139360365897, 22.244292123505364], [120.88403004325755, 22.240604240658328], [120.88086971690501, 22.235009909898842], [120.87473868378109, 22.234259832031647], [120.87145194437444, 22.23294719576406], [120.87085148236746, 22.231415786785206], [120.86867085718421, 22.231290773807338], [120.8666798515821, 22.22979061807295], [120.8623186012156, 22.231353280296272], [120.86430960681771, 22.234291085276116], [120.86162332941805, 22.23747891621169], [120.85915827486306, 22.23844776679015], [120.85865262264666, 22.240823013369596], [120.85084661655588, 22.243667058616037], [120.84490520301311, 22.24285447425991], [120.84130243097123, 22.244573402705562], [120.83975387105848, 22.24372956510497], [120.8359298761719, 22.245479746795088], [120.83460253910384, 22.245354733817223], [120.82591164163436, 22.256637155069598], [120.8212343586326, 22.258731122448847], [120.81519813529926, 22.26323158965201], [120.81393400475824, 22.261887700139955], [120.81257506442664, 22.262137726095684], [120.80802419447899, 22.259387440582643], [120.80669685741093, 22.259793732760706], [120.79971253617181, 22.257168460225525], [120.79791115015087, 22.257949791337186], [120.79885924805663, 22.259949998983036], [120.7985748186849, 22.26357537534114], [120.7995861231177, 22.265013024586594], [120.79620457392049, 22.267950829566438], [120.79819557952258, 22.276451712061302], [120.80009177533411, 22.277295549661893], [120.8067916672015, 22.27717053668403], [120.8071709063638, 22.280295861130668], [120.80581196603221, 22.281295964953596], [120.8056855529781, 22.28379622451091], [120.8006922373411, 22.284233769933437], [120.79898566111072, 22.285390139978695], [120.79339188346673, 22.285733925667824], [120.7911164484929, 22.28810917224727], [120.79114805175642, 22.290640685049052], [120.7898839212154, 22.293297210828698], [120.7815406596447, 22.294609847096286], [120.77774826802167, 22.297985197498658], [120.77686337664295, 22.30257942443522], [120.77815911044749, 22.308517540883837], [120.78321563261156, 22.309455138217828], [120.7871344372887, 22.3092051122621], [120.79294943777738, 22.312392943197672], [120.79592014454876, 22.316205839022576], [120.79677343266395, 22.318299806401825], [120.79636259023812, 22.31989372186961], [120.79484563358889, 22.32301904631625], [120.79339188346673, 22.32364411120558], [120.7928546279868, 22.326300636985223], [120.7924753888245, 22.33564535708068], [120.78925185594491, 22.338395642593724], [120.7884933776203, 22.341583473529298], [120.78653397528173, 22.342146031929694], [120.78504862189602, 22.345521382332066], [120.78106661069182, 22.34636521993266], [120.77910720835325, 22.34792788215598], [120.77503038735848, 22.3493030249125], [120.76795125632879, 22.34739657700005], [120.76678193557835, 22.347990388644913], [120.76359000596229, 22.352240829892345], [120.76317916353646, 22.358960277452624], [120.76103014161673, 22.360429179942543], [120.75840707074413, 22.359460329364087], [120.75243405393782, 22.36055419292041], [120.74345872709661, 22.36724238723622], [120.74424880868474, 22.36952387408227], [120.74753554809139, 22.371399068750254], [120.74876807536889, 22.373243010173773], [120.74864166231478, 22.380368749912112], [120.75050625486277, 22.384087886003616], [120.75647927166908, 22.388369580495514], [120.7524024506743, 22.39205746334255], [120.75227603762019, 22.393932658010534], [120.75379299426942, 22.396432917567846], [120.75758538589247, 22.398058086280102], [120.7554995704998, 22.40302735215026], [120.75341375510712, 22.405058813040576], [120.7581226413724, 22.404902546818246], [120.76624468009842, 22.40905922833228], [120.7683304954911, 22.408621682909747], [120.77060593046492, 22.40687150121963], [120.77341862091869, 22.40693400770856], [120.77474595798675, 22.40902797508781], [120.77610489831834, 22.409684293221606], [120.77727421906879, 22.408902962109945], [120.78033973563075, 22.40946552051034], [120.78299440976687, 22.411340715178326], [120.78343685545623, 22.41262209820145], [120.78460617620667, 22.41287212415718], [120.78666038833582, 22.415903688870422], [120.78963109510721, 22.41765387056054], [120.78805093193094, 22.419872850917656], [120.78685000791698, 22.425185902476944], [120.78476419252429, 22.428123707456788], [120.7827731869222, 22.43324923954928], [120.78024492584017, 22.43715589510758], [120.77683177337943, 22.44003119359849], [120.77512519714905, 22.443312784267462], [120.77645253421713, 22.448938368271417], [120.77588367547366, 22.450344764272405], [120.77193326753299, 22.451844920006792], [120.76545459851029, 22.452876277074182], [120.75815424463592, 22.458533114322602], [120.75654247819612, 22.457407997521813], [120.75423543995878, 22.457314237788413], [120.75161236908616, 22.458408101344737], [120.75107511360623, 22.459908257079125], [120.75177038540379, 22.46456499050462], [120.75417223343172, 22.469409243396914], [120.75442505953993, 22.472440808110157], [120.75205481477552, 22.47797263238071], [120.75082228749802, 22.479160255670433], [120.75745897283836, 22.48181678145008], [120.75853348379823, 22.488411216032492], [120.76046128287328, 22.488536229010357], [120.7638428320705, 22.491161501545534], [120.7643484842869, 22.495411942792966], [120.76270511458358, 22.501100033285855], [120.75847027727117, 22.507350682179137], [120.75388780406, 22.51078853907044], [120.75309772247186, 22.517976785297716], [120.75132793971444, 22.521977200589415], [120.75167557561322, 22.525321297747322], [120.7499057928558, 22.529384219527955], [120.75003220590989, 22.53400969970898], [120.7480412003078, 22.53838515393428], [120.74396437931303, 22.543104393848708], [120.73947671589241, 22.55144901012124], [120.73906587346659, 22.553667990478356], [120.74001397137235, 22.559262321237842], [120.73963473221004, 22.562543911906815], [120.74153092802156, 22.568669547822232], [120.74794639051721, 22.571076047646145], [120.74876807536889, 22.572326177424802], [120.74908410800414, 22.578639332807015], [120.74668225997621, 22.58401489085524], [120.7457973685975, 22.589546715125792], [120.75445666280345, 22.600329084466704], [120.75407742364115, 22.60854868776137], [120.75287649962718, 22.612080304386073], [120.75489910849281, 22.6169870637673], [120.75865989685232, 22.623831524305444], [120.76103014161673, 22.62580047870683], [120.76131457098846, 22.63005091995426], [120.76763522369353, 22.636207809114143], [120.77382946334451, 22.646208847343395], [120.78131943680003, 22.654553463615926], [120.7863759589641, 22.662991839621856], [120.78624954591, 22.672055280517114], [120.79159049744578, 22.679181020255456], [120.78928345920843, 22.68383775368095], [120.7895046820531, 22.686494279460597], [120.78672359486288, 22.69274492835388], [120.78915704615433, 22.693276233509806], [120.79768992730618, 22.689119551995773], [120.80802419447899, 22.689182058484707], [120.80928832502, 22.688400727373047], [120.81146895020325, 22.692057356975617], [120.81633585278617, 22.69186983750882], [120.8188641138682, 22.690869733685894], [120.81895892365877, 22.694776389244193], [120.81987541830101, 22.69558897360032], [120.82597484816141, 22.695838999556052], [120.82869272882459, 22.697682940979572], [120.83498177826614, 22.69655782417878], [120.8367831642871, 22.69708912933471], [120.83830012093631, 22.69908933698056], [120.8380472948281, 22.701745862760202], [120.83969066453143, 22.70396484311732], [120.84022792001136, 22.706683875385895], [120.84335664310038, 22.70762147271989], [120.8425349582487, 22.70884034925408], [120.84272457782987, 22.710184238766136], [120.84424153447908, 22.71065303743313], [120.84869759463616, 22.716966192815345], [120.8550814538683, 22.717434991482342], [120.85858941611961, 22.713653348901907], [120.86140210657337, 22.716684913615147], [120.86718550379852, 22.716872433081946], [120.86911330287357, 22.71596608899242], [120.87549716210569, 22.717153712282144], [120.87944757004637, 22.716091101970285], [120.88352439104115, 22.717059952548745], [120.88728517940066, 22.722373004108032], [120.88832808709701, 22.726717205088864], [120.89142520692249, 22.72937373086851], [120.8923100983012, 22.73521808758373], [120.89471194632914, 22.737593334163176], [120.89566004423489, 22.74181252216614], [120.89414308758568, 22.74328142465606], [120.89537561486317, 22.74818818403729], [120.89414308758568, 22.7510634825282], [120.89562844097136, 22.75575146919816], [120.89445912022093, 22.759158072844997], [120.8948067561197, 22.762595929736303], [120.89202566892948, 22.763596033559228], [120.89354262557869, 22.7667838644948], [120.90033732723666, 22.76940913702998], [120.90115901208831, 22.772096916054092], [120.90318162095393, 22.77384709774421], [120.9038768927515, 22.775816052145593], [120.90324482748099, 22.78047278557109], [120.90419292538675, 22.78319181783967], [120.90169626756824, 22.787536018820497], [120.90330803400803, 22.79369290798038], [120.90330803400803, 22.79978729065133], [120.9009061859801, 22.804287757854492], [120.89932602280383, 22.804725303277024], [120.8965449356136, 22.807975640701528], [120.89439591369388, 22.808538199101925], [120.89120398407782, 22.8116322703041], [120.88112254301322, 22.814538822039477], [120.87729854812665, 22.81303866630509], [120.87473868378109, 22.815257646662204], [120.87170477048265, 22.814820101239672], [120.86863925392069, 22.81685156212999], [120.86506808514231, 22.82478988622446], [120.86197096531683, 22.826102522492047], [120.86165493268157, 22.826977613337107], [120.86456243292591, 22.83216565191853], [120.86525770472346, 22.836134813965764], [120.86399357418246, 22.839447657879205]]]]}}, {"type": "Feature", "properties": {"COUNTYID": "U", "name": "\u82b1\u84ee\u7e23", "tree2pv_total": 37.6, "pv_new_total": 66.0, "tree_loss_total": 1406.5, "tree_pct0": 82.98, "tree_pctN": 81.83, "pv_water": 0.0, "pv_farm": 24.1, "pv_bare": 4.2, "pv_tree": 37.6}, "geometry": {"type": "Polygon", "coordinates": [[[121.45200389533586, 24.364699747573393], [121.46496123338127, 24.3555738001892], [121.47526389729055, 24.35126085245284], [121.47886666933245, 24.351885917342166], [121.4809208814616, 24.34926064480699], [121.48550335467277, 24.34838555396193], [121.49220324654016, 24.34210365182418], [121.4981130568194, 24.33922835333327], [121.49963001346862, 24.339447126044536], [121.50437050299743, 24.342947489424773], [121.50809968809342, 24.343135008891572], [121.51009069369553, 24.341103548001254], [121.51369346573742, 24.340822268801055], [121.5155264550219, 24.341791119379515], [121.51846555852975, 24.341134801245722], [121.52216314036222, 24.343041249158173], [121.52456498839015, 24.34263495698011], [121.52775691800622, 24.339165846844338], [121.53088564109524, 24.33860328844394], [121.53325588585965, 24.33707187946509], [121.53546811430641, 24.337384411909753], [121.54052463647048, 24.33591550941983], [121.54472787051935, 24.33782195733228], [121.54858346866945, 24.336228041864494], [121.55607344212497, 24.331165016260936], [121.55879132278815, 24.32410178301153], [121.56008705659269, 24.322632880521606], [121.56334219273582, 24.32225784158801], [121.56637610603426, 24.3191950236303], [121.56959963891384, 24.317944893851646], [121.57585708509187, 24.319663822297297], [121.57854336249153, 24.318132413318445], [121.58236735737809, 24.31781988087378], [121.58751868933274, 24.31606969918366], [121.5892252655631, 24.314006985048877], [121.59374453224724, 24.31641348487279], [121.5971892879715, 24.316288471894925], [121.60313070151427, 24.31319440069275], [121.60565896259631, 24.309506517845715], [121.60701790292791, 24.312663095536823], [121.60512170711638, 24.315413381049865], [121.6046476581635, 24.318288679540775], [121.60110809264866, 24.320570166386823], [121.6010448861216, 24.323695490833465], [121.596557222701, 24.32816470479216], [121.59567233132229, 24.3314775487056], [121.59674684228214, 24.333258983640185], [121.59848502177604, 24.333696529062717], [121.5994331196818, 24.33338399661805], [121.60047602737815, 24.33113376301647], [121.60395238636593, 24.328977289148288], [121.60644904418444, 24.330071152704612], [121.60758676167136, 24.33522793804157], [121.61128434350383, 24.33600926915323], [121.61314893605183, 24.335540470486233], [121.61570880039739, 24.33322773039572], [121.61732056683718, 24.33357151608485], [121.61839507779705, 24.334384100440978], [121.61826866474294, 24.33629054835343], [121.61649888198552, 24.336915613242756], [121.61611964282321, 24.338040730043545], [121.61880592022287, 24.34541649573762], [121.62029127360856, 24.34532273600422], [121.62291434448117, 24.339447126044536], [121.62746521442882, 24.341103548001254], [121.62806567643581, 24.33860328844394], [121.62667513284069, 24.335634230219632], [121.62936141024035, 24.33347775635145], [121.63296418228225, 24.33494665884137], [121.63296418228225, 24.33991592471153], [121.63173165500476, 24.34194738560185], [121.63147882889655, 24.34426012569236], [121.63530282378312, 24.344822684092758], [121.63593488905363, 24.346135320360347], [121.63511320420197, 24.34835430071746], [121.63223730722116, 24.34922939156252], [121.63002507877438, 24.34844806045086], [121.62932980697683, 24.349479417518253], [121.62676994263127, 24.349823203207382], [121.62689635568537, 24.35413615094375], [121.62228227921067, 24.356667663745526], [121.62117616498728, 24.358136566235448], [121.62149219762253, 24.359886747925568], [121.62338839343406, 24.36160567637122], [121.62338839343406, 24.362449513971814], [121.62073371929792, 24.36254327370521], [121.6217134204672, 24.366637448730312], [121.62664352957717, 24.36935648099889], [121.63094157341662, 24.370544104288612], [121.63166844847771, 24.369231468021024], [121.63059393751784, 24.367637552553237], [121.6309099701531, 24.36610614357438], [121.6347655683032, 24.366543688996913], [121.63501839441139, 24.363730896994934], [121.63833673708156, 24.362324500993946], [121.63868437298034, 24.360918104992958], [121.64029613942013, 24.359542962236436], [121.64061217205538, 24.35698019619019], [121.64889222709904, 24.34941691102932], [121.65050399353883, 24.349791949962917], [121.65072521638352, 24.350917066763706], [121.65002994458595, 24.35488622881094], [121.6479757324568, 24.356667663745526], [121.64819695530149, 24.35838659219118], [121.65066200985646, 24.3598554946811], [121.65328508072908, 24.35663641050106], [121.65394874926311, 24.352167196542364], [121.6559397548652, 24.353198553609754], [121.65745671151443, 24.352948527654025], [121.65865763552839, 24.351292105697304], [121.66020619544113, 24.35116709271944], [121.66137551619157, 24.35201093032003], [121.661280706401, 24.352917274409556], [121.66324010873957, 24.35279226143169], [121.6639037772736, 24.349198138318055], [121.66646364161916, 24.34751046311687], [121.66927633207293, 24.34297874266924], [121.67395361507468, 24.34341628809177], [121.67354277264884, 24.3398534182226], [121.67439606076404, 24.33819699626588], [121.67594462067677, 24.337478171643152], [121.68400345287576, 24.34079101555659], [121.68574163236964, 24.340666002578725], [121.68681614332951, 24.339165846844338], [121.68725858901887, 24.334852899107972], [121.68814348039757, 24.33382154204058], [121.69496978531906, 24.334852899107972], [121.69730842681994, 24.33429034070758], [121.70644176997878, 24.329071048881687], [121.71434258586012, 24.326727055546705], [121.72347592901896, 24.325508179012516], [121.72777397285842, 24.325976977679513], [121.73516913652335, 24.323070425944138], [121.74003603910627, 24.3235704778556], [121.74474492537155, 24.32285165323287], [121.75909280701208, 24.314194504515676], [121.77015394924597, 24.313131894203817], [121.77271381359152, 24.31363194611528], [121.77404115065958, 24.315288368072], [121.77385153107844, 24.31241306958109], [121.77299824296325, 24.30875643997852], [121.76952188397546, 24.302693310552037], [121.76320123127037, 24.297474018726145], [121.75097076828605, 24.285035227428516], [121.7473047897171, 24.277534448756576], [121.74348079483053, 24.260126391588788], [121.73817144655827, 24.255875950341355], [121.72827962507482, 24.245687392645305], [121.72186416257917, 24.243624678510525], [121.71939910802419, 24.24381219797732], [121.71557511313762, 24.241686977353606], [121.71124546603464, 24.23599888686072], [121.70612573734353, 24.22562280969787], [121.6962655191236, 24.22074730356111], [121.69171464917595, 24.216965660980676], [121.68988165989147, 24.21649686231368], [121.68608926826843, 24.212965245688974], [121.67392201181116, 24.207558434396287], [121.67218383231726, 24.2057769994617], [121.66943434839055, 24.20055770763581], [121.66605279919332, 24.197838675367233], [121.66330331526662, 24.194150792520198], [121.65976374975178, 24.18411850104648], [121.65868923879191, 24.179086728687388], [121.65846801594724, 24.17189848246011], [121.6604274182858, 24.16242874938679], [121.66421980990886, 24.155428022626314], [121.6651363045511, 24.140520225015837], [121.6637773642195, 24.13451960207829], [121.65372752641842, 24.119986843401406], [121.64516304200305, 24.113736194508125], [121.63555564989133, 24.1087356753935], [121.63030950814611, 24.104735260101798], [121.62547420882673, 24.099078422853378], [121.62218746942008, 24.09376537129409], [121.62098654540613, 24.093265319382628], [121.61912195285812, 24.08957743653559], [121.61931157243927, 24.08801477431227], [121.61621445261379, 24.07860754772788], [121.61567719713386, 24.07085674310021], [121.61649888198552, 24.061480769760287], [121.61890073001345, 24.053136153487756], [121.62850812212517, 24.033227836762652], [121.63647214453357, 24.023883116667196], [121.64367768861736, 24.019382649464035], [121.64791252592975, 24.008944065812255], [121.64314043313742, 23.999599345716796], [121.64168668301525, 23.997411618604147], [121.64212912870461, 23.999786865183594], [121.64140225364352, 23.99897428082747], [121.63953766109553, 23.995411410958297], [121.63482877483024, 23.984629041617385], [121.63498679114787, 23.97981604196956], [121.62828689928048, 23.96943996480671], [121.62658032305012, 23.973752912543077], [121.62218746942008, 23.97787834081264], [121.61583521345149, 23.97319035414268], [121.60787119104309, 23.960189004444654], [121.60692309313733, 23.952781985506114], [121.60802920736072, 23.949062849414613], [121.60983059338166, 23.947906479369355], [121.60919852811115, 23.94559373927884], [121.61185320224729, 23.933311214203542], [121.61160037613908, 23.93193607144702], [121.60995700643576, 23.930373409223698], [121.60919852811115, 23.923903987619152], [121.60600659849509, 23.91590315703575], [121.60493208753522, 23.90815235240808], [121.60569056585983, 23.899401443957487], [121.60496369079875, 23.893650846975667], [121.59826379893137, 23.857022044461036], [121.59393415182839, 23.844583253163403], [121.58587531962941, 23.82930041661933], [121.58337866181091, 23.81983068354601], [121.58126124315471, 23.81598653447664], [121.5765207536259, 23.810892255628616], [121.57285477505695, 23.800422418732367], [121.5708005629278, 23.782358043430783], [121.57124300861716, 23.766137609552718], [121.57209629673234, 23.762574739683547], [121.57317080769221, 23.76235596697228], [121.57244393263112, 23.75660536999046], [121.57159064451594, 23.755824038878803], [121.56982086175852, 23.749448377007653], [121.56745061699411, 23.746604331761212], [121.56789306268347, 23.744791643582158], [121.56700817130476, 23.74260391646951], [121.56400586126985, 23.739228566067137], [121.56318417641819, 23.735790709175834], [121.56112996428904, 23.733321702862987], [121.56002385006565, 23.729258781082354], [121.55891773584226, 23.728789982415357], [121.55654749107785, 23.724789567123658], [121.55367159409704, 23.724383274945595], [121.55221784397487, 23.72275810623334], [121.54987920247399, 23.71656996382899], [121.54927874046702, 23.711756964181163], [121.54984759921047, 23.702943549241635], [121.55066928406212, 23.700443289684323], [121.55294471903596, 23.699380679372467], [121.55335556146179, 23.698349322305074], [121.55070088732566, 23.692442459100924], [121.54618162064152, 23.67522192139993], [121.54656085980383, 23.67194033073096], [121.54529672926282, 23.66853372708412], [121.54535993578986, 23.664564565036887], [121.54099868542336, 23.66053289650072], [121.54377977261359, 23.656032429297557], [121.54340053345129, 23.653313397028978], [121.53989257119997, 23.651563215338857], [121.53587895673225, 23.645625098890243], [121.53123327699402, 23.62646686003233], [121.52981113013537, 23.609058802864542], [121.5304747986694, 23.601808050148335], [121.5294634942366, 23.597807634856633], [121.53006395624358, 23.597182569967305], [121.52595553198528, 23.581368428267304], [121.52665080378283, 23.57833686355406], [121.52627156462053, 23.576399162397145], [121.52311123826799, 23.571586162749316], [121.5220051240446, 23.567085695546155], [121.51859197158386, 23.56346031918805], [121.51132322097303, 23.551490326557417], [121.50727800324177, 23.535988717302075], [121.5070567803971, 23.534176029123024], [121.50803648156638, 23.531488250098914], [121.50538180743024, 23.529394282719664], [121.50348561161873, 23.520174575602073], [121.5054450139573, 23.511267400929146], [121.50528699763967, 23.50929844652776], [121.50440210626095, 23.5084233556827], [121.50497096500442, 23.50548555070286], [121.50598226943723, 23.50548555070286], [121.50772044893112, 23.491234071226177], [121.51173406339885, 23.492234175049102], [121.51284017762224, 23.491265324470643], [121.51394629184563, 23.487171149445544], [121.51271376456813, 23.485420967755424], [121.51223971561525, 23.48163932517499], [121.50971145453322, 23.479420344817875], [121.50809968809342, 23.471732046679136], [121.50414928015276, 23.468481709254633], [121.50177903538835, 23.460168346226567], [121.49981963304978, 23.456167930934864], [121.49609044795378, 23.434821964964307], [121.49416264887873, 23.43532201687577], [121.49207683348605, 23.434446926030713], [121.49112873558029, 23.43525951038684], [121.48705191458552, 23.433603088430118], [121.48474487634816, 23.43097781589494], [121.48240623484729, 23.430165231538812], [121.47971995744763, 23.431259095095136], [121.47330449495198, 23.44063506843506], [121.47055501102527, 23.44079133465739], [121.46391832568493, 23.439541204878736], [121.46344427673205, 23.438853633500475], [121.46205373313694, 23.439541204878736], [121.46167449397463, 23.441478906035652], [121.45674438486468, 23.442135224169448], [121.4550378086343, 23.441135120346523], [121.45235153123464, 23.441728931991385], [121.45083457458543, 23.443197834481307], [121.44603087852957, 23.443541620170436], [121.44435590556272, 23.440947600879724], [121.44410307945452, 23.438509847811343], [121.44236489996062, 23.437197211543754], [121.4411007694196, 23.434134393586046], [121.43952060624333, 23.432696744340593], [121.43825647570232, 23.43325930274099], [121.43338957311941, 23.432853010562923], [121.4331367470112, 23.4317591470066], [121.42890190969881, 23.42938390042715], [121.42564677355568, 23.426196069491578], [121.42574158334627, 23.424852179979524], [121.41957894695881, 23.41941411544237], [121.41995818612112, 23.416882602640587], [121.41831481641779, 23.415601219617468], [121.41850443599895, 23.413851037927348], [121.4172087021944, 23.412569654904225], [121.41758794135671, 23.411944590014897], [121.41569174554519, 23.408162947434462], [121.41322669099021, 23.405193889210153], [121.4124682126656, 23.402287337474775], [121.4036192988785, 23.389379747510148], [121.40159669001287, 23.388785935865286], [121.4000165268366, 23.386473195774773], [121.4000165268366, 23.385223065996115], [121.40365090214202, 23.375815839411725], [121.40482022289245, 23.36925265807378], [121.40425136414899, 23.367564982872594], [121.406115956697, 23.36550226873781], [121.41319508772668, 23.363845846781093], [121.41796718051901, 23.36056425611212], [121.4228024798384, 23.36003295095619], [121.42258125699372, 23.35584501619769], [121.41834641968133, 23.35218838659512], [121.41679785976858, 23.349438101082075], [121.41401677257835, 23.347437893436226], [121.40978193526594, 23.34593773770184], [121.40665321217692, 23.34003087449769], [121.40317685318914, 23.33624923191725], [121.40118584758703, 23.331686258225155], [121.39960568441076, 23.326373206665867], [121.39995332030955, 23.323185375730294], [121.39770948859925, 23.321653966751438], [121.39211571095525, 23.321685219995906], [121.39025111840725, 23.320622609684047], [121.39012470535314, 23.315872116525153], [121.38895538460271, 23.31468449323543], [121.38784927037932, 23.310621571454796], [121.38415168854685, 23.308402591097682], [121.37783103584177, 23.300714292958943], [121.37817867174056, 23.29937040344689], [121.37628247592903, 23.29577628033325], [121.37716736730773, 23.291338319619022], [121.3765036987737, 23.289025579528506], [121.37732538362536, 23.28752542379412], [121.37685133467248, 23.282087359256963], [121.3786211174299, 23.274524074096092], [121.37792584563235, 23.2695860614704], [121.37381742137404, 23.268929743336606], [121.37236367125188, 23.267804626535813], [121.37037266564978, 23.26202277630953], [121.36692790992551, 23.260210088130478], [121.36575858917507, 23.25799110777336], [121.36446285537053, 23.25802236101783], [121.3629458987213, 23.25686599097257], [121.36139733880857, 23.253553147059133], [121.35950114299705, 23.252803069191938], [121.35921671362532, 23.249146439589367], [121.36152375186266, 23.246896205987788], [121.36089168659217, 23.244364693186007], [121.3578261700302, 23.240551797361107], [121.35779456676667, 23.23833281700399], [121.3534649196637, 23.23336355113383], [121.35261163154851, 23.231300836999047], [121.35318049029196, 23.229144363130867], [121.35419179472478, 23.22858180473047], [121.35438141430593, 23.225518986772762], [121.3559615774822, 23.22389381806051], [121.35716250149616, 23.223768805082642], [121.35330690334607, 23.220018415746676], [121.35169513690627, 23.220268441702405], [121.3499885606759, 23.217861941878493], [121.34657540821516, 23.21717437050023], [121.34569051683646, 23.213580247386595], [121.34689144085041, 23.209204793161298], [121.34521646788357, 23.208079676360505], [121.34373111449787, 23.20395424809094], [121.3436363047073, 23.2007351639109], [121.34211934805808, 23.195734644796275], [121.3400335326654, 23.194078222839554], [121.33823214664446, 23.190671619192717], [121.33788451074568, 23.18532731438896], [121.33636755409646, 23.183795905410104], [121.33680999978581, 23.18254577563145], [121.3352930431366, 23.181295645852792], [121.33494540723781, 23.17792029545042], [121.33124782540534, 23.178857892784414], [121.32969926549261, 23.1803580485188], [121.32846673821511, 23.179326691451408], [121.32378945521336, 23.178389094117417], [121.32391586826745, 23.174763717759312], [121.32205127571946, 23.172419724424334], [121.32189325940183, 23.169450666200024], [121.31870132978577, 23.168231789665835], [121.3175004057718, 23.164356387351997], [121.32132440065837, 23.15923085525951], [121.32227249856413, 23.15513668023441], [121.32499037922732, 23.154386602367214], [121.3272026076741, 23.152198875254566], [121.32438991722033, 23.148979791074524], [121.32448472701091, 23.14660454449508], [121.32337861278752, 23.144979375782825], [121.32382105847688, 23.14329170058164], [121.32034469948908, 23.137728623066618], [121.32214608551003, 23.132071785818198], [121.32151402023952, 23.129665285994285], [121.32293616709816, 23.123758422790132], [121.3219880691924, 23.117226494696652], [121.31576222627791, 23.109725716024716], [121.31241228034422, 23.110944592558905], [121.30343695350301, 23.11116336527017], [121.29999219777874, 23.10925691735772], [121.29790638238606, 23.10994448873598], [121.2969582844803, 23.109319423846653], [121.29139611009983, 23.109381930335584], [121.28735089236858, 23.106725404555938], [121.28441178886072, 23.106569138333608], [121.2828948322115, 23.103787599576098], [121.28109344619055, 23.104037625531827], [121.27862839163558, 23.101099820551987], [121.27470958695842, 23.098505801261275], [121.27233934219402, 23.09784948312748], [121.27098040186243, 23.100912301085188], [121.26434371652209, 23.103912612553962], [121.26737762982053, 23.109381930335584], [121.26712480371233, 23.114319942961277], [121.26421730346799, 23.115538819495466], [121.26383806430569, 23.118070332297247], [121.25957162372976, 23.121008137277087], [121.25777023770881, 23.12597740314725], [121.24939537287459, 23.131415467684402], [121.2482892586512, 23.129571526260886], [121.24500251924455, 23.128352649726693], [121.23846064369481, 23.12872768866029], [121.23106548002986, 23.139166272312075], [121.22509246322356, 23.139853843690332], [121.2145685764696, 23.1438855122265], [121.211945505597, 23.144229297915633], [121.21064977179246, 23.148042193740533], [121.21251436434045, 23.154761641300812], [121.21030213589368, 23.1598871733933], [121.2060989018448, 23.16338753677354], [121.20575126594602, 23.166669127442514], [121.19917778713274, 23.17507625020398], [121.1997466458762, 23.17792029545042], [121.19791365659172, 23.185952379278287], [121.1982612924905, 23.1884526388356], [121.1944056943404, 23.192515560616233], [121.19089773208908, 23.202266572889755], [121.18950718849398, 23.203704222135208], [121.18441906306639, 23.204923098669397], [121.17936254090232, 23.2086422347609], [121.1756017525428, 23.210204896984223], [121.16969194226355, 23.20707957253758], [121.16896506720246, 23.207642130937977], [121.1609062350035, 23.20595445573679], [121.15471199535251, 23.199141248443112], [121.15006631561428, 23.19857869004272], [121.14557865219368, 23.199485034132245], [121.13985846149558, 23.201547748267025], [121.13897357011687, 23.202797878045683], [121.13808867873816, 23.208079676360505], [121.13518117849382, 23.210611189162286], [121.1324000913036, 23.215486695299045], [121.13135718360725, 23.219862149524342], [121.12939778126868, 23.22330000641565], [121.12443606889519, 23.2250189348613], [121.11552394858103, 23.2250189348613], [121.1088872632407, 23.223487525882447], [121.10566373036112, 23.22414384401624], [121.10332508886023, 23.227081648996084], [121.09886902870315, 23.228050499574543], [121.09640397414817, 23.22964441504233], [121.09384410980262, 23.233176031667032], [121.0924535662075, 23.233894856289762], [121.08654375592825, 23.233863603045293], [121.08363625568391, 23.232957258955768], [121.08091837502073, 23.23373859006743], [121.07933821184446, 23.232644726511104], [121.07794766824935, 23.23442616144569], [121.0785165269928, 23.237426472914464], [121.0740288635722, 23.24442719967494], [121.0711845698549, 23.24661492678759], [121.070046852368, 23.248740147411304], [121.06922516751634, 23.255178315771385], [121.06615965095438, 23.257272283150634], [121.0642002486158, 23.263085386621388], [121.06239886259485, 23.265835672134433], [121.06186160711492, 23.26802339924708], [121.0628413082842, 23.268710970625342], [121.06198802016903, 23.269398542003604], [121.06173519406082, 23.272055067783246], [121.06072388962801, 23.27289890538384], [121.06066068310095, 23.27655553498641], [121.06208282995959, 23.27939958023285], [121.05990220477635, 23.283306235791155], [121.05936494929641, 23.286244040770995], [121.05750035674842, 23.287400410816254], [121.05629943273445, 23.29030696255163], [121.05105329098923, 23.292400929930878], [121.048272203799, 23.294682416776926], [121.04308926858084, 23.29630758548918], [121.03891763779549, 23.300651786470013], [121.02829894125095, 23.297120169845307], [121.03136445781291, 23.300433013758745], [121.03190171329285, 23.303652097938787], [121.03427195805726, 23.304214656339184], [121.03623136039583, 23.303745857672187], [121.04169872498572, 23.30702744834116], [121.04577554598049, 23.308183818386418], [121.04811418748137, 23.31459073350203], [121.04713448631209, 23.31999754479472], [121.04903068212361, 23.32468553146468], [121.04561752966286, 23.327498323466656], [121.0394232900119, 23.329123492178912], [121.0364525832405, 23.333530199648674], [121.03278660467156, 23.333936491826737], [121.03149087086702, 23.336405498139584], [121.02700320744641, 23.337624374673773], [121.02472777247259, 23.339874608275355], [121.02226271791761, 23.34828173103682], [121.02005048947083, 23.35037569841607], [121.01828070671341, 23.350250685438205], [121.01755383165232, 23.34809421157002], [121.01521519015145, 23.346312776635436], [121.01009546146034, 23.345906484457373], [121.00753559711478, 23.349188075126346], [121.0075672003783, 23.35203212037279], [121.00285831411301, 23.355032431841565], [121.00004562365926, 23.356532587575952], [120.99467306885994, 23.35637632135362], [120.98708828561385, 23.3587203146886], [120.9867722529786, 23.365752294693543], [120.98809959004666, 23.370690307319236], [120.99116510660862, 23.371409131941963], [120.9938829872718, 23.375940852389594], [121.00007722692278, 23.382379020749674], [121.005323368668, 23.3833791245726], [121.00772521669593, 23.384660507595722], [121.00769361343241, 23.38666071524157], [121.00371160222821, 23.38894220208762], [121.00112013461911, 23.391754994089595], [121.00320595001179, 23.39478655880284], [121.00642948289139, 23.396567993737424], [121.00804124933119, 23.39659924698189], [121.00879972765578, 23.39553663667003], [121.01047470062264, 23.395099091247502], [121.01464633140799, 23.396567993737424], [121.0191339948286, 23.401443499874183], [121.021504239593, 23.400037103873196], [121.02264195707991, 23.400287129828925], [121.02596029975008, 23.40294365560857], [121.02833054451447, 23.403756239964697], [121.02665557154764, 23.406037726810744], [121.02741404987225, 23.409694356413315], [121.027098017237, 23.41278842761549], [121.02488578879021, 23.41460111579454], [121.02776168577103, 23.41625753775126], [121.02937345221082, 23.420226699798494], [121.02924703915672, 23.42278946584474], [121.02270516360696, 23.424820926735055], [121.02109339716716, 23.429352647182686], [121.01657413048304, 23.43097781589494], [121.0141722824551, 23.430946562650472], [121.01287654865057, 23.43307178327419], [121.01445671182684, 23.435009484431106], [121.01850192955808, 23.4359470817651], [121.0218834787553, 23.43888488674494], [121.02652915849353, 23.439134912700673], [121.02864657714973, 23.44160391901352], [121.03272339814451, 23.442979061770043], [121.03376630584084, 23.44419793830423], [121.03354508299617, 23.445448068082886], [121.04394255669602, 23.448948431463126], [121.04647081777806, 23.450854879375576], [121.05206459542205, 23.45101114559791], [121.05332872596307, 23.453480151910753], [121.05323391617249, 23.455449106312138], [121.05566736746394, 23.459043229425774], [121.05816402528245, 23.460043333248702], [121.05901731339763, 23.46188727467222], [121.0517485627868, 23.464075001784867], [121.04966274739412, 23.467825391120837], [121.0444166056489, 23.470106877966884], [121.03898084432254, 23.47373225432499], [121.03901244758606, 23.474451078947716], [121.04495386112883, 23.480545461618664], [121.04874625275188, 23.482701935486848], [121.05010519308348, 23.486546084556217], [121.05332872596307, 23.487483681890208], [121.05415041081473, 23.48992143495859], [121.05282307374667, 23.49354681131669], [121.05408720428767, 23.495609525451474], [121.05724753064021, 23.496203337096336], [121.06208282995959, 23.499453674520844], [121.06296772133831, 23.50382912874614], [121.06600163463675, 23.50611061559219], [121.06875111856345, 23.514767764309383], [121.06852989571878, 23.51845564715642], [121.07500856474148, 23.51742429008903], [121.08275136430521, 23.514705257820452], [121.088092315841, 23.514048939686656], [121.09210593030872, 23.514861524042782], [121.09311723474153, 23.517549303066893], [121.09757329489861, 23.52167473133646], [121.10101805062288, 23.521237185913932], [121.10367272475901, 23.518924445823416], [121.10961413830178, 23.51898695231235], [121.1154923453175, 23.520237082091004], [121.11808381292659, 23.521612224847527], [121.12045405769099, 23.521018413202665], [121.12636386797024, 23.51704925115543], [121.12826006378177, 23.518486900400887], [121.13113596076258, 23.517486796577963], [121.13224207498597, 23.515080296754046], [121.13556041765614, 23.51523656297638], [121.13834150484637, 23.5206121210246], [121.14437772817972, 23.52558138689476], [121.14693759252528, 23.527206555607016], [121.15063517435775, 23.52655023747322], [121.15110922331063, 23.527269062095947], [121.14911821770852, 23.531644516321244], [121.14690598926174, 23.534082269389625], [121.14829653285686, 23.536363756235673], [121.14839134264744, 23.539239054726583], [121.15104601678357, 23.544364586819075], [121.1495922666614, 23.54892756051117], [121.14633713051829, 23.554896930204254], [121.14997150582371, 23.5573659365171], [121.15205732121639, 23.560553767452674], [121.15714544664397, 23.55955366362975], [121.15803033802268, 23.56405413083291], [121.16033737626003, 23.56780452016888], [121.16033737626003, 23.569773474570265], [121.15341626154797, 23.571679922482716], [121.15193090816229, 23.57389890283983], [121.15199411468933, 23.581274668533904], [121.15338465828445, 23.58677523955999], [121.15556528346771, 23.58705651876019], [121.15818835434031, 23.585712629248135], [121.16049539257766, 23.587025265515724], [121.16675283875568, 23.58715027849359], [121.16940751289182, 23.586556466848727], [121.17108248585866, 23.584431246225012], [121.17538052969812, 23.583712421602282], [121.17718191571907, 23.582618558045958], [121.17882528542239, 23.58311860995742], [121.17999460617283, 23.587462810938252], [121.1798365898552, 23.590088083473432], [121.18230164441019, 23.591244453518687], [121.18362898147825, 23.59321340792007], [121.1894123787034, 23.594838576632327], [121.1909293353526, 23.5979326478345], [121.19367881927933, 23.600339147658413], [121.19456371065803, 23.600526667125212], [121.2001258850385, 23.596401238855645], [121.2017376514783, 23.596776277789242], [121.20625691816242, 23.595776173966318], [121.20812151071043, 23.5982139270347], [121.21311482634744, 23.60008912170268], [121.2159275168012, 23.60724611468549], [121.21731806039631, 23.614684386868497], [121.21994113126893, 23.61690336722561], [121.22379672941902, 23.62359156154142], [121.22474482732478, 23.626810645721463], [121.2242707783719, 23.639124424041228], [121.22771553409616, 23.64518755346771], [121.2302437951782, 23.64796909222522], [121.23191876814505, 23.657876370721073], [121.23542673039637, 23.66140798734578], [121.23599558913982, 23.6705026814855], [121.23463664880823, 23.67384677864341], [121.23264564320613, 23.67628453171179], [121.23270884973319, 23.678034713401907], [121.23738613273494, 23.685097946651318], [121.23931393180999, 23.686754368608035], [121.23937713833703, 23.694692692702503], [121.24121012762151, 23.69847433528294], [121.23934553507351, 23.69975571830606], [121.24111531783093, 23.70578759448808], [121.24114692109445, 23.70900667866812], [121.23925072528293, 23.710975633069502], [121.23890308938415, 23.71394469129381], [121.23956675791818, 23.715413593783733], [121.2378285784243, 23.719851554497964], [121.23940874160056, 23.72432076845666], [121.23621681198449, 23.724352021701126], [121.233720154166, 23.727571105881168], [121.23315129542253, 23.730040112194015], [121.23226640404383, 23.729540060282552], [121.22964333317121, 23.73016512517188], [121.22967493643475, 23.733165436640654], [121.22866363200193, 23.73485311184184], [121.22879004505603, 23.744291591670695], [121.23008577886057, 23.747198143406074], [121.23308808889549, 23.747948221273266], [121.23251923015202, 23.75060474705291], [121.22929569727243, 23.752261169009632], [121.22525047954119, 23.75176111709817], [121.22148969118166, 23.752729967676625], [121.21864539746439, 23.756386597279196], [121.21314642961096, 23.75760547381339], [121.21096580442772, 23.761105837193625], [121.20647814100711, 23.76288727212821], [121.20862716292683, 23.76601259657485], [121.20663615732474, 23.767387739331372], [121.20464515172263, 23.772419511690465], [121.2066045540612, 23.77341961551339], [121.20695218995999, 23.775107290714576], [121.20922762493382, 23.775982381559636], [121.21172428275231, 23.775576089381573], [121.21829776156561, 23.779701517651137], [121.21940387578898, 23.781639218808056], [121.22629338723752, 23.78367067969837], [121.23052822454993, 23.7882961598794], [121.23033860496878, 23.79029636752525], [121.22705186556213, 23.791296471348176], [121.2263881970281, 23.793421691971893], [121.22657781660925, 23.796078217751536], [121.2255033056494, 23.79823469161972], [121.22648300681868, 23.8043915807796], [121.22790515367733, 23.805329178113595], [121.2276207243056, 23.808610768782568], [121.22923249074539, 23.808829541493832], [121.23052822454993, 23.81023593749482], [121.2321083877262, 23.810360950472685], [121.23457344228117, 23.81217363865174], [121.23469985533528, 23.817517943455496], [121.2380814045325, 23.82154961199166], [121.2390927089653, 23.82183089119186], [121.23694368704558, 23.823799845593243], [121.23669086093737, 23.82520624159423], [121.23811300779602, 23.83017550746439], [121.23773376863372, 23.832488247554906], [121.23928232854647, 23.837144980980398], [121.23931393180999, 23.840114039204707], [121.24348556259534, 23.84498954534147], [121.24449686702815, 23.848927454144235], [121.2489213239217, 23.852146538324277], [121.2487949108676, 23.853896720014394], [121.25021705772625, 23.85664700552744], [121.25037507404387, 23.860834940285937], [121.2521448568013, 23.861303738952934], [121.25296654165295, 23.86367898553238], [121.25306135144353, 23.867898173535348], [121.25691694959363, 23.869460835758666], [121.25795985728996, 23.872336134249576], [121.26526021116433, 23.872898692649972], [121.26292156966345, 23.879493127232383], [121.2633640153528, 23.881212055678038], [121.26551303727254, 23.883149756834953], [121.26829412446277, 23.88343103603515], [121.26740923308405, 23.888994113550172], [121.26551303727254, 23.891244347151755], [121.26605029275247, 23.8941821521316], [121.26522860790081, 23.896401132488712], [121.26652434170535, 23.898432593379027], [121.26235271092, 23.899245177735157], [121.26270034681878, 23.900151521824682], [121.26105697711546, 23.90258927489306], [121.26627151559714, 23.907277261563024], [121.27044314638249, 23.906495930451364], [121.27489920653957, 23.90755854076322], [121.27610013055354, 23.910121306809465], [121.27543646201951, 23.91468428050156], [121.27622654360763, 23.91643446219168], [121.27524684243835, 23.91740331277014], [121.27515203264778, 23.91887221526006], [121.27651097297937, 23.923185162996425], [121.27341385315388, 23.928498214555713], [121.27486760327605, 23.93156103251342], [121.27369828252561, 23.934123798559668], [121.27385629884324, 23.936217765938917], [121.27208651608582, 23.938217973584766], [121.27404591842439, 23.941999616165205], [121.27350866294447, 23.943718544610856], [121.27429874453259, 23.945718752256706], [121.27183368997761, 23.948219011814018], [121.27470958695842, 23.95143809599406], [121.27581570118181, 23.95587605670829], [121.27524684243835, 23.96040777715592], [121.27793311983801, 23.965845841693074], [121.27559447833714, 23.968377354494855], [121.27508882612072, 23.971877717875092], [121.27319263030921, 23.97537808125533], [121.26488097200203, 23.97537808125533], [121.26402768388684, 23.976315678589323], [121.26127819996013, 23.982441314504737], [121.2601088792097, 23.992317339756124], [121.26544983074548, 24.001036994962252], [121.27003230395667, 24.006693832210672], [121.26955825500379, 24.007881455500396], [121.2703167333284, 24.01000667612411], [121.27632135339822, 24.020163980575695], [121.27660578276995, 24.024633194534392], [121.28185192451517, 24.032133973206328], [121.28226276694099, 24.034227940585577], [121.28570752266526, 24.039728511611667], [121.28558110961116, 24.045197829393288], [121.28460140844187, 24.049166991440522], [121.28261040283977, 24.051292212064237], [121.28321086484675, 24.054261270288546], [121.28646600098986, 24.05798040638005], [121.28943670776125, 24.058886750469576], [121.29553613762165, 24.063793509850804], [121.29891768681887, 24.06163703598262], [121.29989738798815, 24.06216834113855], [121.30233083927962, 24.066356275897046], [121.30606002437561, 24.069512853588154], [121.30817744303181, 24.07332574941306], [121.31838529715051, 24.080045196973334], [121.32312578667933, 24.084951956354562], [121.32328380299695, 24.08654587182235], [121.32113478107722, 24.08888986515733], [121.31920698200217, 24.092765267471165], [121.31914377547513, 24.095390540006342], [121.32524320533552, 24.101828708366423], [121.32691817830236, 24.110267084372353], [121.32808749905281, 24.111454707662077], [121.32840353168807, 24.11464253859765], [121.32530641186257, 24.11595517486524], [121.315888639332, 24.116423973532235], [121.31162219875608, 24.120174362868205], [121.3035633665571, 24.124581070337968], [121.30147755116442, 24.127487622073346], [121.29585217025691, 24.132425634699036], [121.28137787556228, 24.135863491590342], [121.28422216927956, 24.14583327657513], [121.28469621823244, 24.15205267222394], [121.28321086484675, 24.153834107158527], [121.28103023966351, 24.154490425292323], [121.28033496786594, 24.157865775694695], [121.28782494132146, 24.1572094575609], [121.28839380006492, 24.158240814628293], [121.28769852826736, 24.173273625216634], [121.28621317488167, 24.177367800241736], [121.29171214273508, 24.177117774286003], [121.2964526322639, 24.178305397575727], [121.29879127376476, 24.180086832510312], [121.30760858428836, 24.18061813766624], [121.3110217367491, 24.18324341020142], [121.31614146544021, 24.18552489704747], [121.31734238945417, 24.188087663093714], [121.32047111254319, 24.191463013496087], [121.32299937362522, 24.19196306540755], [121.32416869437566, 24.194682097676125], [121.32574885755193, 24.196182253410512], [121.335798695353, 24.199120058390356], [121.34085521751706, 24.19846374025656], [121.34483722872126, 24.199870136257548], [121.3492300823513, 24.19962011030182], [121.34967252804064, 24.20021392194668], [121.34834519097258, 24.207339661685022], [121.34929328887834, 24.21065250559846], [121.3430042394368, 24.223560095563087], [121.34904046277013, 24.231623432635423], [121.35201116954153, 24.2340611857038], [121.35295926744729, 24.236405179038783], [121.35261163154851, 24.24384345122179], [121.3562144035904, 24.244562275844515], [121.35852144182776, 24.243593425266056], [121.36063886048396, 24.24393721095519], [121.36424163252585, 24.247062535401827], [121.36673829034436, 24.25190678829412], [121.37309054631297, 24.25409451540677], [121.37843149784875, 24.252813132383647], [121.38513138971614, 24.255125872474164], [121.38566864519606, 24.264033047147088], [121.38326679716813, 24.267970955949856], [121.38212907968122, 24.276190559244522], [121.38045410671438, 24.279472149913495], [121.38228709599885, 24.28162862378168], [121.38724880837233, 24.284722694983852], [121.3909463902048, 24.289723214098476], [121.39350625455036, 24.288254311608558], [121.39657177111233, 24.28872311027555], [121.39723543964637, 24.290535798454606], [121.40349288582439, 24.296973966814683], [121.40497823921008, 24.30494354415362], [121.40472541310187, 24.30763132317773], [121.40538908163592, 24.308287641311523], [121.41142530496926, 24.307256284244133], [121.41686106629562, 24.309193985401052], [121.42021101222932, 24.307600069933265], [121.42321332226423, 24.308225134822592], [121.42849106727297, 24.317351082206784], [121.43133536099026, 24.320226380697694], [121.43399003512639, 24.32113272478722], [121.43493813303215, 24.322539120788207], [121.43443248081574, 24.325695698479315], [121.43247307847717, 24.329602354037615], [121.43430606776164, 24.338259502754813], [121.43775082348591, 24.34244743751331], [121.43560180156618, 24.34722918391667], [121.43778242674944, 24.352073436808965], [121.43952060624333, 24.35401113796588], [121.44157481837249, 24.358605364902445], [121.44748462865174, 24.359824241436634], [121.44865394940217, 24.362762046416478], [121.45200389533586, 24.364699747573393]]]}}, {"type": "Feature", "properties": {"COUNTYID": "X", "name": "\u6f8e\u6e56\u7e23", "tree2pv_total": 0.0, "pv_new_total": 0.5, "tree_loss_total": 17.3, "tree_pct0": 17.4, "tree_pctN": 33.44, "pv_water": 0.0, "pv_farm": 0.5, "pv_bare": 0.0, "pv_tree": 0.0}, "geometry": {"type": "MultiPolygon", "coordinates": [[[[119.44026655236362, 23.22136230525873], [119.44642918875108, 23.220643480636003], [119.4479461454003, 23.219705883302012], [119.44658720506871, 23.217111864011297], [119.44383772114199, 23.21448659147612], [119.44342687871617, 23.212955182497264], [119.44342687871617, 23.208329702316238], [119.44219435143867, 23.20701706604865], [119.44342687871617, 23.204641819469202], [119.44288962323623, 23.200422631466235], [119.43650576400411, 23.201922787200623], [119.43321902459746, 23.199109995198647], [119.43246054627285, 23.19951628737671], [119.43306100827984, 23.197922371908923], [119.42986907866377, 23.196766001863665], [119.42911060033916, 23.193515664439158], [119.43157565489415, 23.191109164615245], [119.43046954067076, 23.186577444167618], [119.42942663297441, 23.186796216878882], [119.42911060033916, 23.188421385591134], [119.42765685021699, 23.189609008880858], [119.42370644227633, 23.191640469771176], [119.42241070847177, 23.190640365948248], [119.42149421382955, 23.191296684082044], [119.4216838334107, 23.19270308008303], [119.41975603433565, 23.192859346305365], [119.42162062688365, 23.193359398216828], [119.42174703993774, 23.19604717724094], [119.4178282352606, 23.195359605862677], [119.41627967534785, 23.19395320986169], [119.42016687676147, 23.197828612175524], [119.42060932245083, 23.20332918320161], [119.41861831684874, 23.20551691031426], [119.41643769166548, 23.206079468714655], [119.41564761007734, 23.208767247738766], [119.41280331636005, 23.210423669695487], [119.41226606088013, 23.21176755920754], [119.41147597929199, 23.21151753325181], [119.40983260958868, 23.213955286320193], [119.41033826180508, 23.213736513608925], [119.40951657695342, 23.21629927965517], [119.41153918581905, 23.216111760188372], [119.41147597929199, 23.214955390143118], [119.41299293594122, 23.214205312275922], [119.41495233827979, 23.216330532899637], [119.4147311154351, 23.217299383478096], [119.41972443107213, 23.217424396455964], [119.42373804553985, 23.218987058679282], [119.44026655236362, 23.22136230525873]]], [[[119.61613871388242, 23.253740666525932], [119.62135325236412, 23.252990588658736], [119.62138485562764, 23.251427926435415], [119.6205947740395, 23.25095912776842], [119.62106882299238, 23.25017779665676], [119.61964667613374, 23.24870889416684], [119.62189050784404, 23.246552420298656], [119.62154287194527, 23.24461471914174], [119.61952026307964, 23.245427303497866], [119.6167391758894, 23.24370837505221], [119.61519061597666, 23.244145920474743], [119.61417931154385, 23.245177277542133], [119.61180906677944, 23.245677329453596], [119.60868034369042, 23.248896413633638], [119.60871194695396, 23.25139667319095], [119.61613871388242, 23.253740666525932]]], [[[119.67735423533111, 23.264054237199847], [119.67915562135205, 23.263522932043916], [119.68004051273076, 23.260147581641544], [119.6787131756627, 23.260428860841742], [119.67817592018277, 23.256490952038973], [119.67305619149165, 23.25174045888008], [119.67245572948467, 23.250490329101424], [119.67334062086337, 23.249802757723163], [119.67292977843755, 23.24886516038917], [119.67403589266094, 23.248021322788578], [119.67422551224209, 23.24670868652099], [119.67258214253877, 23.246208634609527], [119.67220290337646, 23.244114667230278], [119.67097037609898, 23.244364693186007], [119.66935860965918, 23.24774004358838], [119.66762043016529, 23.2492089460783], [119.66591385393491, 23.24842761496664], [119.66648271267837, 23.25024030314569], [119.66499735929267, 23.250677848568223], [119.66683034857715, 23.252553043236208], [119.66626148983369, 23.25333437434787], [119.66736760405708, 23.25314685488107], [119.66784165300996, 23.255459594971583], [119.6654082017185, 23.25861617266269], [119.66670393552305, 23.261428964664667], [119.6715076315789, 23.263241652843718], [119.67406749592446, 23.26261658795439], [119.67735423533111, 23.264054237199847]]], [[[119.6609205382979, 23.26436676964451], [119.66158420683193, 23.262866613910123], [119.65994083712862, 23.259960062174745], [119.65671730424903, 23.26096016599767], [119.65886632616875, 23.264210503422177], [119.6609205382979, 23.26436676964451]]], [[[119.51867424917012, 23.2653043669785], [119.52186617878618, 23.264335516400042], [119.52208740163086, 23.262085282798463], [119.51959074381236, 23.260772646530874], [119.51646202072334, 23.256991003950436], [119.51646202072334, 23.254803276837787], [119.51352291721548, 23.25592839363858], [119.51175313445806, 23.25520956901585], [119.5120375638298, 23.256834737728106], [119.5108050365523, 23.257272283150634], [119.51282764541791, 23.257459802617433], [119.51415498248599, 23.259710036219015], [119.51402856943189, 23.262179042531862], [119.51867424917012, 23.2653043669785]]], [[[119.50675981882105, 23.272555119694708], [119.50973052559243, 23.272555119694708], [119.51099465613345, 23.270742431515657], [119.5109314496064, 23.26714830840202], [119.50502163932715, 23.26821091871388], [119.50375750878614, 23.269836087426132], [119.50315704677915, 23.272523866450243], [119.506696612294, 23.273273944317438], [119.50675981882105, 23.272555119694708]]], [[[119.33591257620279, 23.322716577063296], [119.33752434264258, 23.321497700529108], [119.33711350021674, 23.31955999937219], [119.3384092340213, 23.318028590393336], [119.33714510348028, 23.31712224630381], [119.33553333704049, 23.31755979172634], [119.3349328750335, 23.318997440971795], [119.33512249461465, 23.321841486218236], [119.33591257620279, 23.322716577063296]]], [[[119.53671971264312, 23.375753332922795], [119.53760460402182, 23.374190670699473], [119.54082813690141, 23.37272176820955], [119.54196585438834, 23.369971482696506], [119.54149180543546, 23.367658742605993], [119.5432931914564, 23.366939917983267], [119.54383044693633, 23.364970963581882], [119.54149180543546, 23.365095976559747], [119.54022767489444, 23.366252346605005], [119.5373201746501, 23.36550226873781], [119.53210563616841, 23.366752398516468], [119.5313471578438, 23.365721041449078], [119.52802881517363, 23.36456467140382], [119.52695430421377, 23.3627207299803], [119.52594299978095, 23.3628144897137], [119.52584818999038, 23.361033054779114], [119.52657506505146, 23.360345483400852], [119.52515291819282, 23.35725141219868], [119.52379397786123, 23.35784522384354], [119.52448924965879, 23.360157963934057], [119.52129732004272, 23.361220574245912], [119.52069685803575, 23.35987668473386], [119.51959074381236, 23.36237694429117], [119.52050723845458, 23.36125182749038], [119.52132892330626, 23.362251931313306], [119.51861104264307, 23.36403336624789], [119.51949593402178, 23.366689892027534], [119.52113930372509, 23.367033677716666], [119.52275107016489, 23.365939814160342], [119.52527933124692, 23.366627385538603], [119.52764957601133, 23.368690099673387], [119.52689109768671, 23.37212795656469], [119.52818683149125, 23.372846781187416], [119.5292297391876, 23.371659157897692], [119.53043066320156, 23.371721664386627], [119.5308415056274, 23.373815631765876], [119.53276930470244, 23.372346729275954], [119.53599283758203, 23.37369061878801], [119.53589802779146, 23.3749094953222], [119.53671971264312, 23.375753332922795]]], [[[119.49048413810547, 23.39641172751509], [119.4950034047896, 23.396974285915487], [119.49503500805312, 23.395005331514103], [119.4967415842835, 23.394817812047304], [119.49810052461508, 23.39206752653426], [119.49753166587163, 23.390598624044337], [119.49908022578438, 23.38981729293268], [119.50116604117706, 23.389160974798884], [119.50261979129922, 23.390348598088607], [119.50217734560987, 23.391286195422598], [119.50340987288736, 23.39216128626766], [119.5041999544755, 23.39178624733406], [119.50397873163081, 23.393848961468844], [119.50527446543535, 23.394880318536238], [119.50625416660463, 23.39406773418011], [119.5054640850165, 23.39328640306845], [119.50584332417881, 23.392630084934655], [119.50736028082802, 23.392255046001058], [119.50802394936206, 23.390692383777736], [119.50736028082802, 23.388723429376356], [119.50767631346328, 23.385160559507185], [119.50679142208458, 23.3833791245726], [119.50723386777393, 23.382285261016275], [119.50843479178789, 23.38241027399414], [119.50903525379488, 23.37884740412497], [119.50833998199731, 23.377065969190383], [119.51023617780884, 23.375847092656194], [119.5118163409851, 23.375815839411725], [119.5130488682626, 23.377190982168248], [119.51213237362036, 23.375097014789], [119.5102993843359, 23.374440696655206], [119.50824517220674, 23.372002943586825], [119.50966731906539, 23.370440281363503], [119.51108946592403, 23.37125286571963], [119.51270123236382, 23.3707215605637], [119.51412337922247, 23.371315372208564], [119.51345971068842, 23.37206545007576], [119.51431299880362, 23.37275302145402], [119.51459742817535, 23.37494074856667], [119.5163988141963, 23.37387813825481], [119.51655683051392, 23.372440489009353], [119.51475544449298, 23.370409028119038], [119.51601957503398, 23.370096495674375], [119.51630400440571, 23.367846262072792], [119.51270123236382, 23.36665863878307], [119.51178473772158, 23.36559602847121], [119.50973052559243, 23.36628359984947], [119.50764471019976, 23.36465843113722], [119.50830837873379, 23.35847028873287], [119.50966731906539, 23.35628256162022], [119.51377574332368, 23.353532276107178], [119.51311207478965, 23.35246966579532], [119.5099517484371, 23.353907315040775], [119.50736028082802, 23.353907315040775], [119.50606454702348, 23.353125983929115], [119.50622256334111, 23.354313607218838], [119.5034730794144, 23.355688749975357], [119.49939625841964, 23.354251100729904], [119.49693120386465, 23.354657392907967], [119.49061055115958, 23.353125983929115], [119.4862809040566, 23.356001282420024], [119.49010489894316, 23.35959540553366], [119.4887775618751, 23.360189217178522], [119.48997848588907, 23.36056425611212], [119.49007329567964, 23.361470600201645], [119.49456095910024, 23.365314749271015], [119.49329682855922, 23.370627800830302], [119.49484538847197, 23.37272176820955], [119.49348644814039, 23.375065761544533], [119.49203269801822, 23.375315787500263], [119.49383408403916, 23.37797231327991], [119.49174826864649, 23.379066176836233], [119.49323362203218, 23.383410377817064], [119.49563547006011, 23.385691864663112], [119.49591989943184, 23.387629565820028], [119.49367606772154, 23.38866092288742], [119.49291758939692, 23.392098779778728], [119.48944123040913, 23.39466154582497], [119.49048413810547, 23.3953803704477], [119.49048413810547, 23.39641172751509]]], [[[119.31970010201427, 23.4116633108147], [119.3251042600771, 23.40825670716786], [119.324977847023, 23.406912817655805], [119.32895985822721, 23.407069083878135], [119.33069803772109, 23.40485010352102], [119.32918108107188, 23.403256188053234], [119.32756931463209, 23.402974908853036], [119.32769572768619, 23.400787181740387], [119.32406135238077, 23.398880733827937], [119.32216515656924, 23.3994745454728], [119.31966849875073, 23.397974389738412], [119.31672939524287, 23.399005746805802], [119.31593931365474, 23.39834942867201], [119.31470678637724, 23.39972457142853], [119.31521243859366, 23.400755928495922], [119.31458037332315, 23.40094344796272], [119.31458037332315, 23.403006162097505], [119.31758268335805, 23.40513138272122], [119.31707703114165, 23.40600647356628], [119.31843597147325, 23.40688156441134], [119.31856238452735, 23.410225661569243], [119.31970010201427, 23.4116633108147]]], [[[119.53760460402182, 23.49807853176432], [119.54348281103755, 23.494953207317682], [119.54335639798344, 23.49354681131669], [119.53684612569722, 23.491952895848904], [119.52878729349824, 23.48667109753408], [119.51725210231147, 23.485452220999893], [119.5142813955401, 23.483577026331908], [119.5111842757146, 23.483076974420445], [119.50887723747725, 23.485608487222223], [119.50979373211949, 23.488327519490802], [119.50966731906539, 23.491015298514913], [119.51086824307934, 23.491515350426376], [119.51229038993799, 23.49129657771511], [119.51412337922247, 23.48701488322321], [119.51668324356802, 23.486483578067283], [119.51772615126436, 23.487233655934478], [119.51646202072334, 23.488358772735268], [119.51813699369019, 23.487764961090406], [119.52060204824517, 23.49001519469199], [119.52069685803575, 23.492234175049102], [119.52559536388218, 23.492734226960565], [119.52929294571464, 23.495859551407207], [119.53485512009512, 23.495922057896138], [119.53760460402182, 23.49807853176432]]], [[[119.52050723845458, 23.51504904350958], [119.52161335267797, 23.51479901755385], [119.52180297225914, 23.50967348546136], [119.51962234707588, 23.508767141371834], [119.51443941185772, 23.50939220626116], [119.51620919461514, 23.514736511064918], [119.51706248273032, 23.514736511064918], [119.51801058063609, 23.51333011506393], [119.51756813494673, 23.51264254368567], [119.51968555360293, 23.512204998263137], [119.52085487435338, 23.513892673464323], [119.52050723845458, 23.51504904350958]]], [[[119.57081963398701, 23.617747204826205], [119.56690082930986, 23.6178409645596], [119.56538387266065, 23.619403626782923], [119.56734327499922, 23.619934931938854], [119.56778572068858, 23.62246644474063], [119.56908145449312, 23.62246644474063], [119.57081963398701, 23.617747204826205]]], [[[119.63310966639555, 23.651938254272455], [119.63683885149155, 23.6506881244938], [119.63620678622104, 23.64790658573629], [119.63421578061894, 23.646781468935497], [119.63374173166606, 23.643781157466723], [119.63310966639555, 23.643656144488858], [119.63307806313203, 23.646531442979768], [119.63083423142173, 23.644750008045182], [119.63162431300987, 23.645843871601507], [119.63162431300987, 23.65018807258234], [119.63310966639555, 23.651938254272455]]], [[[119.66367002222461, 23.66965884388491], [119.66730439753003, 23.66868999330645], [119.66629309309721, 23.667877408950325], [119.66692515836772, 23.6671585843276], [119.66572423435376, 23.6668773051274], [119.66613507677958, 23.664377045570088], [119.6652817886644, 23.663439448236094], [119.66645110941484, 23.662033052235106], [119.6657874408808, 23.660407883522854], [119.66692515836772, 23.660657909478584], [119.66645110941484, 23.659689058900124], [119.66480773971152, 23.659814071877992], [119.66417567444101, 23.658720208321668], [119.66224787536596, 23.659157753744196], [119.66171061988604, 23.6585014356104], [119.65921396206753, 23.659063994010797], [119.65842388047939, 23.660939188678782], [119.65671730424903, 23.659720312144593], [119.6557059998162, 23.660939188678782], [119.65472629864692, 23.660501643256254], [119.65697013035722, 23.662314331435304], [119.66190023946719, 23.663595714458427], [119.66367002222461, 23.66693981161633], [119.66367002222461, 23.66965884388491]]], [[[119.55621892623829, 23.67662831740092], [119.55678778498174, 23.675909492778192], [119.55634533929238, 23.67340923322088], [119.55476517611612, 23.674003044865742], [119.55406990431855, 23.67550320060013], [119.5543859369538, 23.67656581091199], [119.55621892623829, 23.67662831740092]]], [[[119.5823864284373, 23.677534661490444], [119.58677928206734, 23.674565603266135], [119.5874745538649, 23.672909181309418], [119.5906032769539, 23.67184657099756], [119.59509094037452, 23.672127850197757], [119.59559659259092, 23.673721765665544], [119.59787202756475, 23.674503096777205], [119.59986303316684, 23.673784272154474], [119.59964181032217, 23.671690304775225], [119.6015380061337, 23.669877616596175], [119.6047931422768, 23.66878375303985], [119.60359221826285, 23.66887751277325], [119.60248610403946, 23.665439655881944], [119.60289694646528, 23.664470805303488], [119.60842751758223, 23.662814383346767], [119.60763743599409, 23.660970441923247], [119.60659452829775, 23.66043913676732], [119.60646811524366, 23.659095247255262], [119.60943882201504, 23.654657286541035], [119.6123779255229, 23.65275083862858], [119.61168265372534, 23.651781988050125], [119.6119986863606, 23.650125566093404], [119.61022890360317, 23.648094105203086], [119.60972325138677, 23.649250475248344], [119.60375023458047, 23.649500501204077], [119.60229648445831, 23.648906689559215], [119.60198045182305, 23.647937838980756], [119.60090594086319, 23.647687813025023], [119.60046349517383, 23.645156300223245], [119.60172762571484, 23.642531027688065], [119.59761920145654, 23.641218391420477], [119.59739797861187, 23.63962447595269], [119.59923096789633, 23.636311632039252], [119.6020436583501, 23.63387387897087], [119.60337099541816, 23.633498840037273], [119.60472993574976, 23.634186411415534], [119.6072581968318, 23.636686670972846], [119.60928080569741, 23.63518651523846], [119.61035531665728, 23.63568656714992], [119.60953363180562, 23.63265500243668], [119.60419268026982, 23.631654898613757], [119.60438229985098, 23.630592288301898], [119.60232808772183, 23.628529574167114], [119.60469833248624, 23.625122970520277], [119.6058992565002, 23.620966289006244], [119.60681575114243, 23.621278821450908], [119.60706857725063, 23.62237268500723], [119.61187227330649, 23.620184957894583], [119.6131364038475, 23.620341224116917], [119.61361045280039, 23.619466133271857], [119.61380007238154, 23.614340601179364], [119.6098812677044, 23.610527705354464], [119.61256754510406, 23.606589796551695], [119.61323121363809, 23.601995569615134], [119.614368931125, 23.60237060854873], [119.61481137681436, 23.60368324481632], [119.61563306166602, 23.60358948508292], [119.6159806975648, 23.60133925148134], [119.61683398567997, 23.601026719036675], [119.6208476001477, 23.602151835837464], [119.62173249152642, 23.603120686415924], [119.62094240993828, 23.604933374594975], [119.62024713814073, 23.604745855128176], [119.62031034466777, 23.60665230304063], [119.62435556239902, 23.608089952286083], [119.62694703000811, 23.60674606277403], [119.6309290412123, 23.60740238090782], [119.63026537267827, 23.60549593299537], [119.63083423142173, 23.60490212135051], [119.62884322581962, 23.60368324481632], [119.62795833444092, 23.603995777260984], [119.6266942038999, 23.60158927743707], [119.62514564398715, 23.600495413880747], [119.62789512791386, 23.59568241423292], [119.62463999177075, 23.59280711574201], [119.624956024406, 23.589025473161573], [119.62400792650024, 23.586837746048925], [119.62640977452817, 23.584556259202877], [119.6261885516835, 23.582649811290427], [119.62454518198018, 23.580399577688844], [119.6288116225561, 23.58024331146651], [119.62979132372539, 23.58208725289003], [119.63181393259102, 23.58311860995742], [119.63276203049678, 23.58852542125011], [119.63386814472017, 23.589087979650508], [119.63434219367305, 23.59090066782956], [119.63314126965908, 23.593994739031732], [119.63168751953691, 23.593932232542798], [119.63307806313203, 23.594588550676594], [119.63418417735542, 23.596432492100114], [119.63696526454565, 23.597370089434104], [119.63753412328911, 23.59896400490189], [119.63980955826294, 23.59915152436869], [119.64138972143921, 23.596401238855645], [119.64015719416172, 23.593900979298333], [119.63769213960674, 23.591525732718885], [119.64135811817569, 23.588837953694775], [119.63961993868179, 23.588212888805447], [119.64018879742524, 23.58671273307106], [119.6410104822769, 23.587869103116315], [119.64221140629087, 23.587462810938252], [119.64458165105528, 23.589212992628372], [119.64186377039209, 23.59033810942916], [119.64375996620362, 23.595776173966318], [119.6464778468668, 23.59705755698944], [119.64669906971147, 23.60099546579221], [119.65008061890869, 23.603808257794185], [119.6508390972333, 23.60733987441889], [119.65017542869927, 23.607964939308218], [119.64925893405703, 23.60680856926296], [119.64742594477256, 23.60646478357383], [119.64720472192788, 23.607308621174422], [119.6512183363956, 23.609871387220668], [119.65513714107276, 23.60846499121968], [119.657317766256, 23.606152251129167], [119.65684371730312, 23.605620945973236], [119.6574441793101, 23.60387076428312], [119.65441026601167, 23.600307894413948], [119.6553267606539, 23.598526459479363], [119.65564279328916, 23.598995258146356], [119.66082572850732, 23.596057453166516], [119.66237428842007, 23.59636998561118], [119.66275352758237, 23.594807323387858], [119.66483934297504, 23.594807323387858], [119.66243749494711, 23.594401031209795], [119.66218466883892, 23.595619907743984], [119.66013045670977, 23.59533862854379], [119.6607941252438, 23.594401031209795], [119.65959320122984, 23.59330716765347], [119.66022526650035, 23.591619492452285], [119.66246909821065, 23.590775654851694], [119.66799966932759, 23.591244453518687], [119.6693902129227, 23.59349468712027], [119.66916899007802, 23.594869829876792], [119.66806287585463, 23.59515110907699], [119.66986426187559, 23.596588758322444], [119.66809447911817, 23.59837019325703], [119.66923219660508, 23.599214030857624], [119.66812608238169, 23.600651680103077], [119.66929540313212, 23.601714290414936], [119.67217130011294, 23.60105797228114], [119.67157083810595, 23.59905776463529], [119.67368825676216, 23.595463641521654], [119.67590048520893, 23.593807219564933], [119.68054616494716, 23.58524383058114], [119.68260037707631, 23.583962447558015], [119.68117823021767, 23.582118506134496], [119.68190510527876, 23.578461876531925], [119.68083059431889, 23.57827435706513], [119.680957007373, 23.575274045596352], [119.67997730620371, 23.574648980707025], [119.68301121950215, 23.570117260259394], [119.68310602929272, 23.565648046300698], [119.68674040459814, 23.562210189409395], [119.69435679110777, 23.560366247985876], [119.69441999763481, 23.55936614416295], [119.69271342140445, 23.558522306562356], [119.69457801395244, 23.554615651004056], [119.69356670951963, 23.555146956159984], [119.68986912768716, 23.554303118559393], [119.68851018735556, 23.55474066398192], [119.68512863815835, 23.552709203091606], [119.68193670854228, 23.5533655212254], [119.68073578452832, 23.55205288495781], [119.67814431691923, 23.551396566824017], [119.67539483299252, 23.552427923891408], [119.67432032203267, 23.554803170470855], [119.6752368166749, 23.556428339183107], [119.6769749961688, 23.556897137850104], [119.67609010479009, 23.55974118309655], [119.67292977843755, 23.56030374149694], [119.67292977843755, 23.559397397407416], [119.67191847400474, 23.559397397407416], [119.67195007726826, 23.561428858297734], [119.66935860965918, 23.56102256611967], [119.66923219660508, 23.56205392318706], [119.6675256203747, 23.561991416698127], [119.66749401711118, 23.561178832342], [119.66891616396983, 23.55989744931888], [119.66818928890874, 23.559834942829948], [119.66812608238169, 23.558053507895362], [119.66954822924033, 23.556428339183107], [119.66695676163125, 23.558709826029155], [119.66657752246894, 23.5613663518088], [119.6625323047377, 23.560116222030143], [119.6553267606539, 23.560835046652873], [119.64663586318443, 23.560553767452674], [119.64157934102036, 23.558084761139828], [119.63996757458057, 23.55649084567204], [119.6386402375125, 23.55311549526967], [119.63516387852471, 23.551302807090618], [119.63437379693657, 23.54892756051117], [119.63535349810586, 23.547302391798915], [119.63212996522627, 23.54605226202026], [119.63140309016518, 23.547739937221447], [119.6285587964479, 23.547302391798915], [119.62757909527862, 23.545770982820063], [119.6208476001477, 23.542083099973027], [119.6214796654182, 23.538113937925793], [119.61945705655259, 23.537738898992195], [119.61819292601157, 23.538895269037454], [119.6159806975648, 23.538895269037454], [119.6130099907934, 23.53702007436947], [119.61168265372534, 23.532738379877568], [119.61070295255605, 23.533113418811165], [119.60959683833266, 23.53211331498824], [119.6091543926433, 23.53001934760899], [119.60564643039199, 23.52873796458587], [119.60447710964155, 23.525143841472232], [119.60643651198012, 23.522143530003458], [119.61019730033965, 23.52273734164832], [119.61155624067123, 23.522487315692587], [119.61171425698886, 23.521487211869662], [119.61082936561016, 23.519643270446142], [119.61165105046182, 23.51889319257895], [119.60548841407436, 23.516236666799305], [119.60779545231172, 23.512923822885867], [119.60801667515639, 23.50914218030543], [119.60741621314942, 23.50801706350464], [119.60624689239897, 23.50782954403784], [119.60482474554033, 23.50914218030543], [119.60163281592426, 23.509423459505626], [119.60062151149145, 23.511017374973413], [119.59689232639546, 23.511829959329543], [119.59815645693648, 23.51342387479733], [119.59784042430122, 23.51420520590899], [119.59663950028725, 23.513798913730927], [119.59591262522618, 23.51157993337381], [119.59572300564501, 23.512392517729936], [119.58952876599405, 23.512736303419068], [119.5878537930272, 23.510673589284284], [119.58715852122964, 23.511079881462347], [119.58428262424883, 23.509204686794362], [119.57913129229419, 23.509517219239026], [119.57537050393466, 23.507329492126377], [119.57284224285263, 23.508079569993573], [119.57081963398701, 23.51042356332855], [119.57075642745995, 23.513080089108197], [119.57401156360308, 23.517736822533692], [119.57249460695385, 23.522081023514524], [119.5699347426083, 23.524425016849506], [119.56453058454547, 23.526268958273022], [119.56285561157861, 23.526112692050692], [119.56032735049658, 23.523924964938043], [119.55697740456289, 23.52348741951551], [119.55353264883863, 23.52826916591887], [119.55435433369028, 23.530081854097926], [119.55340623578452, 23.53201955525484], [119.55173126281768, 23.533238431789034], [119.54876055604629, 23.5332696850335], [119.54825490382989, 23.535394905657213], [119.54948743110738, 23.535613678368478], [119.55021430616846, 23.5368950613916], [119.54945582784384, 23.53902028201532], [119.54755963203232, 23.539270307971048], [119.54383044693633, 23.537207593836268], [119.54120737606372, 23.538895269037454], [119.5414285989084, 23.543114457040417], [119.54247150660474, 23.54552095686433], [119.54218707723301, 23.548021216421645], [119.54446251220683, 23.546021008775792], [119.54531580032202, 23.54648980744279], [119.54531580032202, 23.547771190465912], [119.54683275697124, 23.548896307266702], [119.54629550149131, 23.54970889162283], [119.547780854877, 23.55380306664793], [119.54885536583687, 23.55395933287026], [119.54806528424874, 23.550865261668086], [119.55179446934473, 23.548552521577573], [119.55087797470249, 23.54755241775465], [119.55109919754717, 23.542895684329153], [119.5497718604791, 23.54067670397204], [119.55678778498174, 23.53805143143686], [119.55634533929238, 23.535238639434883], [119.55726183393462, 23.53386349667836], [119.55454395327143, 23.53142574360998], [119.55473357285258, 23.529300522986265], [119.55836794815801, 23.52645647773982], [119.56039055702364, 23.526487730984286], [119.56130705166586, 23.527362821829346], [119.55979009501665, 23.52836292565227], [119.56083300271298, 23.530831931965118], [119.56279240505157, 23.53020686707579], [119.56288721484214, 23.529300522986265], [119.56453058454547, 23.529769321653262], [119.56604754119468, 23.531707022810178], [119.56440417149136, 23.533675977211562], [119.56566830203238, 23.534613574545553], [119.56674281299223, 23.531769529299112], [119.56800694353325, 23.531113211165316], [119.57186254168334, 23.531988302010376], [119.57221017758214, 23.52951929569753], [119.57119887314931, 23.529019243786067], [119.57233659063623, 23.52723780885148], [119.57401156360308, 23.528019139963142], [119.57410637339365, 23.526925276406818], [119.57186254168334, 23.525987679072824], [119.57173612862925, 23.524237497382707], [119.57309506896084, 23.523393659782112], [119.57410637339365, 23.51986204315741], [119.5757813463605, 23.51992454964634], [119.57593936267813, 23.521174679425], [119.57843602049662, 23.521893504047725], [119.58033221630815, 23.523737445471244], [119.5798897706188, 23.52576890636156], [119.58131191747744, 23.526268958273022], [119.58020580325405, 23.528956737297133], [119.58055343915284, 23.531738276054643], [119.58270246107256, 23.532707126633102], [119.58494629278286, 23.53142574360998], [119.58640004290503, 23.52914425676393], [119.58943395620346, 23.53105070467638], [119.59076129327153, 23.530956944942986], [119.5924678695019, 23.527987886718677], [119.59588102196264, 23.52655023747322], [119.59670270681431, 23.52864420485247], [119.59970501684921, 23.53126947738765], [119.59723996229424, 23.532832139610967], [119.5958178154356, 23.53492610699022], [119.59512254363804, 23.538207697659193], [119.59705034271309, 23.539332814459982], [119.59938898421396, 23.53839521712599], [119.60036868538324, 23.540020385838243], [119.60308656604643, 23.540270411793973], [119.6004318919103, 23.543395736240615], [119.60011585927505, 23.545364690642], [119.60207526161362, 23.54633354122046], [119.60235969098535, 23.547864950199312], [119.59954700053159, 23.550271450023224], [119.59837767978115, 23.5492713462003], [119.59840928304467, 23.549990170823026], [119.5959442284897, 23.549646385133897], [119.59584941869912, 23.54811497615504], [119.59540697300976, 23.55024019677876], [119.59347917393471, 23.549896411089627], [119.59212023360313, 23.55274045633607], [119.59101411937974, 23.55249043038034], [119.59148816833262, 23.551552833046348], [119.59107732590678, 23.54980265135623], [119.59104572264326, 23.552271657669074], [119.58880189093296, 23.55136531357955], [119.58750615712842, 23.551927871979945], [119.58655805922265, 23.549615131889432], [119.58500949930992, 23.54970889162283], [119.58390338508653, 23.54842750859971], [119.582007189275, 23.548771294288837], [119.58134352074097, 23.549740144867297], [119.5730318624338, 23.54620852824259], [119.57233659063623, 23.54911507997797], [119.56876542185786, 23.54839625535524], [119.5696819165001, 23.55102152789042], [119.56829137290498, 23.551459073312948], [119.56807015006031, 23.54986515784516], [119.56655319341108, 23.55039646300109], [119.56563669876884, 23.5489900670001], [119.56238156262573, 23.55005267731196], [119.5629504213692, 23.551427820068483], [119.56525745960654, 23.55161533953528], [119.56503623676187, 23.55311549526967], [119.56225514957163, 23.552521683624807], [119.56190751367285, 23.55483442371532], [119.56298202463272, 23.557772228695164], [119.5640881388561, 23.556209566471843], [119.56750129131684, 23.55483442371532], [119.56816495985088, 23.55292797580287], [119.57066161766939, 23.552802962825005], [119.57571813983344, 23.55492818344872], [119.57287384611617, 23.557959748161963], [119.57344270485962, 23.558897345495954], [119.57625539531338, 23.55702215082797], [119.57742471606382, 23.558647319540224], [119.57464362887359, 23.560366247985876], [119.57514928108999, 23.56111632585307], [119.57236819389976, 23.563147786743386], [119.5734111015961, 23.563616585410383], [119.57682425405683, 23.560553767452674], [119.57818319438843, 23.561897656964728], [119.57657142794864, 23.563772851632713], [119.57843602049662, 23.562178936164926], [119.57951053145649, 23.56339781269912], [119.57676104752979, 23.565773059278566], [119.57556012351581, 23.564585435988842], [119.57483324845474, 23.565179247633704], [119.57609737899575, 23.56642937741236], [119.57429599297481, 23.567960786391215], [119.57186254168334, 23.565147994389235], [119.57025077524355, 23.566648150123623], [119.56886023164844, 23.56530426061157], [119.57012436218946, 23.564304156788644], [119.5712936829399, 23.565085487900305], [119.56822816637793, 23.562085176431527], [119.56977672629067, 23.56399162434398], [119.56898664470253, 23.564647942477773], [119.56671120972871, 23.562616481587458], [119.5597268884896, 23.56205392318706], [119.55956887217198, 23.560960059630737], [119.55814672531334, 23.560710033675004], [119.55621892623829, 23.563429065943584], [119.5601061276519, 23.56452292949991], [119.5604853668142, 23.56677316310149], [119.55975849175313, 23.569929740792595], [119.56070658965889, 23.571179870571253], [119.5662055575123, 23.5733675976839], [119.56740648152628, 23.57496151315169], [119.56655319341108, 23.577899318131532], [119.56193911693637, 23.58374367484675], [119.56203392672695, 23.585337590314538], [119.56405653559258, 23.585837642226], [119.56686922604634, 23.58496255138094], [119.57246300369033, 23.584993804625405], [119.57249460695385, 23.585681376003667], [119.57435919950186, 23.584837538403075], [119.57707708016504, 23.58627518764853], [119.57657142794864, 23.587681583649516], [119.57846762376016, 23.587775343382916], [119.58178596643032, 23.590088083473432], [119.58260765128199, 23.591807011919084], [119.58172275990327, 23.592088291119282], [119.58232322191026, 23.594057245520666], [119.58406140140416, 23.594307271476396], [119.58384017855947, 23.59158823920782], [119.58286047739018, 23.590838161340624], [119.58453545035704, 23.588650434227976], [119.58507270583696, 23.589181739383907], [119.5861156135333, 23.586650226582126], [119.58346093939717, 23.584431246225012], [119.58339773287011, 23.58314986320189], [119.58260765128199, 23.58324362293529], [119.58327131981602, 23.58139968151177], [119.58560996131689, 23.580805869866907], [119.58320811328896, 23.581180908800505], [119.58308170023486, 23.579368220621454], [119.58545194499926, 23.57836811679853], [119.58750615712842, 23.57852438302086], [119.58889670072354, 23.580774616622442], [119.58883349419648, 23.578774408976592], [119.58560996131689, 23.576055376708013], [119.58554675478985, 23.5736488768841], [119.58858066808828, 23.57174242897165], [119.58990800515635, 23.57233624061651], [119.59110892917032, 23.57449271448469], [119.59417444573228, 23.57477399368489], [119.59392161962407, 23.570648565415325], [119.59727156555776, 23.568992143458605], [119.59689232639546, 23.570429792704058], [119.59777721777417, 23.57477399368489], [119.60210686487714, 23.57711798701987], [119.59935738095044, 23.576930467553073], [119.59945219074102, 23.581805973689832], [119.59840928304467, 23.582806077512757], [119.60065311475498, 23.584712525425207], [119.60659452829775, 23.58524383058114], [119.60719499030473, 23.586556466848727], [119.60612047934487, 23.586931505782324], [119.60710018051417, 23.588244142049913], [119.6070369739871, 23.59236957031948], [119.60770064252114, 23.593713459831534], [119.6062784956625, 23.594838576632327], [119.60662613156128, 23.595994946677582], [119.60491955533091, 23.595869933699717], [119.60324458236406, 23.598557712723828], [119.60375023458047, 23.599964108724816], [119.60296015299234, 23.60062042685861], [119.60570963691904, 23.602526874771062], [119.60580444670961, 23.605558439484305], [119.6105133329749, 23.605558439484305], [119.61086096887368, 23.604839614861575], [119.61234632225937, 23.605433426506437], [119.60962844159619, 23.61037143913213], [119.6070369739871, 23.609996400198533], [119.60561482712846, 23.610746478065728], [119.60558322386494, 23.60968386775387], [119.60435069658745, 23.609058802864542], [119.60299175625586, 23.610746478065728], [119.60333939215464, 23.611652822155254], [119.60128518002549, 23.612621672733713], [119.59705034271309, 23.616590834780947], [119.59736637534834, 23.617403419137073], [119.59929417442339, 23.616872113981145], [119.60270732688413, 23.61743467238154], [119.60545681081084, 23.62005994491672], [119.60454031616861, 23.624966704297943], [119.60220167466773, 23.624185373186283], [119.59998944622095, 23.620372477361382], [119.59850409283526, 23.62334153558569], [119.59483811426631, 23.624810438075613], [119.59170939117729, 23.624154119941817], [119.58949716273052, 23.622278925273832], [119.58851746156122, 23.62274772394083], [119.58940235293994, 23.62362281478589], [119.58911792356821, 23.62518547700921], [119.59133015201499, 23.628185788477985], [119.59069808674448, 23.629560931234508], [119.59547017953682, 23.63312380110368], [119.59559659259092, 23.63606160608352], [119.59379520656996, 23.64153092386514], [119.58905471704117, 23.64424995613372], [119.5878537930272, 23.64415619640032], [119.58877028766943, 23.645531339156843], [119.58826463545303, 23.647406533824828], [119.58700050491201, 23.647750319513957], [119.58621042332388, 23.649781780404272], [119.58241803170083, 23.65265707889518], [119.582007189275, 23.653969715162773], [119.58327131981602, 23.655407364408227], [119.58178596643032, 23.656751253920284], [119.58074305873399, 23.65668874743135], [119.58071145547046, 23.657595091520875], [119.58267085780903, 23.658032636943407], [119.58086947178809, 23.659095247255262], [119.58159634684917, 23.660939188678782], [119.5806482489434, 23.661814279523842], [119.57960534124707, 23.66137673410131], [119.5777723519626, 23.662501850902103], [119.57138849273046, 23.662376837924235], [119.56746968805332, 23.66000159134479], [119.56655319341108, 23.656626240942416], [119.56702724236396, 23.656063682542023], [119.56538387266065, 23.655344857919296], [119.56326645400445, 23.651375695872062], [119.55862077426622, 23.65562613711949], [119.55444914348087, 23.657501331787476], [119.54073332711084, 23.640624579775615], [119.54370403388222, 23.64084335248688], [119.54291395229409, 23.639937008397354], [119.54300876208467, 23.63790554750704], [119.54073332711084, 23.63693669692858], [119.5401960716309, 23.63406139843767], [119.5388055280358, 23.63328006732601], [119.53741498444067, 23.63406139843767], [119.53738338117715, 23.632717508925612], [119.53640368000787, 23.632780015414546], [119.53646688653491, 23.633655106259607], [119.53311694060122, 23.632873775147946], [119.53014623382984, 23.63015474287937], [119.52458405944937, 23.63006098314597], [119.52448924965879, 23.63090482074656], [119.52335153217187, 23.631248606435694], [119.52278267342842, 23.629060879323045], [119.52230862447554, 23.631342366169093], [119.51816859695371, 23.628623333900514], [119.51810539042665, 23.625372996476006], [119.51949593402178, 23.62421662643075], [119.52113930372509, 23.620685009806046], [119.5196539503394, 23.61987242544992], [119.51990677644761, 23.617747204826205], [119.5217713689956, 23.61455937389063], [119.52094968414394, 23.610840237799128], [119.51981196665703, 23.61115277024379], [119.52294068974605, 23.604839614861575], [119.52309870606368, 23.6017455436594], [119.51933791770415, 23.594338524720865], [119.51481865102002, 23.594494790943195], [119.51229038993799, 23.59218205085268], [119.51633560766923, 23.58530633707007], [119.51519789018232, 23.582462291823628], [119.5120375638298, 23.58189973342323], [119.5120375638298, 23.57949323359932], [119.51279604215439, 23.579243207643586], [119.5133016943708, 23.577242999997736], [119.51229038993799, 23.576461668886076], [119.51251161278266, 23.575711591018884], [119.51519789018232, 23.57452396772916], [119.51383894985074, 23.573086318483703], [119.51314367805317, 23.570554805681926], [119.51538750976347, 23.568054546124614], [119.51737851536558, 23.567929533146746], [119.51797897737256, 23.56702318905722], [119.51624079787867, 23.564804208700107], [119.51121587897812, 23.563741598388248], [119.5054640850165, 23.56642937741236], [119.49617272554003, 23.56814830585801], [119.49206430128174, 23.56605433847876], [119.49124261643009, 23.56330405296572], [119.48972565978086, 23.56267898807639], [119.48444791477212, 23.56389786461058], [119.48289935485937, 23.56336655945465], [119.483057371177, 23.56433541003311], [119.48116117536549, 23.56442916976651], [119.47954940892569, 23.56408538407738], [119.47901215344575, 23.562897760787656], [119.47996025135151, 23.563054027009986], [119.47651549562725, 23.55980368958548], [119.47436647370752, 23.560084968785677], [119.47218584852428, 23.55927238442955], [119.46798261447539, 23.56052251420821], [119.46731894594136, 23.561428858297734], [119.46953117438814, 23.5653667671005], [119.47793764248588, 23.56905464994754], [119.48112957210195, 23.575055272885088], [119.48337340381225, 23.575430311818685], [119.48805068681402, 23.570554805681926], [119.49181147517353, 23.569835981059196], [119.49718402997286, 23.572242480883112], [119.49696280712817, 23.573148824972638], [119.49879579641265, 23.57471148719596], [119.49914343231143, 23.576149136441412], [119.49952267147373, 23.574148928795562], [119.50337826962382, 23.579149447910186], [119.50290422067094, 23.58043083093331], [119.50413674794844, 23.58540009680347], [119.50325185656973, 23.58627518764853], [119.5045791936378, 23.585962655203865], [119.50350468267793, 23.588931713428174], [119.49851136704092, 23.592963381964342], [119.49209590454527, 23.59446353769873], [119.48982046957144, 23.594057245520666], [119.48982046957144, 23.59521361556592], [119.4941185134109, 23.596057453166516], [119.4941185134109, 23.597213823211774], [119.49193788822764, 23.5980264075679], [119.49177987191001, 23.599589069791218], [119.49402370362031, 23.601995569615134], [119.49418171993794, 23.600682933347542], [119.49829014419625, 23.600557920369678], [119.49759487239868, 23.5981201673013], [119.49794250829746, 23.59602619992205], [119.50002832369013, 23.595369881788255], [119.50050237264301, 23.596620011566912], [119.5019561227652, 23.595994946677582], [119.50413674794844, 23.59705755698944], [119.50448438384721, 23.598620219212762], [119.50217734560987, 23.6022143423264], [119.50236696519102, 23.604214549972248], [119.5034730794144, 23.604495829172446], [119.50315704677915, 23.606777316018494], [119.50464240016484, 23.607027341974224], [119.50514805238124, 23.60915256259794], [119.50442117732017, 23.60968386775387], [119.50818196567968, 23.610715224821263], [119.5089404440043, 23.61218412731118], [119.50729707430098, 23.61518443877996], [119.50600134049644, 23.615121932291025], [119.50480041648247, 23.616340808825214], [119.50568530786119, 23.616403315314148], [119.50571691112471, 23.617403419137073], [119.50413674794844, 23.617028380203475], [119.5038523185767, 23.61612203611395], [119.5008500085418, 23.617653445092806], [119.49926984536553, 23.620091198161184], [119.50189291623813, 23.622810230429764], [119.50404193815787, 23.623654068030355], [119.50432636752959, 23.62552926269834], [119.50252498150864, 23.627810749544388], [119.50214574234634, 23.630936073991027], [119.50476881321894, 23.636124112572453], [119.50603294375996, 23.63553030092759], [119.50748669388213, 23.636311632039252], [119.51074183002524, 23.645531339156843], [119.51159511814043, 23.64615640404617], [119.51156351487691, 23.647656559780557], [119.5125432160462, 23.648656663603482], [119.51364933026959, 23.648531650625618], [119.51406017269541, 23.647594053291623], [119.51541911302701, 23.649844286893206], [119.51794737410903, 23.649000449292615], [119.51820020021724, 23.647687813025023], [119.51930631444063, 23.647656559780557], [119.51959074381236, 23.649437994715143], [119.51766294473731, 23.6506881244938], [119.5175365316832, 23.65200076076139], [119.51684125988565, 23.65259457240625], [119.51532430323643, 23.65171948156119], [119.51421818901304, 23.652032014005854], [119.513554520479, 23.654344754096368], [119.51431299880362, 23.65562613711949], [119.51794737410903, 23.6545947800521], [119.52414161376001, 23.65584490983076], [119.52429963007764, 23.651344442627593], [119.51981196665703, 23.64787533249182], [119.51936952096767, 23.644468728844984], [119.52164495594151, 23.6426872939104], [119.52354115175302, 23.6424997744436], [119.5236359615436, 23.64328110555526], [119.52594299978095, 23.64356238475546], [119.52540574430103, 23.642093482265537], [119.53058867951918, 23.639218183774627], [119.53488672335864, 23.638624372129765], [119.53763620728535, 23.63943695648589], [119.54029088142148, 23.640468313553285], [119.55400669779151, 23.657595091520875], [119.5521421052435, 23.65947028618886], [119.55015109964141, 23.65775135774321], [119.55043552901313, 23.659063994010797], [119.55204729545294, 23.66025161730052], [119.55097278449307, 23.662845636591232], [119.55245813787876, 23.663689474191827], [119.55283737704106, 23.66581469481554], [119.55517601854194, 23.66853372708412], [119.56076979618594, 23.67072145419677], [119.56860740554023, 23.671784064508625], [119.56971351976362, 23.671002733396964], [119.5776459389085, 23.674378083799336], [119.57872044986836, 23.67625327846732], [119.5823864284373, 23.677534661490444]]], [[[119.61019730033965, 23.71100688631397], [119.60798507189287, 23.710538087646974], [119.60697376746006, 23.7114444317365], [119.608775153481, 23.713694665338082], [119.61019730033965, 23.71100688631397]]], [[[119.55211050197998, 23.720820405076424], [119.55166805629062, 23.7198203012535], [119.55504960548784, 23.721132937521087], [119.55704061108995, 23.720695392098555], [119.5581151220498, 23.716788736540256], [119.55688259477232, 23.7154448470282], [119.55700900782642, 23.713600905604682], [119.55852596447563, 23.710881873336103], [119.55520762180547, 23.70866289297899], [119.5551128120149, 23.709881769513178], [119.55318501293985, 23.711569444714364], [119.55606090992066, 23.713850931560412], [119.55508120875136, 23.714475996449742], [119.55479677937964, 23.715944898939664], [119.55602930665712, 23.717413801429583], [119.55331142599394, 23.719414009075436], [119.55103599102011, 23.71900771689737], [119.55106759428364, 23.72041411289836], [119.55211050197998, 23.720820405076424]]], [[[119.61234632225937, 23.756011558345598], [119.6116194471983, 23.753948844210818], [119.612504338577, 23.752854980654494], [119.61654955630826, 23.75157359763137], [119.62280700248628, 23.7480107277622], [119.62287020901333, 23.74494790980449], [119.62362868733794, 23.744041565714966], [119.62315463838506, 23.742760182691843], [119.62106882299238, 23.74241639700271], [119.6203419479313, 23.742978955403107], [119.61876178475502, 23.741072507490657], [119.61977308918785, 23.740384936112395], [119.61797170316689, 23.740759975045993], [119.61819292601157, 23.74172882562445], [119.61645474651768, 23.741947598335717], [119.6138632789086, 23.74025992313453], [119.61228311573232, 23.741697572379984], [119.61114539824541, 23.741260026957455], [119.6105133329749, 23.7395410985118], [119.61433732786148, 23.738634754422275], [119.61496939313199, 23.73744713113255], [119.60991287096792, 23.739072299844807], [119.60643651198012, 23.73679081299876], [119.60472993574976, 23.73266538472919], [119.60337099541816, 23.7318215471286], [119.60333939215464, 23.72788363832583], [119.60397145742515, 23.72685228125844], [119.6030549627829, 23.72535212552405], [119.60137998981607, 23.72607095014678], [119.60198045182305, 23.73016512517188], [119.60021066906563, 23.73475935210844], [119.59859890262582, 23.736197001353897], [119.59654469049669, 23.736540787043026], [119.5958178154356, 23.737697157088284], [119.59739797861187, 23.741885091846783], [119.6030549627829, 23.74444785789303], [119.60668933808833, 23.752261169009632], [119.60855393063633, 23.752386181987497], [119.6086487404269, 23.75348004554382], [119.60558322386494, 23.75235492874303], [119.60574124018257, 23.753355032565956], [119.6082695012646, 23.754292629899947], [119.60785865883877, 23.75532398696734], [119.60975485465029, 23.755949051856668], [119.61142982761714, 23.757855499769118], [119.61234632225937, 23.756011558345598]]], [[[119.60624689239897, 23.775669849114973], [119.6077638490482, 23.772919563601928], [119.60751102293999, 23.771013115689478], [119.60258091383002, 23.767450245820307], [119.60071632128204, 23.76132460990489], [119.59938898421396, 23.7600119736373], [119.59926257115987, 23.75835555168058], [119.5980616471459, 23.757730486791253], [119.59689232639546, 23.75863683088078], [119.59676591334136, 23.761824661816352], [119.59885172873403, 23.76566881088572], [119.59847248957173, 23.767012700397775], [119.59954700053159, 23.76785653799837], [119.59878852220699, 23.76882538857683], [119.59970501684921, 23.769731732666354], [119.60175922897837, 23.76898165479916], [119.60163281592426, 23.770513063778015], [119.60419268026982, 23.77185695329007], [119.60624689239897, 23.775669849114973]]]]}}, {"type": "Feature", "properties": {"COUNTYID": "O", "name": "\u65b0\u7af9\u5e02", "tree2pv_total": 0.5, "pv_new_total": 4.1, "tree_loss_total": 61.4, "tree_pct0": 24.77, "tree_pctN": 29.61, "pv_water": 0.4, "pv_farm": 2.1, "pv_bare": 1.1, "pv_tree": 0.5}, "geometry": {"type": "Polygon", "coordinates": [[[120.93541694974984, 24.712579611729], [120.93304670498543, 24.71326718310726], [120.93067646022102, 24.71520488426418], [120.93036042758577, 24.716548773776235], [120.92884347093656, 24.715298643997578], [120.92520909563113, 24.715423656975442], [120.92388175856307, 24.71457981937485], [120.92261762802205, 24.71482984533058], [120.92100586158226, 24.716548773776235], [120.91958371472361, 24.7169550659543], [120.91784553522972, 24.71623624133157], [120.91370550770789, 24.71751762435469], [120.91626537205345, 24.72154929289086], [120.91373711097141, 24.72433083164837], [120.91417955666077, 24.727081117161415], [120.91206213800457, 24.732300408987303], [120.90899662144261, 24.735769519123075], [120.90855417575325, 24.740582518770903], [120.90779569742864, 24.741082570682366], [120.90583629509007, 24.740676278504303], [120.89720860414764, 24.733363019299162], [120.89360583210575, 24.732331662231772], [120.89234170156473, 24.733175499832363], [120.89095115796961, 24.731769103831375], [120.8875696087724, 24.73383181796616], [120.88478852158215, 24.732800460898765], [120.88368240735878, 24.734456882855486], [120.88102773322264, 24.733300512810228], [120.8745174609364, 24.73833228516932], [120.87774099381599, 24.74261397966122], [120.88086971690501, 24.745708050863396], [120.88263949966243, 24.746458128730588], [120.89316338641639, 24.761365926341064], [120.8977774628911, 24.764678770254505], [120.89673455519475, 24.768054120656878], [120.89524920180907, 24.765710127321896], [120.8946803430656, 24.76786660119008], [120.89275254399055, 24.76933550368], [120.89268933746351, 24.773210905993835], [120.89174123955775, 24.773273412482766], [120.89142520692249, 24.77611745772921], [120.89319498967991, 24.780774191154705], [120.89212047872005, 24.79196285267368], [120.89265773419999, 24.794369352497593], [120.89613409318777, 24.80083877410214], [120.8969241747759, 24.80921464361914], [120.90280238179163, 24.82405993474068], [120.90833295290858, 24.831591966657086], [120.90928105081434, 24.834248492436732], [120.91076640420003, 24.83574864817112], [120.91313664896444, 24.836561232527245], [120.91572811657352, 24.84115545946381], [120.91550689372883, 24.845812192889305], [120.91673942100633, 24.848749997869145], [120.91326306201853, 24.851937828804722], [120.91294702938328, 24.854063049428436], [120.91639178510755, 24.85281291964978], [120.92520909563113, 24.85481312729563], [120.93124531896449, 24.85262540018298], [120.93566977585803, 24.852219108004917], [120.94044186865037, 24.849968874403338], [120.94312814605003, 24.846499764267566], [120.94480311901688, 24.841092952974876], [120.9552954025073, 24.834373505414597], [120.96329102817923, 24.832498310746615], [120.96736784917401, 24.83262332372448], [120.97463659978484, 24.829966797944834], [120.9775757032927, 24.829685518744636], [120.9814313014428, 24.831248180967957], [120.98389635599779, 24.83059186283416], [120.98768874762082, 24.825591343719537], [120.99274526978489, 24.82346612309582], [121.00036165629452, 24.82205972709483], [121.00437527076224, 24.81927818833732], [121.00829407543938, 24.816215370379613], [121.01515198362439, 24.808558325485343], [121.01815429365931, 24.80737070219562], [121.02131462001185, 24.801588851969335], [121.02570747364187, 24.798994832678623], [121.02061934821428, 24.798807313211825], [121.02314760929632, 24.796119534187714], [121.02061934821428, 24.794119326541864], [121.02213630486351, 24.790431443694825], [121.02352684845862, 24.790525203428224], [121.02453815289144, 24.7892438204051], [121.02494899531726, 24.786087242713997], [121.02333722887747, 24.785680950535934], [121.02327402235042, 24.784962125913204], [121.02754046292635, 24.782711892311625], [121.02697160418289, 24.78118048333277], [121.02494899531726, 24.77996160679858], [121.0259919030136, 24.778961502975655], [121.02779328903455, 24.77889899648672], [121.02750885966282, 24.777211321285534], [121.02962627831903, 24.777117561552135], [121.02814092493333, 24.773179652749366], [121.03032155011658, 24.772148295681976], [121.02931024568377, 24.771023178881187], [121.02987910442722, 24.76646020518909], [121.03351347973265, 24.76411621185411], [121.03275500140803, 24.762053497719325], [121.03060597948831, 24.761209660118734], [121.02826733798743, 24.75836561487229], [121.02087217432249, 24.75655292669324], [121.01932361440974, 24.758990679761617], [121.01834391324046, 24.763803679409445], [121.01695336964534, 24.764866289721304], [121.01704817943592, 24.76574138056636], [121.0135402171846, 24.770929419147787], [121.00819926564881, 24.774429782528024], [121.00671391226311, 24.774273516305694], [120.996000405928, 24.77996160679858], [120.99293488936604, 24.78055541844344], [120.99059624786517, 24.7771488147966], [120.98582415507283, 24.77689878884087], [120.98487605716707, 24.775992444751346], [120.98838401941839, 24.768054120656878], [120.98215817650389, 24.767522815500946], [120.97947189910423, 24.763303627497983], [120.97713325760336, 24.763116108031184], [120.97650119233285, 24.764428744298773], [120.97492102915658, 24.764053705365175], [120.97441537694017, 24.76499130269917], [120.9733408659803, 24.764241224831974], [120.9716026864864, 24.764678770254505], [120.97100222447942, 24.76574138056636], [120.96983290372899, 24.7651475689215], [120.96755746875516, 24.760615848473872], [120.96739945243753, 24.75645916695984], [120.96354385428744, 24.755521569625845], [120.96155284868533, 24.75139614135628], [120.95858214191395, 24.749208414243633], [120.95747602769056, 24.749614706421696], [120.95747602769056, 24.74530175868533], [120.95390485891218, 24.74339531077288], [120.94808985842351, 24.7452392521964], [120.94429746680046, 24.744426667840273], [120.94319135257707, 24.739051109792047], [120.93990461317044, 24.732487928454102], [120.9423380644619, 24.730456467563787], [120.94183241224549, 24.728550019651337], [120.93807162388596, 24.729581376718727], [120.93927254789993, 24.725424695204694], [120.93835605325769, 24.721174253957262], [120.9386088793659, 24.716611280265166], [120.93601741175682, 24.714704832352716], [120.93541694974984, 24.712579611729]]]}}, {"type": "Feature", "properties": {"COUNTYID": "J", "name": "\u65b0\u7af9\u7e23", "tree2pv_total": 0.0, "pv_new_total": 27.3, "tree_loss_total": 259.2, "tree_pct0": 75.12, "tree_pctN": 81.49, "pv_water": 5.8, "pv_farm": 15.4, "pv_bare": 6.0, "pv_tree": 0.0}, "geometry": {"type": "Polygon", "coordinates": [[[121.40305044013503, 24.591723315377394], [121.40453579352072, 24.58775415333016], [121.41044560379997, 24.578909485146166], [121.41215218003035, 24.573096381675413], [121.40731688071097, 24.569877297495374], [121.40393533151375, 24.56897095340585], [121.40169149980343, 24.565533096514542], [121.40112264105998, 24.561876466911972], [121.39764628207219, 24.55965748655486], [121.39464397203727, 24.555594564774225], [121.39556046667951, 24.552781772772246], [121.39875239629558, 24.54821879908015], [121.39672978742995, 24.539842929563154], [121.3982783473427, 24.53671760511651], [121.39916323872141, 24.532154631424415], [121.40150188022228, 24.5302169302675], [121.40162829327639, 24.52924807968904], [121.39780429838981, 24.524935131952677], [121.39186288484704, 24.52412254759655], [121.39053554777898, 24.522934924306828], [121.38851293891335, 24.517809392214335], [121.38513138971614, 24.51680928839141], [121.38554223214197, 24.514559054789828], [121.38370924285749, 24.510339866786865], [121.37925318270041, 24.509558535675204], [121.37334337242116, 24.509871068119867], [121.37173160598137, 24.49924496500129], [121.37065709502151, 24.497869822244766], [121.36383079010002, 24.49496327050939], [121.36168176818029, 24.490556563039625], [121.35773136023963, 24.486618654236857], [121.35002016393943, 24.484274660901878], [121.34714426695862, 24.48483721930227], [121.34240377742981, 24.481711894855632], [121.34006513592892, 24.47486743431749], [121.33557747250832, 24.471679603381915], [121.33598831493416, 24.46736665564555], [121.32985728181023, 24.46424133119891], [121.3295728524385, 24.462647415731123], [121.3260964934507, 24.46005339644041], [121.32378945521336, 24.45674055252697], [121.31765842208942, 24.44148896922736], [121.31383442720285, 24.437394794202262], [121.310294861688, 24.436363437134872], [121.30545956236863, 24.432581794554437], [121.29762195301433, 24.4330818464659], [121.29465124624295, 24.43255054130997], [121.29319749612078, 24.431081638820046], [121.27689021214168, 24.429268950640996], [121.27132803776121, 24.42958148308566], [121.271075211653, 24.427956314373407], [121.26987428763904, 24.427362502728545], [121.26450173283972, 24.428706392240603], [121.26080415100725, 24.42864388575167], [121.25979284657444, 24.42939396361886], [121.25916078130393, 24.43089411935325], [121.25979284657444, 24.4369885020242], [121.25893955845925, 24.43805111233606], [121.25893955845925, 24.44073889136017], [121.26159423259539, 24.444051735273607], [121.26086735753431, 24.445645650741394], [121.26216309133885, 24.44811465705424], [121.26137300975071, 24.44820841678764], [121.26067773795315, 24.45005235821116], [121.26093056406135, 24.452490111279538], [121.26263714029173, 24.455115383814718], [121.25811787360759, 24.45733436417183], [121.25808627034407, 24.463241227375985], [121.24904773697581, 24.466022766133495], [121.24437045397404, 24.47005443466966], [121.24329594301419, 24.477305187385866], [121.23463664880823, 24.483837115479346], [121.23466825207176, 24.48774377103765], [121.23343572479426, 24.48746249183745], [121.23055982781345, 24.48852510214931], [121.22860042547488, 24.492494264196544], [121.22351230004729, 24.49436945886453], [121.21867700072791, 24.498244861178364], [121.22338588699319, 24.506683237184294], [121.21734966365985, 24.509871068119867], [121.21757088650452, 24.5140277496339], [121.21652797880817, 24.515215372923624], [121.21396811446262, 24.514777827501092], [121.20992289673137, 24.511621249809984], [121.20802670091985, 24.511715009543384], [121.20695218995999, 24.512840126344177], [121.20319140160046, 24.512527593899513], [121.2005051242008, 24.511464983587654], [121.19529058571912, 24.507027022873423], [121.19175102020428, 24.507464568295955], [121.18672610130373, 24.505370600916702], [121.18287050315364, 24.507995873451883], [121.17794039404367, 24.50765208776275], [121.17433762200179, 24.504745536027375], [121.17057683364226, 24.504120471138048], [121.16934430636478, 24.50262031540366], [121.1619175394363, 24.50349540624872], [121.15449077250784, 24.50680825016216], [121.15057196783069, 24.506089425539432], [121.14570506524778, 24.510152347320066], [121.14500979345023, 24.51193378225465], [121.1370141677783, 24.506651983939825], [121.12965060737689, 24.506683237184294], [121.12746998219363, 24.508245899407612], [121.12560538964563, 24.50837091238548], [121.1237091938341, 24.510058587586666], [121.12073848706272, 24.50837091238548], [121.11732533460199, 24.50846467211888], [121.11331172013425, 24.506464464473027], [121.10917169261243, 24.501182666158204], [121.10531609446234, 24.500588854513342], [121.10247180074505, 24.498244861178364], [121.09981712660891, 24.497963581978166], [121.09773131121624, 24.496400919754844], [121.09043095734188, 24.4978385690003], [121.08556405475896, 24.50130767913607], [121.0788957661551, 24.49905744553449], [121.07519818432263, 24.499432484468088], [121.07187984165247, 24.49836987415623], [121.0720378579701, 24.503464153004252], [121.07033128173973, 24.506089425539432], [121.06821386308353, 24.506839503406624], [121.06931997730692, 24.509339762963936], [121.06852989571878, 24.516434249457813], [121.06666530317078, 24.520778450438645], [121.06701293906956, 24.522966177551293], [121.0783901139387, 24.529216826444575], [121.0786429400469, 24.532498417113548], [121.07782125519525, 24.534248598803668], [121.0801282934326, 24.537905228406235], [121.08057073912195, 24.54084303338608], [121.07605147243783, 24.544030864321652], [121.07346000482873, 24.549437675614342], [121.06998364584095, 24.550562792415132], [121.06280970502068, 24.555063259618294], [121.0622092430137, 24.556157123174618], [121.05819562854597, 24.557907304864738], [121.05841685139065, 24.560626337133318], [121.06141916142556, 24.560001272243987], [121.06252527564895, 24.557407252953276], [121.06767660760359, 24.561907720156437], [121.07058410784792, 24.563345369401894], [121.07545101043084, 24.58103470576988], [121.07895897268216, 24.584253789949923], [121.07936981510798, 24.587785406574625], [121.08303579367693, 24.58975436097601], [121.08281457083226, 24.594661120357237], [121.0812660109195, 24.600567983561387], [121.07557742348494, 24.60384957423036], [121.07522978758617, 24.605537249431546], [121.07608307570135, 24.608631320633723], [121.07545101043084, 24.6112565931689], [121.07380764072752, 24.61319429432582], [121.06808745002942, 24.614850716282536], [121.06255687891247, 24.621757683309614], [121.05844845465418, 24.61997624837503], [121.05317070964544, 24.615413274682933], [121.05152733994211, 24.6151632487272], [121.05171695952328, 24.61725721610645], [121.04937831802239, 24.61863235886297], [121.04324728489847, 24.627227001091235], [121.04052940423529, 24.626945721891037], [121.03926527369427, 24.62935222171495], [121.03698983872044, 24.62978976713748], [121.03357668625969, 24.632008747494595], [121.02937345221082, 24.63285258509519], [121.0257390769054, 24.636165429008628], [121.02532823447957, 24.64125970785665], [121.02276837013402, 24.641791013012583], [121.01847032629456, 24.64075965594519], [121.01439350529978, 24.64085341567859], [121.01012706472386, 24.643947486880766], [121.00819926564881, 24.64432252581436], [121.00895774397341, 24.647572863238867], [121.00810445585823, 24.650385655240843], [121.01075912999437, 24.65260463559796], [121.0101902712509, 24.65626126520053], [121.00605024372908, 24.655261161377606], [121.00434366749872, 24.65641753142286], [121.00026684650393, 24.654761109466143], [120.99710652015139, 24.654667349732744], [120.99552635697512, 24.657230115778987], [120.9961268189821, 24.65807395337958], [120.99467306885994, 24.659542855869503], [120.99154434577093, 24.659605362358434], [120.99062785112869, 24.660386693470095], [120.99065945439222, 24.66476214769539], [120.9888896716348, 24.663011966005275], [120.9867722529786, 24.663762043872467], [120.985413312647, 24.666574835874446], [120.98320108420022, 24.667199900763773], [120.98320108420022, 24.669793920054484], [120.98174733407805, 24.671794127700334], [120.97991434479358, 24.67341929641259], [120.9775757032927, 24.673981854812983], [120.97653279559637, 24.675450757302904], [120.97751249676566, 24.67820104281595], [120.97555309442708, 24.684576704687096], [120.9735936920885, 24.685795581221285], [120.97163428974993, 24.68548304877662], [120.9705913820536, 24.684232918997967], [120.96439714240262, 24.683607854108637], [120.96676738716702, 24.686233126643817], [120.96518722399075, 24.687983308333937], [120.96645135453177, 24.68932719784599], [120.96645135453177, 24.69126489900291], [120.96980130046546, 24.693765158560222], [120.97179230606756, 24.69673421678453], [120.97356208882498, 24.69679672327346], [120.97406774104138, 24.699390742564177], [120.97217154522987, 24.70326614487801], [120.97337246924383, 24.704547527901134], [120.9758375237988, 24.704953820079197], [120.97665920865047, 24.70648522905805], [120.97454178999426, 24.708641702926233], [120.97577431727176, 24.709298021060025], [120.97387812146023, 24.711829533861806], [120.97176070280403, 24.712423345506668], [120.97030695268187, 24.710860683283347], [120.96856877318797, 24.71120446897248], [120.96635654474119, 24.709673059993623], [120.96392309344974, 24.711548254661608], [120.96227972374642, 24.710891936527812], [120.96227972374642, 24.709673059993623], [120.96092078341482, 24.70926676781556], [120.95956184308324, 24.706860267991647], [120.95678075589299, 24.706547735546984], [120.9547897502909, 24.704360008434335], [120.95295676100642, 24.704109982478602], [120.95327279364167, 24.706078936879987], [120.9509341521408, 24.70770410559224], [120.94976483139037, 24.71120446897248], [120.94815306495056, 24.711235722216944], [120.94543518428738, 24.709735566482557], [120.94518235817918, 24.70795413154797], [120.94192722203607, 24.70736031990311], [120.93778719451424, 24.709766819727022], [120.93541694974984, 24.712579611729], [120.93601741175682, 24.714704832352716], [120.9386088793659, 24.716611280265166], [120.93835605325769, 24.721174253957262], [120.93927254789993, 24.725424695204694], [120.93807162388596, 24.729581376718727], [120.94183241224549, 24.728550019651337], [120.9423380644619, 24.730456467563787], [120.93990461317044, 24.732487928454102], [120.94319135257707, 24.739051109792047], [120.94429746680046, 24.744426667840273], [120.94808985842351, 24.7452392521964], [120.95390485891218, 24.74339531077288], [120.95747602769056, 24.74530175868533], [120.95747602769056, 24.749614706421696], [120.95858214191395, 24.749208414243633], [120.96155284868533, 24.75139614135628], [120.96354385428744, 24.755521569625845], [120.96739945243753, 24.75645916695984], [120.96755746875516, 24.760615848473872], [120.96983290372899, 24.7651475689215], [120.97100222447942, 24.76574138056636], [120.9716026864864, 24.764678770254505], [120.9733408659803, 24.764241224831974], [120.97441537694017, 24.76499130269917], [120.97492102915658, 24.764053705365175], [120.97650119233285, 24.764428744298773], [120.97713325760336, 24.763116108031184], [120.97947189910423, 24.763303627497983], [120.98215817650389, 24.767522815500946], [120.98838401941839, 24.768054120656878], [120.98487605716707, 24.775992444751346], [120.98582415507283, 24.77689878884087], [120.99059624786517, 24.7771488147966], [120.99293488936604, 24.78055541844344], [120.996000405928, 24.77996160679858], [121.00671391226311, 24.774273516305694], [121.00819926564881, 24.774429782528024], [121.0135402171846, 24.770929419147787], [121.01704817943592, 24.76574138056636], [121.01695336964534, 24.764866289721304], [121.01834391324046, 24.763803679409445], [121.01932361440974, 24.758990679761617], [121.02087217432249, 24.75655292669324], [121.02826733798743, 24.75836561487229], [121.03060597948831, 24.761209660118734], [121.03275500140803, 24.762053497719325], [121.03351347973265, 24.76411621185411], [121.02987910442722, 24.76646020518909], [121.02931024568377, 24.771023178881187], [121.03032155011658, 24.772148295681976], [121.02814092493333, 24.773179652749366], [121.02962627831903, 24.777117561552135], [121.02750885966282, 24.777211321285534], [121.02779328903455, 24.77889899648672], [121.0259919030136, 24.778961502975655], [121.02494899531726, 24.77996160679858], [121.02697160418289, 24.78118048333277], [121.02754046292635, 24.782711892311625], [121.02327402235042, 24.784962125913204], [121.02333722887747, 24.785680950535934], [121.02494899531726, 24.786087242713997], [121.02453815289144, 24.7892438204051], [121.02352684845862, 24.790525203428224], [121.02213630486351, 24.790431443694825], [121.02061934821428, 24.794119326541864], [121.02314760929632, 24.796119534187714], [121.02061934821428, 24.798807313211825], [121.02570747364187, 24.798994832678623], [121.02131462001185, 24.801588851969335], [121.01815429365931, 24.80737070219562], [121.01515198362439, 24.808558325485343], [121.00829407543938, 24.816215370379613], [121.00036165629452, 24.82205972709483], [120.99274526978489, 24.82346612309582], [120.98768874762082, 24.825591343719537], [120.98389635599779, 24.83059186283416], [120.9814313014428, 24.831248180967957], [120.9775757032927, 24.829685518744636], [120.97463659978484, 24.829966797944834], [120.96736784917401, 24.83262332372448], [120.96329102817923, 24.832498310746615], [120.9552954025073, 24.834373505414597], [120.94480311901688, 24.841092952974876], [120.94312814605003, 24.846499764267566], [120.94044186865037, 24.849968874403338], [120.93566977585803, 24.852219108004917], [120.93124531896449, 24.85262540018298], [120.92520909563113, 24.85481312729563], [120.92694727512503, 24.85540693894049], [120.92780056324021, 24.859563620454523], [120.93352075393831, 24.861657587833772], [120.93924094463641, 24.867189412104327], [120.9429701297324, 24.872189931218955], [120.94379181458406, 24.8747526972652], [120.94654129851077, 24.8786593528235], [120.9473313800989, 24.883847391404924], [120.95172423372894, 24.890660598698602], [120.95257752184412, 24.895379838613028], [120.95886657128567, 24.902849364040502], [120.9644919521932, 24.91575695400513], [120.96626173495062, 24.921820083431612], [120.96967488741136, 24.928477024502957], [120.98203176344978, 24.939978218466596], [120.98737271498558, 24.93907187437707], [120.98993257933114, 24.936040309663827], [120.99274526978489, 24.93507145908537], [120.99268206325785, 24.936884147264422], [120.99419901990706, 24.93916563411047], [120.99906592248998, 24.94091581580059], [121.00311114022122, 24.940259497666794], [121.00424885770813, 24.94310354291324], [121.0070615481619, 24.946197614115412], [121.0095582059804, 24.944259912958493], [121.01196005400833, 24.944791218114425], [121.0126553258059, 24.943134796157704], [121.01594206521253, 24.94160338717885], [121.0179014675511, 24.94175965340118], [121.01935521767327, 24.940415763889128], [121.02118820695775, 24.941384614467584], [121.02592869648655, 24.940572030111458], [121.02877299020383, 24.94510375055909], [121.03092201212357, 24.943916127269365], [121.0379379366262, 24.94638513358221], [121.040813833607, 24.943291062380037], [121.04239399678328, 24.944166153225094], [121.04631280146043, 24.943541088335767], [121.04612318187928, 24.94263474424624], [121.04795617116375, 24.94125960148972], [121.04808258421785, 24.93991571197766], [121.05023160613757, 24.938665582199008], [121.05178016605032, 24.938634328954542], [121.05544614461927, 24.936259082375095], [121.05832204160008, 24.936821640775488], [121.05772157959309, 24.933290024150786], [121.05832204160008, 24.932571199528056], [121.05756356327547, 24.93053973863774], [121.06075549289153, 24.924507862455723], [121.0600918243575, 24.920694966630823], [121.06085030268211, 24.92035118094169], [121.0582272318095, 24.91391301258161], [121.05813242201893, 24.91035014271244], [121.05914372645174, 24.907193565021334], [121.05759516653899, 24.90581842226481], [121.06141916142556, 24.903818214618962], [121.06243046585838, 24.90459954573062], [121.0680558467659, 24.90319314972963], [121.07033128173973, 24.90206803292884], [121.0710581568008, 24.89953652012706], [121.07361802114636, 24.89991155906066], [121.0808867717572, 24.898380150081806], [121.08344663610276, 24.8988489487488], [121.08941965290906, 24.895379838613028], [121.09125264219354, 24.89337963096718], [121.1013024799946, 24.895161065901764], [121.10907688282185, 24.89772383194801], [121.11008818725466, 24.896098663235758], [121.11097307863338, 24.890973131143266], [121.10781275228084, 24.886003865273107], [121.11625082364212, 24.88169091753674], [121.12396201994231, 24.879940735846624], [121.12813365072766, 24.880972092914014], [121.12971381390393, 24.879659456646426], [121.1335378087905, 24.879503190424092], [121.13562362418318, 24.878003034689705], [121.13679294493362, 24.880972092914014], [121.13884715706277, 24.882347235670537], [121.14105938550955, 24.88144089158101], [121.1426079454223, 24.88169091753674], [121.14453574449735, 24.880253268291288], [121.14927623402615, 24.881222118869747], [121.1523417505881, 24.880222015046822], [121.15566009325828, 24.880722066958285], [121.15787232170506, 24.87728421006698], [121.15790392496858, 24.874471418065003], [121.15626055526526, 24.874471418065003], [121.15961050119896, 24.868189515927252], [121.16077982194939, 24.863126490323694], [121.15986332730715, 24.8624701721899], [121.16134868069285, 24.859626126943457], [121.15673460421814, 24.856157016807686], [121.15632376179231, 24.853750516983773], [121.15708224011692, 24.85256289369405], [121.15607093568411, 24.852094095027052], [121.15547047367713, 24.84987511466994], [121.15379550071027, 24.84900002382488], [121.15284740280453, 24.846155978578434], [121.15006631561428, 24.844562063110647], [121.15208892447991, 24.843811985243455], [121.15423794639963, 24.844155770932584], [121.15474359861604, 24.842311829509065], [121.15607093568411, 24.841905537331], [121.15629215852879, 24.840842927019146], [121.1601793599424, 24.837342563638906], [121.16650001264749, 24.83618619359365], [121.1688702574119, 24.833967213236534], [121.16940751289182, 24.834779797592663], [121.17206218702796, 24.8341859859478], [121.17449563831941, 24.832310791279816], [121.17629702434036, 24.83199825883515], [121.1737371599948, 24.82765405785432], [121.17683427982028, 24.827279018920724], [121.18590441645208, 24.823809908784952], [121.1965231129966, 24.8178092858474], [121.19892496102453, 24.81493398735649], [121.19971504261267, 24.815184013312223], [121.19933580345037, 24.816090357401748], [121.20082115683606, 24.81784053909187], [121.20331781465457, 24.817309233935937], [121.20233811348528, 24.816715422291075], [121.20341262444514, 24.814121403000364], [121.20565645615545, 24.81305879268851], [121.2057196626825, 24.81218370184345], [121.20426591256033, 24.81190242264325], [121.20284376570169, 24.8099022149974], [121.20464515172263, 24.80727694246222], [121.20764746175755, 24.806995663262022], [121.20960686409612, 24.809527176063803], [121.21488460910486, 24.811964929132184], [121.21703363102459, 24.812433727799178], [121.2196567018972, 24.811683649931986], [121.21877181051848, 24.808527072240878], [121.2199095280054, 24.80746446192902], [121.21962509863367, 24.804089111526647], [121.22085762591117, 24.802995247970323], [121.2215212944452, 24.79952613783455], [121.22806316999495, 24.802745222014593], [121.23823942085012, 24.804651669927043], [121.24089409498626, 24.805870546461232], [121.24345395933182, 24.808683338463208], [121.24541336167039, 24.806964410017557], [121.24743597053602, 24.803495299881785], [121.24753078032658, 24.801088800057872], [121.24664588894788, 24.800182455968347], [121.24781520969832, 24.796619586099176], [121.25356700365994, 24.793650527874867], [121.25777023770881, 24.79283794351874], [121.25976124331092, 24.793681781119332], [121.26029849879085, 24.793212982452335], [121.26121499343309, 24.79030643071696], [121.26042491184495, 24.787931184137513], [121.25859192256047, 24.78639977515866], [121.2584971127699, 24.785087138891072], [121.26004567268264, 24.781930561199964], [121.26507059158318, 24.781242989821703], [121.26601868948894, 24.779805340576246], [121.26782007550989, 24.779930353554114], [121.27117002144358, 24.77786763941933], [121.27129643449769, 24.774804821461622], [121.27354026620799, 24.774586048750358], [121.2774274676216, 24.77089816590332], [121.28428537580662, 24.77036686074739], [121.28817257722024, 24.768522919323875], [121.29171214273508, 24.76802286741241], [121.29262863737732, 24.767522815500946], [121.29389276791834, 24.764053705365175], [121.30154075769148, 24.763022348297785], [121.30378458940179, 24.75792806944976], [121.30770339407893, 24.754990264469917], [121.30511192646985, 24.750208518066557], [121.30526994278748, 24.74627060926379], [121.30084548589392, 24.74139510312703], [121.30021342062341, 24.737707220279994], [121.29809600196721, 24.733238006321297], [121.29866486071067, 24.730737746763985], [121.30526994278748, 24.726112266582955], [121.30760858428836, 24.71989287093414], [121.30640766027439, 24.713079663640464], [121.30327893718538, 24.7083916769705], [121.30226763275256, 24.701922255365954], [121.29948654556233, 24.695577846739273], [121.3008138826304, 24.69395267802702], [121.30387939919235, 24.692921320959627], [121.31317075866882, 24.697640560874056], [121.31816407430584, 24.697984346563185], [121.31939660158332, 24.696359177850933], [121.32303097688875, 24.69535907402801], [121.32938323285735, 24.69132740549184], [121.33899062496907, 24.67907613366101], [121.33984391308425, 24.670137705743617], [121.33908543475964, 24.666731102096776], [121.34041277182772, 24.666418569652112], [121.34243538069333, 24.668856322720494], [121.34404714713313, 24.669325121387487], [121.34483722872126, 24.666731102096776], [121.3457537233635, 24.666481076141046], [121.34828198444553, 24.6678249656531], [121.3513475010075, 24.666074783962983], [121.35352812619075, 24.667793712408635], [121.3530856805014, 24.660199174003296], [121.35381255556247, 24.65904280395804], [121.35286445765671, 24.656230011956062], [121.35349652292722, 24.65566745355567], [121.35220078912268, 24.65276090182029], [121.35302247397433, 24.648791739773056], [121.35239040870383, 24.6435411947027], [121.35592997421868, 24.641072188389856], [121.3580789961384, 24.63354015647345], [121.36098649638274, 24.63379018242918], [121.36639065444558, 24.63178997478333], [121.36556896959392, 24.63085237744934], [121.36307231177541, 24.62066381975329], [121.36190299102498, 24.62072632624222], [121.35883747446302, 24.617350975839848], [121.35950114299705, 24.61385061245961], [121.36111290943684, 24.612444216458623], [121.36120771922742, 24.61010022312364], [121.3636727737824, 24.607881242766528], [121.3643048390529, 24.60584978187621], [121.3632935346201, 24.603130749607633], [121.36733875235134, 24.598755295382336], [121.37198443208958, 24.596848847469886], [121.37277451367771, 24.593754776267712], [121.38304557432346, 24.589441828531346], [121.38756484100759, 24.586472770307036], [121.39132562936712, 24.58644151706257], [121.39458076551023, 24.587441620885496], [121.39571848299714, 24.588941776619883], [121.40305044013503, 24.591723315377394]]]}}, {"type": "Feature", "properties": {"COUNTYID": "T", "name": "\u5c4f\u6771\u7e23", "tree2pv_total": 34.5, "pv_new_total": 271.3, "tree_loss_total": 754.9, "tree_pct0": 56.88, "tree_pctN": 64.34, "pv_water": 31.9, "pv_farm": 176.0, "pv_bare": 28.9, "pv_tree": 34.5}, "geometry": {"type": "MultiPolygon", "coordinates": [[[[120.37964195739232, 22.355991219228315], [120.38507771871869, 22.351897044203213], [120.38849087117943, 22.350678167669024], [120.38896492013231, 22.349459291134835], [120.38801682222655, 22.342739843574556], [120.37676606041151, 22.33573911681408], [120.37553353313402, 22.3335826429459], [120.3715199186663, 22.331144889877518], [120.36737989114447, 22.326331890229692], [120.36314505383207, 22.323612857961113], [120.35988991768896, 22.32223771520459], [120.35464377594374, 22.323269072271984], [120.35319002582158, 22.324988000717635], [120.35363247151092, 22.329425961431866], [120.3603323633783, 22.33470775974669], [120.36175451023695, 22.338801934771787], [120.36323986362264, 22.34002081130598], [120.36295543425092, 22.344083733086613], [120.36093282538529, 22.345958927754594], [120.36150168412875, 22.346990284821988], [120.36384032562962, 22.348334174334042], [120.367411494408, 22.35211581691448], [120.37208877740976, 22.353209680470805], [120.37695567999266, 22.355709940028117], [120.37964195739232, 22.355991219228315]]], [[[120.4244237818078, 22.468721672018653], [120.42394973285492, 22.479972840026562], [120.42575111887587, 22.498193481550476], [120.42366530348319, 22.506538097823007], [120.42284361863153, 22.51844558396471], [120.42515065686888, 22.52847787543843], [120.43068122798583, 22.543479432782306], [120.43128168999282, 22.544698309316495], [120.43659103826508, 22.547573607807404], [120.43902448955653, 22.55501187999041], [120.44199519632792, 22.560074905593968], [120.44702011522845, 22.58617136472342], [120.44578758795096, 22.598828928732317], [120.442722071389, 22.60332939593548], [120.43757073943436, 22.607267304738247], [120.43463163592651, 22.61342419389813], [120.43368353802074, 22.617612128656628], [120.43371514128427, 22.62464410866157], [120.43580095667694, 22.630457212132324], [120.43532690772406, 22.640239477650308], [120.43618019583924, 22.64814654850031], [120.43605378278514, 22.6613666709096], [120.4366226415286, 22.66502330051217], [120.44000419072582, 22.67305538434004], [120.43965655482704, 22.67855595536613], [120.44262726159843, 22.684556578303678], [120.44752576744486, 22.688306967639647], [120.4528035124536, 22.704183615828583], [120.45602704533319, 22.722966815752894], [120.45372000709584, 22.75659530679875], [120.45409924625814, 22.771221825209032], [120.45574261596147, 22.775097227522867], [120.45599544206966, 22.78019150637089], [120.45744919219183, 22.78550455793018], [120.46402267100511, 22.800287342562793], [120.46550802439081, 22.81275738710489], [120.46734101367528, 22.815476419373468], [120.46753063325643, 22.822352133156077], [120.46920560622328, 22.825008658935722], [120.46876316053392, 22.830665496184142], [120.47416731859677, 22.83688489183296], [120.47622153072591, 22.838197528100547], [120.4790658244432, 22.836759878855094], [120.48036155824774, 22.83772872943355], [120.48168889531581, 22.837322437255487], [120.48225775405926, 22.835978547743434], [120.49082223847465, 22.835259723120707], [120.49278164081322, 22.835697268543235], [120.49148590700868, 22.836947398321893], [120.49265522775912, 22.837291184011022], [120.49395096156366, 22.836759878855094], [120.49638441285511, 22.832540690852127], [120.49771174992318, 22.831728106496], [120.50343194062127, 22.831728106496], [120.50896251173822, 22.829602885872287], [120.51000541943456, 22.82850902231596], [120.5156624036056, 22.831571840273668], [120.51992884418154, 22.831446827295803], [120.52008686049916, 22.83235317138533], [120.52343680643285, 22.83288447654126], [120.52432169781156, 22.83197813245173], [120.53057914398958, 22.833009489519124], [120.52975745913793, 22.831696853251536], [120.53102158967894, 22.830821762406476], [120.53402389971386, 22.830540483206278], [120.53642574774179, 22.829259100183155], [120.54407373751492, 22.82982165858355], [120.54805574871912, 22.82844651582703], [120.55225898276801, 22.828290249604695], [120.55421838510658, 22.828821554760626], [120.55756833104027, 22.8321031454296], [120.56357295111009, 22.835290976365172], [120.56670167419911, 22.83835379432288], [120.57068368540331, 22.8443856705049], [120.57482371292514, 22.848229819574264], [120.59523942116253, 22.863668922340672], [120.60231855219222, 22.87066964910115], [120.60582651444354, 22.873232415147392], [120.61293724873676, 22.876076460393836], [120.61676124362333, 22.876795285016563], [120.62061684177343, 22.875576408482374], [120.62602099983627, 22.87829544075095], [120.63436426140697, 22.88073319381933], [120.64504616447854, 22.885202407778028], [120.64649991460071, 22.88379601177704], [120.64842771367577, 22.877139070705695], [120.65105078454837, 22.877201577194626], [120.65234651835291, 22.879483064040674], [120.65487477943495, 22.881483271686527], [120.65648654587474, 22.88135825870866], [120.65803510578749, 22.87970183675194], [120.65841434494979, 22.874326278703716], [120.65967847549081, 22.86995082447842], [120.65863556779446, 22.866075422164585], [120.65948885590966, 22.86191874065055], [120.6609110027683, 22.859668507048973], [120.66855899254143, 22.858699656470513], [120.66988632960951, 22.856886968291462], [120.67213016131981, 22.85635566313553], [120.67671263453099, 22.857262007225057], [120.6792092923495, 22.862950097717945], [120.68404459166888, 22.86351265611834], [120.68622521685214, 22.864669026163597], [120.69055486395511, 22.864856545630396], [120.69200861407728, 22.868450668744032], [120.69791842435653, 22.873076148925062], [120.70139478334433, 22.8764827525719], [120.70253250083124, 22.87926429132941], [120.70455510969686, 22.880670687330397], [120.70825269152932, 22.881639537908857], [120.71713320857997, 22.880983219775064], [120.72051475777718, 22.882014576842455], [120.72503402446131, 22.88082695355273], [120.73321926971438, 22.875326382526644], [120.74266864550847, 22.87354494759206], [120.74633462407742, 22.86916949336676], [120.74658745018563, 22.86776309736577], [120.74924212432177, 22.86566912998652], [120.7552783476551, 22.864419000207867], [120.75657408145965, 22.862231273095215], [120.7587547066429, 22.860949890072096], [120.76213625584012, 22.85682446180253], [120.76400084838812, 22.849261176641658], [120.76592864746317, 22.848729871485727], [120.76852011507225, 22.845198254861025], [120.76991065866737, 22.844573189971694], [120.77152242510716, 22.841885410947583], [120.77291296870227, 22.841104079835922], [120.77439832208798, 22.837634969700154], [120.77872796919095, 22.835197216631773], [120.78207791512465, 22.836478599654896], [120.78583870348416, 22.839885203301733], [120.79019995385066, 22.840135229257466], [120.79266500840565, 22.841104079835922], [120.79171691049989, 22.848386085796598], [120.79332867693968, 22.8520114621547], [120.80110307976693, 22.851042611576244], [120.80707609657323, 22.85488676064561], [120.81380759170413, 22.85766829940312], [120.81418683086643, 22.860449838160633], [120.81589340709681, 22.86210626011735], [120.81908533671287, 22.862356286073084], [120.82433147845809, 22.866356701364783], [120.82831348966229, 22.865794142964386], [120.83305397919109, 22.86629419487585], [120.83485536521204, 22.86482529238593], [120.83725721323997, 22.86423148074107], [120.84095479507245, 22.8603873316717], [120.84161846360648, 22.858887175937312], [120.84120762118064, 22.857293260469525], [120.84297740393806, 22.854230442511817], [120.84718063798694, 22.85194895566577], [120.84838156200091, 22.851917702421304], [120.85318525805677, 22.857637046158654], [120.85618756809168, 22.855105533356877], [120.85700925294334, 22.853011565977628], [120.85991675318768, 22.85148015699877], [120.85972713360653, 22.848761124730196], [120.86250822079676, 22.846823423573277], [120.86459403618943, 22.843073034237307], [120.86399357418246, 22.839447657879205], [120.86525770472346, 22.836134813965764], [120.86456243292591, 22.83216565191853], [120.86165493268157, 22.826977613337107], [120.86197096531683, 22.826102522492047], [120.86506808514231, 22.82478988622446], [120.86863925392069, 22.81685156212999], [120.87170477048265, 22.814820101239672], [120.87473868378109, 22.815257646662204], [120.87729854812665, 22.81303866630509], [120.88112254301322, 22.814538822039477], [120.89120398407782, 22.8116322703041], [120.89439591369388, 22.808538199101925], [120.8965449356136, 22.807975640701528], [120.89932602280383, 22.804725303277024], [120.9009061859801, 22.804287757854492], [120.90365566990681, 22.798193375183544], [120.90169626756824, 22.787536018820497], [120.90419292538675, 22.78319181783967], [120.90324482748099, 22.78047278557109], [120.9038768927515, 22.775816052145593], [120.90318162095393, 22.77384709774421], [120.90115901208831, 22.772096916054092], [120.90033732723666, 22.76940913702998], [120.89354262557869, 22.7667838644948], [120.89202566892948, 22.763596033559228], [120.8948067561197, 22.762595929736303], [120.89445912022093, 22.759158072844997], [120.89562844097136, 22.75575146919816], [120.89414308758568, 22.7510634825282], [120.89537561486317, 22.74818818403729], [120.89414308758568, 22.74328142465606], [120.89566004423489, 22.74181252216614], [120.89471194632914, 22.737593334163176], [120.8923100983012, 22.73521808758373], [120.89142520692249, 22.72937373086851], [120.88832808709701, 22.726717205088864], [120.88728517940066, 22.722373004108032], [120.88352439104115, 22.717059952548745], [120.87944757004637, 22.716091101970285], [120.87549716210569, 22.717153712282144], [120.86911330287357, 22.71596608899242], [120.86718550379852, 22.716872433081946], [120.86140210657337, 22.716684913615147], [120.85858941611961, 22.713653348901907], [120.8550814538683, 22.717434991482342], [120.84869759463616, 22.716966192815345], [120.84424153447908, 22.71065303743313], [120.84272457782987, 22.710184238766136], [120.8425349582487, 22.70884034925408], [120.84335664310038, 22.70762147271989], [120.84022792001136, 22.706683875385895], [120.83969066453143, 22.70396484311732], [120.8380472948281, 22.701745862760202], [120.83830012093631, 22.69908933698056], [120.8367831642871, 22.69708912933471], [120.83498177826614, 22.69655782417878], [120.82869272882459, 22.697682940979572], [120.82597484816141, 22.695838999556052], [120.81987541830101, 22.69558897360032], [120.81895892365877, 22.694776389244193], [120.8188641138682, 22.690869733685894], [120.81633585278617, 22.69186983750882], [120.81146895020325, 22.692057356975617], [120.80928832502, 22.688400727373047], [120.80802419447899, 22.689182058484707], [120.79768992730618, 22.689119551995773], [120.78915704615433, 22.693276233509806], [120.78672359486288, 22.69274492835388], [120.7895046820531, 22.686494279460597], [120.78928345920843, 22.68383775368095], [120.79159049744578, 22.679181020255456], [120.78624954591, 22.672055280517114], [120.7863759589641, 22.662991839621856], [120.78131943680003, 22.654553463615926], [120.77382946334451, 22.646208847343395], [120.76763522369353, 22.636207809114143], [120.76131457098846, 22.63005091995426], [120.76103014161673, 22.62580047870683], [120.75865989685232, 22.623831524305444], [120.75489910849281, 22.6169870637673], [120.75287649962718, 22.612080304386073], [120.75407742364115, 22.60854868776137], [120.75445666280345, 22.600329084466704], [120.7457973685975, 22.589546715125792], [120.74668225997621, 22.58401489085524], [120.74908410800414, 22.578639332807015], [120.74876807536889, 22.572326177424802], [120.74794639051721, 22.571076047646145], [120.74153092802156, 22.568669547822232], [120.73963473221004, 22.562543911906815], [120.74001397137235, 22.559262321237842], [120.73906587346659, 22.553667990478356], [120.73947671589241, 22.55144901012124], [120.74396437931303, 22.543104393848708], [120.7480412003078, 22.53838515393428], [120.75003220590989, 22.53400969970898], [120.7499057928558, 22.529384219527955], [120.75167557561322, 22.525321297747322], [120.75132793971444, 22.521977200589415], [120.75309772247186, 22.517976785297716], [120.75388780406, 22.51078853907044], [120.75847027727117, 22.507350682179137], [120.76270511458358, 22.501100033285855], [120.7643484842869, 22.495411942792966], [120.7638428320705, 22.491161501545534], [120.76046128287328, 22.488536229010357], [120.75853348379823, 22.488411216032492], [120.75745897283836, 22.48181678145008], [120.75082228749802, 22.479160255670433], [120.75205481477552, 22.47797263238071], [120.75442505953993, 22.472440808110157], [120.75417223343172, 22.469409243396914], [120.75177038540379, 22.46456499050462], [120.75107511360623, 22.459908257079125], [120.75161236908616, 22.458408101344737], [120.75423543995878, 22.457314237788413], [120.75654247819612, 22.457407997521813], [120.75815424463592, 22.458533114322602], [120.76545459851029, 22.452876277074182], [120.77193326753299, 22.451844920006792], [120.77588367547366, 22.450344764272405], [120.77645253421713, 22.448938368271417], [120.77512519714905, 22.443312784267462], [120.77683177337943, 22.44003119359849], [120.78024492584017, 22.43715589510758], [120.7827731869222, 22.43324923954928], [120.78476419252429, 22.428123707456788], [120.78685000791698, 22.425185902476944], [120.78805093193094, 22.419872850917656], [120.78963109510721, 22.41765387056054], [120.78666038833582, 22.415903688870422], [120.78460617620667, 22.41287212415718], [120.78343685545623, 22.41262209820145], [120.78299440976687, 22.411340715178326], [120.78033973563075, 22.40946552051034], [120.77727421906879, 22.408902962109945], [120.77610489831834, 22.409684293221606], [120.77474595798675, 22.40902797508781], [120.77341862091869, 22.40693400770856], [120.77060593046492, 22.40687150121963], [120.7683304954911, 22.408621682909747], [120.76624468009842, 22.40905922833228], [120.7581226413724, 22.404902546818246], [120.75341375510712, 22.405058813040576], [120.7554995704998, 22.40302735215026], [120.75758538589247, 22.398058086280102], [120.75379299426942, 22.396432917567846], [120.75227603762019, 22.393932658010534], [120.7524024506743, 22.39205746334255], [120.75647927166908, 22.388369580495514], [120.75050625486277, 22.384087886003616], [120.74864166231478, 22.380368749912112], [120.74876807536889, 22.373243010173773], [120.74753554809139, 22.371399068750254], [120.74424880868474, 22.36952387408227], [120.74345872709661, 22.36724238723622], [120.75243405393782, 22.36055419292041], [120.75840707074413, 22.359460329364087], [120.76103014161673, 22.360429179942543], [120.76317916353646, 22.358960277452624], [120.76359000596229, 22.352240829892345], [120.76678193557835, 22.347990388644913], [120.76795125632879, 22.34739657700005], [120.77503038735848, 22.3493030249125], [120.77910720835325, 22.34792788215598], [120.78106661069182, 22.34636521993266], [120.78504862189602, 22.345521382332066], [120.78653397528173, 22.342146031929694], [120.7884933776203, 22.341583473529298], [120.78925185594491, 22.338395642593724], [120.7924753888245, 22.33564535708068], [120.79339188346673, 22.32364411120558], [120.79484563358889, 22.32301904631625], [120.79677343266395, 22.318299806401825], [120.79294943777738, 22.312392943197672], [120.7871344372887, 22.3092051122621], [120.78321563261156, 22.309455138217828], [120.77815911044749, 22.308517540883837], [120.77686337664295, 22.30257942443522], [120.77774826802167, 22.297985197498658], [120.7815406596447, 22.294609847096286], [120.7898839212154, 22.293297210828698], [120.79114805175642, 22.290640685049052], [120.7911164484929, 22.28810917224727], [120.79339188346673, 22.285733925667824], [120.79898566111072, 22.285390139978695], [120.8006922373411, 22.284233769933437], [120.8056855529781, 22.28379622451091], [120.80581196603221, 22.281295964953596], [120.8071709063638, 22.280295861130668], [120.8067916672015, 22.27717053668403], [120.80009177533411, 22.277295549661893], [120.79819557952258, 22.276451712061302], [120.79620457392049, 22.267950829566438], [120.7995861231177, 22.265013024586594], [120.7985748186849, 22.26357537534114], [120.79885924805663, 22.259949998983036], [120.79791115015087, 22.257949791337186], [120.79971253617181, 22.257168460225525], [120.80669685741093, 22.259793732760706], [120.80802419447899, 22.259387440582643], [120.81257506442664, 22.262137726095684], [120.81393400475824, 22.261887700139955], [120.81519813529926, 22.26323158965201], [120.8212343586326, 22.258731122448847], [120.82591164163436, 22.256637155069598], [120.83460253910384, 22.245354733817223], [120.8359298761719, 22.245479746795088], [120.83975387105848, 22.24372956510497], [120.84130243097123, 22.244573402705562], [120.84490520301311, 22.24285447425991], [120.85084661655588, 22.243667058616037], [120.85865262264666, 22.240823013369596], [120.85915827486306, 22.23844776679015], [120.86162332941805, 22.23747891621169], [120.86430960681771, 22.234291085276116], [120.8623186012156, 22.231353280296272], [120.8666798515821, 22.22979061807295], [120.86867085718421, 22.231290773807338], [120.87085148236746, 22.231415786785206], [120.87145194437444, 22.23294719576406], [120.87473868378109, 22.234259832031647], [120.88086971690501, 22.235009909898842], [120.88403004325755, 22.240604240658328], [120.89139360365897, 22.244292123505364], [120.89224689177415, 22.245511000039556], [120.8962921095054, 22.246448597373547], [120.89926281627679, 22.233916046342518], [120.89863075100628, 22.232822182786194], [120.89894678364153, 22.22982187131742], [120.89648172908656, 22.228477981805362], [120.8941746908492, 22.22060216419983], [120.89420629411272, 22.216445482685796], [120.89638691929598, 22.2035066394767], [120.89363743536927, 22.19797481520615], [120.8906983318614, 22.195318289426503], [120.89237330482825, 22.185442264175116], [120.89227849503767, 22.18147310212788], [120.89395346800453, 22.177378927102783], [120.89420629411272, 22.17262843394389], [120.89208887545652, 22.162439876247838], [120.89341621252458, 22.160408415357523], [120.89398507126805, 22.155782935176493], [120.8925629244094, 22.150313617394872], [120.89705058783001, 22.144000462012656], [120.8965449356136, 22.140750124588152], [120.89104596776019, 22.134624488672735], [120.88785403814413, 22.133311852405146], [120.88665311413016, 22.128592612490717], [120.88750640224534, 22.122685749286564], [120.88839129362405, 22.122154444130636], [120.88813846751584, 22.120591781907315], [120.89246811461882, 22.109746906077472], [120.90065335987191, 22.105902757008103], [120.90096939250716, 22.104996412918577], [120.90191749041293, 22.105621477807905], [120.90188588714939, 22.104340094784785], [120.90005289786492, 22.103433750695256], [120.89882037058743, 22.100995997626878], [120.89821990858044, 22.0980894458915], [120.89859914774276, 22.0940890305998], [120.89407988105863, 22.088588459573714], [120.89297376683524, 22.06799257147035], [120.8941746908492, 22.055991325595247], [120.893921864741, 22.048334280700978], [120.89929441954031, 22.036926846470738], [120.90122221861536, 22.034364080424492], [120.90106420229773, 22.033238963623702], [120.88924458173923, 22.025769438196228], [120.88712716308304, 22.02036262690354], [120.88706395655599, 22.016455971345238], [120.8837140106223, 22.013268140409664], [120.87821504276887, 22.010736627607887], [120.87903672762054, 22.004454725470136], [120.87578159147742, 21.998829141466185], [120.86728031358909, 21.994984992396816], [120.86159172615453, 21.990828310882783], [120.85577672566585, 21.988984369459263], [120.8516050948805, 21.989046875948198], [120.84667498577053, 21.987140428035747], [120.84417832795204, 21.98023346100867], [120.8455056650201, 21.976358058694835], [120.84452596385081, 21.973826545893058], [120.84449436058729, 21.968263468378037], [120.84165006687, 21.959887598861037], [120.8413972407618, 21.9564809952142], [120.84294580067454, 21.954230761612617], [120.84234533866756, 21.94994906712072], [120.84329343657332, 21.946229931029215], [120.84876080116321, 21.93604137333317], [120.84891881748084, 21.93382239297605], [120.85495504081419, 21.928603101150163], [120.86257142732381, 21.91757070585352], [120.86291906322259, 21.913757810028617], [120.86190775878978, 21.90966363500352], [120.86332990564841, 21.905600713222885], [120.86715390053499, 21.902725414731975], [120.86690107442679, 21.900537687619327], [120.86491006882468, 21.89816244103988], [120.85858941611961, 21.895599674993633], [120.85324846458381, 21.8956309282381], [120.85113104592762, 21.89634975286083], [120.84790751304803, 21.899943875974465], [120.84661177924349, 21.902912934198774], [120.84594811070946, 21.906038258645413], [120.84613773029061, 21.913695303539683], [120.8451264258578, 21.914757913851542], [120.84146044728885, 21.914914180073875], [120.8355506370096, 21.917164413675454], [120.83276954981936, 21.92338380932427], [120.82357300013348, 21.931447146396604], [120.82221405980188, 21.934353698131982], [120.81857968449647, 21.934759990310045], [120.81304911337952, 21.933509860531387], [120.81007840660814, 21.934384951376448], [120.80732892268142, 21.936260146044432], [120.80514829749818, 21.939197951024276], [120.8029360690514, 21.93985426915807], [120.80268324294319, 21.938010327734553], [120.80148231892923, 21.937135236889493], [120.79914367742835, 21.93741651608969], [120.79661541634633, 21.942167009248582], [120.79430837810897, 21.94316711307151], [120.78302601303041, 21.943542152005104], [120.77759025170404, 21.949292748986924], [120.7728181589117, 21.950386612543248], [120.77016348477557, 21.9523868201891], [120.76596025072669, 21.958231176904317], [120.7664659029431, 21.95866872232685], [120.76466451692215, 21.959106267749377], [120.76134617425198, 21.958856241793647], [120.76065090245443, 21.95723107308139], [120.75853348379823, 21.9562934757474], [120.75755378262893, 21.957387339303725], [120.75597361945267, 21.956699767925464], [120.75581560313505, 21.955668410858074], [120.75508872807396, 21.956418488725266], [120.75316092899891, 21.955230865435542], [120.75328734205301, 21.95366820321222], [120.7547726954387, 21.954074495390287], [120.7526552767825, 21.950761651476846], [120.75113832013328, 21.950855411210245], [120.74845204273363, 21.949449015209257], [120.74902090147708, 21.945011054495026], [120.74848364599715, 21.941823223559453], [120.74718791219262, 21.941885730048387], [120.74601859144217, 21.943354632538306], [120.74538652617166, 21.94247954169325], [120.74535492290813, 21.93897917831301], [120.74684027629382, 21.934166178665183], [120.74620821102333, 21.932572263197397], [120.74709310240203, 21.9318221853302], [120.74570255880691, 21.93116586719641], [120.74522850985403, 21.93244725021953], [120.7440591891036, 21.9321972242638], [120.74383796625892, 21.929540698484153], [120.74181535739329, 21.92738422461597], [120.7402035909535, 21.926915425948977], [120.73966633547357, 21.919445900521502], [120.72873160629378, 21.918320783720713], [120.72661418763758, 21.919070861587908], [120.72335905149447, 21.92147736141182], [120.71902940439149, 21.927259211638106], [120.71928223049969, 21.93288479564206], [120.71602709435658, 21.934853750043445], [120.71264554515936, 21.93332234106459], [120.71059133303021, 21.93410367217625], [120.70992766449618, 21.941479437870324], [120.71141301788187, 21.95166799556637], [120.71150782767245, 21.963919267397205], [120.71501578992377, 21.971138766868947], [120.71416250180857, 21.978764558518748], [120.7100856808138, 21.98564027230136], [120.70695695772478, 21.987515466969345], [120.7055980173932, 21.99354734315136], [120.70471312601448, 21.994703713196618], [120.70069951154676, 21.99598509621974], [120.69384160336175, 22.002579530802155], [120.69317793482772, 22.007611303161244], [120.69093410311741, 22.012955607965], [120.68894309751532, 22.01564338698911], [120.68511910262875, 22.0254256525071], [120.68714171149436, 22.032770164956705], [120.68951195625877, 22.036020502381213], [120.69346236419945, 22.039833398206113], [120.69384160336175, 22.0415210734073], [120.69542176653802, 22.04186485909643], [120.69614864159911, 22.040614729317774], [120.69690711992371, 22.040958515006903], [120.69643307097084, 22.04308373563062], [120.69488451105809, 22.042864962919356], [120.69542176653802, 22.04605279385493], [120.69441046210521, 22.048271774212044], [120.69757078845775, 22.054991221772323], [120.69968820711395, 22.056116338573112], [120.70221646819599, 22.05552252692825], [120.70449190316981, 22.05605383208418], [120.70594565329198, 22.059929234398016], [120.70483953906859, 22.067867558492484], [120.7057244304473, 22.070742856983394], [120.7033541856829, 22.078306142144264], [120.70066790828324, 22.080118830323315], [120.69930896795164, 22.08277535610296], [120.69978301690452, 22.084150498859483], [120.70133157681727, 22.086150706505332], [120.70768383278588, 22.087932141439918], [120.71274035494993, 22.090838693175293], [120.71451013770735, 22.090776186686362], [120.71684877920823, 22.093276446243674], [120.71561625193074, 22.09687056935731], [120.71586907803895, 22.104840146696247], [120.7151738062414, 22.106496568652965], [120.71248752884173, 22.108340510076484], [120.71311959411224, 22.111465834523123], [120.71179225704417, 22.11462241221423], [120.70970644165149, 22.115903795237355], [120.71059133303021, 22.117278937993877], [120.70904277311746, 22.122748255775498], [120.70231127798655, 22.129842742269375], [120.70205845187836, 22.133311852405146], [120.69851888636352, 22.136812215785383], [120.69760239172128, 22.140468845387954], [120.69807644067416, 22.144125474990524], [120.69994103322215, 22.148344662993487], [120.69817125046472, 22.152345078285187], [120.69608543507205, 22.15422027295317], [120.69460008168636, 22.15740810388875], [120.696022228545, 22.159689590734796], [120.69545336980154, 22.166471544784006], [120.69396801641585, 22.167409142117997], [120.69381000009822, 22.172472167721555], [120.69109211943504, 22.175097440256735], [120.69159777165144, 22.177628953058512], [120.69106051617152, 22.18141059563895], [120.68900630404237, 22.188036283465827], [120.68455024388528, 22.19491199724844], [120.6838233688242, 22.19838110738421], [120.68578277116278, 22.2032253602765], [120.68486627652054, 22.210288593525913], [120.68217999912088, 22.214382768551012], [120.68034700983641, 22.215257859396072], [120.68037861309993, 22.216820521619393], [120.67845081402488, 22.21850819682058], [120.67664942800394, 22.222289839401014], [120.67557491704407, 22.22319618349054], [120.6739947538678, 22.22319618349054], [120.67254100374564, 22.22529015086979], [120.67219336784686, 22.22694657282651], [120.67380513428665, 22.22919680642809], [120.67200374826571, 22.233259728208722], [120.66994953613656, 22.235509961810305], [120.66757929137215, 22.23660382536663], [120.6652722531348, 22.239510377102004], [120.66403972585731, 22.23929160439074], [120.65790869273339, 22.24285447425991], [120.65790869273339, 22.247104915507343], [120.6528205673058, 22.251011571065643], [120.65041871927787, 22.251792902177304], [120.64928100179095, 22.255762064224538], [120.6505767355955, 22.262356498806952], [120.6520936922447, 22.26566934272039], [120.6520936922447, 22.2682633620111], [120.64893336589218, 22.275482861482843], [120.64801687124994, 22.280077088419404], [120.64412966983632, 22.287546613846878], [120.64387684372811, 22.29001562015972], [120.64270752297767, 22.29107823047158], [120.6427391262412, 22.30164182710123], [120.63755619102304, 22.308986339550835], [120.63616564742792, 22.31276798213127], [120.63047705999334, 22.31911239075795], [120.62026920587465, 22.32851961734234], [120.60658499276815, 22.339364493172184], [120.6051628459095, 22.34114592810677], [120.60513124264598, 22.342646083841156], [120.598937002995, 22.355741193272582], [120.59015129573494, 22.36333573167792], [120.59132061648539, 22.364304582256377], [120.58560042578729, 22.369398861104404], [120.57416004439109, 22.376024548931284], [120.56847145695653, 22.380993814801442], [120.54960430863187, 22.392432502276147], [120.5175269961536, 22.408996721843344], [120.51755859941713, 22.411496981400656], [120.51582041992323, 22.411090689222593], [120.50855166931238, 22.412153299534452], [120.49926030983592, 22.417872643271807], [120.47637954704354, 22.428936291812914], [120.45855530641522, 22.439374875464694], [120.4470833217555, 22.44934466044948], [120.43975136461762, 22.45681418587695], [120.4384872340766, 22.45934569867873], [120.43599057625809, 22.459470711656596], [120.43507408161585, 22.46450248401569], [120.43311467927728, 22.468346633085055], [120.4244237818078, 22.468721672018653]]]]}}]}